TrainNum,Station,IsPassing,ArrTime,DepTime
123M,門司港,FALSE,,5:04:00
123M,小森江,FALSE,5:09:15,5:09:45
123M,門司,FALSE,5:11:30,5:12:00
123M,北九州（タ）,TRUE,↓,5:13:30
123M,東小倉,TRUE,↓,5:15:45
123M,小倉[5],FALSE,5:17:45,5:18:15
123M,西小倉[4],FALSE,5:20:30,5:21:00
123M,九州工大前,FALSE,5:24:15,5:24:45
123M,戸畑,FALSE,5:27:00,5:27:30
123M,枝光,FALSE,5:29:45,5:30:15
123M,スペースワールド,FALSE,5:32:00,5:32:30
123M,八幡,FALSE,5:34:15,5:34:45
123M,黒崎,FALSE,5:37:00,5:37:30
123M,陣原,FALSE,5:40:15,5:40:45
123M,折尾[3],FALSE,5:43:30,5:44:00
123M,水巻,FALSE,5:46:45,5:47:15
123M,遠賀川,FALSE,5:49:00,5:49:30
123M,海老津,FALSE,5:54:15,5:54:45
123M,教育大前,FALSE,5:58:30,5:59:00
123M,赤間,FALSE,6:01:15,6:01:45
123M,東郷,FALSE,6:05:00,6:05:30
123M,東福間,FALSE,6:08:45,6:09:15
123M,福間,FALSE,6:11:30,6:12:00
123M,千鳥,FALSE,6:14:15,6:14:45
123M,古賀,FALSE,6:16:30,6:17:00
123M,ししぶ,FALSE,6:19:15,6:19:45
123M,新宮中央,FALSE,6:21:00,6:21:30
123M,福工大前,FALSE,6:23:45,6:24:15
123M,九産大前,FALSE,6:27:00,6:27:30
123M,香椎,FALSE,6:29:45,6:30:15
123M,千早,FALSE,6:32:00,6:32:30
123M,千早（操）,TRUE,↓,6:35:00
123M,箱崎,FALSE,6:36:15,6:36:45
123M,吉塚,FALSE,6:38:30,6:39:00
123M,博多[4],FALSE,6:41:45,
125M,門司港,FALSE,,5:25:00
125M,小森江,FALSE,5:29:45,5:30:15
125M,門司,FALSE,5:32:00,5:32:30
125M,北九州（タ）,TRUE,↓,5:34:00
125M,東小倉,TRUE,↓,5:36:15
125M,小倉[5],FALSE,5:38:45,5:39:15
125M,西小倉[4],FALSE,5:41:00,5:41:30
125M,九州工大前,FALSE,5:44:45,5:45:15
125M,戸畑,FALSE,5:47:00,5:47:30
125M,枝光,FALSE,5:50:15,5:50:45
125M,スペースワールド,FALSE,5:52:00,5:52:30
125M,八幡,FALSE,5:54:45,5:55:15
125M,黒崎,FALSE,5:57:30,5:58:00
125M,陣原,FALSE,6:00:45,6:01:15
125M,折尾[3],FALSE,6:04:00,6:04:30
125M,水巻,FALSE,6:07:15,6:07:45
125M,遠賀川,FALSE,6:10:00,6:10:30
125M,海老津,FALSE,6:15:15,6:15:45
125M,教育大前,FALSE,6:19:30,6:20:00
125M,赤間,FALSE,6:23:15,6:28:15
125M,東郷,FALSE,6:32:00,6:32:30
125M,東福間,FALSE,6:35:45,6:36:15
125M,福間,FALSE,6:38:30,6:39:00
125M,千鳥,FALSE,6:41:15,6:41:45
125M,古賀,FALSE,6:43:30,6:44:00
125M,ししぶ,FALSE,6:45:45,6:46:15
125M,新宮中央,FALSE,6:48:00,6:48:30
125M,福工大前,FALSE,6:50:45,6:51:15
125M,九産大前,FALSE,6:53:30,6:54:00
125M,香椎,FALSE,6:56:45,6:57:15
125M,千早,FALSE,6:59:00,6:59:30
125M,千早（操）,TRUE,↓,7:02:00
125M,箱崎,FALSE,7:03:15,7:03:45
125M,吉塚,FALSE,7:05:30,7:06:00
125M,博多[4],FALSE,7:09:45,
127M,門司港,FALSE,,5:40:00
127M,小森江,FALSE,5:44:45,5:45:15
127M,門司,FALSE,5:46:30,5:47:00
127M,北九州（タ）,TRUE,↓,5:48:30
127M,東小倉,TRUE,↓,5:50:45
127M,小倉[6],FALSE,5:53:15,6:00:15
127M,西小倉[4],FALSE,6:02:30,6:03:00
127M,九州工大前,FALSE,6:06:15,6:06:45
127M,戸畑,FALSE,6:08:30,6:09:00
127M,枝光,FALSE,6:11:15,6:11:45
127M,スペースワールド,FALSE,6:13:30,6:14:00
127M,八幡,FALSE,6:15:45,6:16:15
127M,黒崎,FALSE,6:18:30,6:19:00
127M,陣原,FALSE,6:21:45,6:22:15
127M,折尾[3],FALSE,6:25:00,6:25:30
127M,水巻,FALSE,6:28:15,6:28:45
127M,遠賀川,FALSE,6:31:00,6:31:30
127M,海老津,FALSE,6:35:45,6:36:15
127M,教育大前,FALSE,6:40:30,6:41:00
127M,赤間,FALSE,6:43:15,6:43:45
127M,東郷,FALSE,6:47:30,6:48:00
127M,東福間,FALSE,6:51:45,6:52:15
127M,福間,FALSE,6:55:00,7:00:00
127M,千鳥,FALSE,7:02:45,7:03:15
127M,古賀,FALSE,7:05:00,7:05:30
127M,ししぶ,FALSE,7:07:45,7:08:15
127M,新宮中央,FALSE,7:09:30,7:10:00
127M,福工大前,FALSE,7:12:45,7:13:15
127M,九産大前,FALSE,7:15:30,7:16:00
127M,香椎,FALSE,7:18:45,7:19:15
127M,千早,FALSE,7:21:00,7:21:30
127M,千早（操）,TRUE,↓,7:24:00
127M,箱崎,FALSE,7:26:45,7:27:15
127M,吉塚,FALSE,7:30:00,7:30:30
127M,博多[6],FALSE,7:34:15,7:41:15
127M,竹下,FALSE,7:44:00,7:44:30
127M,笹原,FALSE,7:47:45,7:48:15
127M,南福岡,FALSE,7:50:00,7:54:00
127M,春日,FALSE,7:56:15,7:56:45
127M,大野城,FALSE,7:58:30,7:59:00
127M,水城,FALSE,8:00:45,8:01:15
127M,大宰府（信）,TRUE,↓,8:01:45
127M,都府楼南,FALSE,8:03:30,8:04:00
127M,二日市,FALSE,8:06:45,
129M,門司港,FALSE,,5:57:00
129M,小森江,FALSE,6:01:45,6:02:15
129M,門司,FALSE,6:04:00,6:04:30
129M,北九州（タ）,TRUE,↓,6:06:00
129M,東小倉,TRUE,↓,6:08:15
129M,小倉[5],FALSE,6:11:15,6:18:15
129M,西小倉[4],FALSE,6:20:00,6:20:30
129M,九州工大前,FALSE,6:23:45,6:24:15
129M,戸畑,FALSE,6:26:00,6:26:30
129M,枝光,FALSE,6:29:15,6:29:45
129M,スペースワールド,FALSE,6:31:30,6:32:00
129M,八幡,FALSE,6:34:15,6:34:45
129M,黒崎,FALSE,6:37:00,6:37:30
129M,陣原,FALSE,6:40:15,6:40:45
129M,折尾[3],FALSE,6:44:30,6:45:00
129M,水巻,FALSE,6:47:45,6:48:15
129M,遠賀川,FALSE,6:50:30,6:51:00
129M,海老津,FALSE,6:56:15,7:01:15
129M,教育大前,FALSE,7:06:00,7:06:30
129M,赤間,FALSE,7:09:15,7:13:15
129M,東郷,FALSE,7:17:30,7:18:00
129M,東福間,FALSE,7:21:15,7:21:45
129M,福間,FALSE,7:24:00,7:24:30
129M,千鳥,FALSE,7:26:45,7:27:15
129M,古賀,FALSE,7:29:00,7:29:30
129M,ししぶ,FALSE,7:31:45,7:32:15
129M,新宮中央,FALSE,7:33:30,7:34:00
129M,福工大前,FALSE,7:36:45,7:37:15
129M,九産大前,FALSE,7:40:00,7:40:30
129M,香椎,FALSE,7:42:45,7:43:15
129M,千早,FALSE,7:45:00,7:49:00
129M,千早（操）,TRUE,↓,7:51:30
129M,箱崎,FALSE,7:53:45,7:54:15
129M,吉塚,FALSE,7:56:30,7:57:00
129M,博多[5],FALSE,8:00:15,8:03:15
129M,竹下,FALSE,8:07:00,8:07:30
129M,笹原,FALSE,8:10:15,8:10:45
129M,南福岡,FALSE,8:13:30,
2221M,門司港,FALSE,,6:10:00
2221M,小森江,FALSE,6:14:45,6:15:15
2221M,門司,FALSE,6:17:00,6:17:30
2221M,北九州（タ）,TRUE,↓,6:19:00
2221M,東小倉,TRUE,↓,6:21:15
2221M,小倉[5],FALSE,6:23:45,6:24:15
2221M,西小倉[4],FALSE,6:26:00,6:26:30
2221M,九州工大前,FALSE,6:29:45,6:30:15
2221M,戸畑,FALSE,6:32:00,6:32:30
2221M,枝光,FALSE,6:35:15,6:35:45
2221M,スペースワールド,FALSE,6:37:30,6:38:00
2221M,八幡,FALSE,6:40:15,6:45:15
2221M,黒崎,FALSE,6:48:00,6:48:30
2221M,陣原,FALSE,6:51:15,6:51:45
2221M,折尾[3],FALSE,6:55:00,6:55:30
2221M,水巻,FALSE,6:58:15,6:58:45
2221M,遠賀川,FALSE,7:01:30,
131M,門司港,FALSE,,6:21:00
131M,小森江,FALSE,6:25:45,6:26:15
131M,門司,FALSE,6:27:30,6:28:00
131M,北九州（タ）,TRUE,↓,6:29:30
131M,東小倉,TRUE,↓,6:31:45
131M,小倉[5],FALSE,6:34:45,6:35:15
131M,西小倉[4],FALSE,6:36:30,6:37:00
131M,九州工大前,FALSE,6:40:15,6:40:45
131M,戸畑,FALSE,6:42:30,6:43:00
131M,枝光,FALSE,6:45:45,6:46:15
131M,スペースワールド,FALSE,6:47:30,6:48:00
131M,八幡,FALSE,6:50:15,6:54:15
131M,黒崎,FALSE,6:57:00,6:57:30
131M,陣原,FALSE,7:00:15,7:00:45
131M,折尾[4],FALSE,7:03:00,7:08:00
131M,水巻,FALSE,7:11:15,7:11:45
131M,遠賀川,FALSE,7:14:00,7:14:30
131M,海老津,FALSE,7:18:45,7:19:15
131M,教育大前,FALSE,7:23:30,7:24:00
131M,赤間,FALSE,7:27:15,7:31:15
131M,東郷,FALSE,7:35:00,7:35:30
131M,東福間,FALSE,7:38:45,7:39:15
131M,福間,FALSE,7:42:00,7:47:00
131M,千鳥,FALSE,7:49:15,7:49:45
131M,古賀,FALSE,7:52:00,7:56:00
131M,ししぶ,FALSE,7:58:15,7:58:45
131M,新宮中央,FALSE,8:00:00,8:00:30
131M,福工大前,FALSE,8:02:45,8:03:15
131M,九産大前,FALSE,8:06:30,8:07:00
131M,香椎,FALSE,8:09:45,8:10:15
131M,千早,FALSE,8:12:00,8:12:30
131M,千早（操）,TRUE,↓,8:15:00
131M,箱崎,FALSE,8:16:45,8:17:15
131M,吉塚,FALSE,8:19:30,8:20:00
131M,博多[5],FALSE,8:23:45,8:24:15
131M,竹下,FALSE,8:27:30,8:28:00
131M,笹原,FALSE,8:30:45,8:31:15
131M,南福岡,FALSE,8:33:00,8:38:00
131M,春日,FALSE,8:39:45,8:40:15
131M,大野城,FALSE,8:42:00,8:42:30
131M,水城,FALSE,8:44:15,8:44:45
131M,大宰府（信）,TRUE,↓,8:45:15
131M,都府楼南,FALSE,8:47:00,8:47:30
131M,二日市,FALSE,8:49:15,8:53:15
131M,天拝山,FALSE,8:56:00,8:56:30
131M,原田,FALSE,8:59:45,9:00:15
131M,けやき台,FALSE,9:02:30,9:03:00
131M,基山,FALSE,9:04:45,9:05:15
131M,弥生が丘,FALSE,9:07:30,9:08:00
131M,田代,FALSE,9:10:15,9:10:45
131M,鳥栖[6],FALSE,9:13:00,9:21:00
131M,肥前旭,FALSE,9:24:45,9:25:15
131M,久留米[1],FALSE,9:28:30,
133M,門司港,FALSE,,6:31:00
133M,小森江,FALSE,6:35:45,6:36:15
133M,門司,FALSE,6:37:30,6:38:00
133M,北九州（タ）,TRUE,↓,6:39:30
133M,東小倉,TRUE,↓,6:41:45
133M,小倉[5],FALSE,6:44:15,6:49:15
133M,西小倉[4],FALSE,6:50:30,6:51:00
133M,九州工大前,FALSE,6:54:45,6:55:15
133M,戸畑,FALSE,6:57:00,6:57:30
133M,枝光,FALSE,7:00:15,7:00:45
133M,スペースワールド,FALSE,7:02:00,7:02:30
133M,八幡,FALSE,7:04:15,7:13:15
133M,黒崎,FALSE,7:16:30,7:17:00
133M,陣原,FALSE,7:19:45,7:20:15
133M,折尾[4],FALSE,7:23:00,7:29:00
133M,水巻,FALSE,7:32:15,7:32:45
133M,遠賀川,FALSE,7:34:30,7:35:00
133M,海老津,FALSE,7:39:45,7:40:15
133M,教育大前,FALSE,7:44:30,7:45:00
133M,赤間,FALSE,7:47:15,7:47:45
133M,東郷,FALSE,7:51:00,7:51:30
133M,東福間,FALSE,7:55:15,7:55:45
133M,福間,FALSE,7:58:00,7:58:30
133M,千鳥,FALSE,8:01:15,8:01:45
133M,古賀,FALSE,8:04:00,8:04:30
133M,ししぶ,FALSE,8:06:45,8:07:15
133M,新宮中央,FALSE,8:09:30,8:10:00
133M,福工大前,FALSE,8:12:45,8:13:15
133M,九産大前,FALSE,8:16:30,8:17:00
133M,香椎,FALSE,8:19:45,8:20:15
133M,千早,FALSE,8:22:30,8:23:00
133M,千早（操）,TRUE,↓,8:25:30
133M,箱崎,FALSE,8:27:15,8:27:45
133M,吉塚,FALSE,8:29:30,8:30:00
133M,博多[6],FALSE,8:33:45,8:34:15
133M,竹下,FALSE,8:37:30,8:38:00
133M,笹原,FALSE,8:40:45,8:41:15
133M,南福岡,FALSE,8:43:30,
3225M,門司港,FALSE,,6:44:00
3225M,小森江,FALSE,6:49:15,6:49:45
3225M,門司,FALSE,6:51:00,6:51:30
3225M,北九州（タ）,TRUE,↓,6:53:00
3225M,東小倉,TRUE,↓,6:55:15
3225M,小倉[6],FALSE,6:57:15,6:59:15
3225M,西小倉[4],FALSE,7:00:30,7:01:00
3225M,九州工大前,TRUE,↓,7:02:30
3225M,戸畑,FALSE,7:05:45,7:06:15
3225M,枝光,TRUE,↓,7:07:00
3225M,スペースワールド,TRUE,↓,7:08:00
3225M,八幡,FALSE,7:10:00,7:10:30
3225M,黒崎,FALSE,7:13:45,7:14:15
3225M,陣原,TRUE,↓,7:16:45
3225M,折尾[3],FALSE,7:18:30,7:19:00
3225M,水巻,TRUE,↓,7:20:15
3225M,遠賀川,TRUE,↓,7:23:30
3225M,海老津,FALSE,7:28:15,7:28:45
3225M,教育大前,TRUE,↓,7:30:30
3225M,赤間,FALSE,7:34:30,7:35:00
3225M,東郷,FALSE,7:38:45,7:39:15
3225M,東福間,TRUE,↓,7:41:15
3225M,福間,FALSE,7:44:30,7:45:00
3225M,千鳥,TRUE,↓,7:46:30
3225M,古賀,FALSE,7:48:45,7:49:15
3225M,ししぶ,TRUE,↓,7:50:00
3225M,新宮中央,TRUE,↓,7:51:30
3225M,福工大前,FALSE,7:54:00,7:59:00
3225M,九産大前,TRUE,↓,8:01:00
3225M,香椎,FALSE,8:04:45,8:05:15
3225M,千早,FALSE,8:07:30,8:08:00
3225M,千早（操）,TRUE,↓,8:10:30
3225M,箱崎,TRUE,↓,8:12:00
3225M,吉塚,FALSE,8:14:45,8:15:15
3225M,博多[6],FALSE,8:17:00,8:19:00
3225M,竹下,TRUE,↓,8:20:30
3225M,笹原,TRUE,↓,8:22:15
3225M,南福岡,FALSE,8:26:45,
4223M,門司港,FALSE,,7:02:00
4223M,小森江,FALSE,7:06:45,7:07:15
4223M,門司,FALSE,7:09:00,7:09:30
4223M,北九州（タ）,TRUE,↓,7:11:00
4223M,東小倉,TRUE,↓,7:13:15
4223M,小倉[5],FALSE,7:15:15,7:17:15
4223M,西小倉[4],FALSE,7:19:30,7:20:00
4223M,九州工大前,TRUE,↓,7:21:30
4223M,戸畑,FALSE,7:24:45,7:25:15
4223M,枝光,TRUE,↓,7:26:00
4223M,スペースワールド,TRUE,↓,7:27:00
4223M,八幡,FALSE,7:29:00,7:29:30
4223M,黒崎,FALSE,7:32:15,7:32:45
4223M,陣原,TRUE,↓,7:35:15
4223M,折尾[3],FALSE,7:37:30,7:38:00
4223M,水巻,TRUE,↓,7:39:15
4223M,遠賀川,TRUE,↓,7:42:30
4223M,海老津,FALSE,7:46:15,7:46:45
4223M,教育大前,TRUE,↓,7:48:30
4223M,赤間,FALSE,7:53:00,7:53:30
4223M,東郷,FALSE,7:57:45,7:58:15
4223M,東福間,TRUE,↓,8:00:15
4223M,福間,FALSE,8:04:30,8:05:00
4223M,千鳥,TRUE,↓,8:06:30
4223M,古賀,FALSE,8:09:45,8:10:15
4223M,ししぶ,TRUE,↓,8:11:00
4223M,新宮中央,TRUE,↓,8:12:30
4223M,福工大前,FALSE,8:16:30,8:17:00
4223M,九産大前,TRUE,↓,8:19:00
4223M,香椎,FALSE,8:23:15,8:23:45
4223M,千早,FALSE,8:25:00,8:29:00
4223M,千早（操）,TRUE,↓,8:31:30
4223M,箱崎,TRUE,↓,8:33:00
4223M,吉塚,FALSE,8:36:45,8:37:15
4223M,博多[6],FALSE,8:40:00,8:42:00
4223M,竹下,TRUE,↓,8:43:30
4223M,笹原,TRUE,↓,8:45:15
4223M,南福岡,FALSE,8:49:45,8:50:15
4223M,春日,TRUE,↓,8:51:45
4223M,大野城,FALSE,8:53:30,8:54:00
4223M,水城,TRUE,↓,8:55:00
4223M,大宰府（信）,TRUE,↓,8:55:30
4223M,都府楼南,TRUE,↓,8:56:45
4223M,二日市,FALSE,8:58:45,8:59:15
4223M,天拝山,TRUE,↓,9:01:45
4223M,原田,FALSE,9:03:30,9:04:00
4223M,けやき台,TRUE,↓,9:05:30
4223M,基山,FALSE,9:08:15,9:12:15
4223M,弥生が丘,TRUE,↓,9:13:30
4223M,田代,TRUE,↓,9:15:30
4223M,鳥栖[4],FALSE,9:18:30,
4121M,門司港,FALSE,,7:34:00
4121M,小森江,FALSE,7:38:45,7:39:15
4121M,門司,FALSE,7:40:30,7:41:00
4121M,北九州（タ）,TRUE,↓,7:42:30
4121M,東小倉,TRUE,↓,7:44:45
4121M,小倉[5],FALSE,7:47:15,7:54:15
4121M,西小倉[4],FALSE,7:56:00,7:56:30
4121M,九州工大前,FALSE,7:59:45,8:00:15
4121M,戸畑,FALSE,8:02:00,8:02:30
4121M,枝光,FALSE,8:05:15,8:05:45
4121M,スペースワールド,FALSE,8:07:30,8:08:00
4121M,八幡,FALSE,8:10:15,8:10:45
4121M,黒崎,FALSE,8:13:00,8:13:30
4121M,陣原,FALSE,8:16:15,8:16:45
4121M,折尾[3],FALSE,8:20:00,8:20:30
4121M,水巻,FALSE,8:23:15,8:23:45
4121M,遠賀川,FALSE,8:26:00,8:29:00
4121M,海老津,FALSE,8:34:15,8:34:45
4121M,教育大前,FALSE,8:39:00,8:39:30
4121M,赤間,FALSE,8:41:45,8:42:15
4121M,東郷,FALSE,8:45:30,8:46:00
4121M,東福間,FALSE,8:49:15,8:49:45
4121M,福間,FALSE,8:52:00,8:56:00
4121M,千鳥,TRUE,↓,8:57:30
4121M,古賀,FALSE,9:00:45,9:01:15
4121M,ししぶ,TRUE,↓,9:02:00
4121M,新宮中央,TRUE,↓,9:03:30
4121M,福工大前,FALSE,9:05:00,9:05:30
4121M,九産大前,TRUE,↓,9:07:30
4121M,香椎,FALSE,9:09:15,9:09:45
4121M,千早,FALSE,9:11:30,9:12:00
4121M,千早（操）,TRUE,↓,9:14:30
4121M,箱崎,TRUE,↓,9:16:00
4121M,吉塚,FALSE,9:16:45,9:17:15
4121M,博多[7],FALSE,9:20:00,9:24:00
4121M,竹下,TRUE,↓,9:25:30
4121M,笹原,TRUE,↓,9:27:15
4121M,南福岡,FALSE,9:32:45,9:33:15
4121M,春日,TRUE,↓,9:34:45
4121M,大野城,FALSE,9:35:30,9:36:00
4121M,水城,TRUE,↓,9:37:00
4121M,大宰府（信）,TRUE,↓,9:37:30
4121M,都府楼南,TRUE,↓,9:38:45
4121M,二日市,FALSE,9:40:45,9:41:15
4121M,天拝山,FALSE,9:43:00,9:43:30
4121M,原田,FALSE,9:47:15,9:50:15
4121M,けやき台,FALSE,9:53:00,9:53:30
4121M,基山,FALSE,9:55:45,9:56:15
4121M,弥生が丘,FALSE,9:58:00,9:58:30
4121M,田代,FALSE,10:01:15,10:01:45
4121M,鳥栖[4],FALSE,10:03:30,
623H,門司港,FALSE,,8:11:00
623H,小森江,FALSE,8:15:45,8:16:15
623H,門司,FALSE,8:17:30,8:18:00
623H,北九州（タ）,TRUE,↓,8:19:30
623H,東小倉,TRUE,↓,8:21:45
623H,小倉[5],FALSE,8:23:45,8:24:15
623H,西小倉[4],FALSE,8:26:30,8:27:00
623H,九州工大前,FALSE,8:30:15,8:30:45
623H,戸畑,FALSE,8:32:30,8:33:00
623H,枝光,FALSE,8:35:15,8:35:45
623H,スペースワールド,FALSE,8:37:30,8:38:00
623H,八幡,FALSE,8:39:45,8:40:15
623H,黒崎,FALSE,8:42:30,8:43:00
623H,陣原,FALSE,8:46:45,8:47:15
623H,折尾[1],FALSE,8:50:00,8:50:30
623H,東水巻,FALSE,8:54:15,8:54:45
623H,中間,FALSE,8:56:30,8:57:00
623H,筑前垣生,FALSE,8:59:45,9:00:15
623H,鞍手,FALSE,9:02:30,9:03:00
623H,筑前植木,FALSE,9:05:45,9:06:15
623H,新入,FALSE,9:08:00,9:08:30
623H,直方,FALSE,9:11:45,
4125M,門司港,FALSE,,9:14:00
4125M,小森江,FALSE,9:19:15,9:19:45
4125M,門司,FALSE,9:21:30,9:22:00
4125M,北九州（タ）,TRUE,↓,9:23:30
4125M,東小倉,TRUE,↓,9:25:45
4125M,小倉[5],FALSE,9:27:15,9:29:15
4125M,西小倉[4],FALSE,9:31:30,9:32:00
4125M,九州工大前,FALSE,9:35:45,9:36:15
4125M,戸畑,FALSE,9:38:00,9:38:30
4125M,枝光,FALSE,9:40:45,9:41:15
4125M,スペースワールド,FALSE,9:43:00,9:43:30
4125M,八幡,FALSE,9:45:15,9:49:15
4125M,黒崎,FALSE,9:53:00,9:53:30
4125M,陣原,FALSE,9:55:45,9:56:15
4125M,折尾[3],FALSE,9:59:00,9:59:30
4125M,水巻,TRUE,↓,10:00:45
4125M,遠賀川,TRUE,↓,10:04:00
4125M,海老津,FALSE,10:07:15,10:07:45
4125M,教育大前,TRUE,↓,10:09:30
4125M,赤間,FALSE,10:13:30,10:14:00
4125M,東郷,FALSE,10:17:45,10:18:15
4125M,東福間,TRUE,↓,10:20:15
4125M,福間,FALSE,10:23:30,10:24:00
4125M,千鳥,TRUE,↓,10:25:30
4125M,古賀,FALSE,10:27:45,10:28:15
4125M,ししぶ,TRUE,↓,10:29:00
4125M,新宮中央,TRUE,↓,10:30:30
4125M,福工大前,FALSE,10:32:30,10:33:00
4125M,九産大前,TRUE,↓,10:35:00
4125M,香椎,FALSE,10:37:45,10:38:15
4125M,千早,FALSE,10:40:00,10:45:00
4125M,千早（操）,TRUE,↓,10:47:30
4125M,箱崎,TRUE,↓,10:49:00
4125M,吉塚,FALSE,10:49:45,10:50:15
4125M,博多[7],FALSE,10:53:00,10:56:00
4125M,竹下,TRUE,↓,10:57:30
4125M,笹原,TRUE,↓,10:59:15
4125M,南福岡,FALSE,11:03:45,11:04:15
4125M,春日,TRUE,↓,11:05:45
4125M,大野城,FALSE,11:06:30,11:07:00
4125M,水城,TRUE,↓,11:08:00
4125M,大宰府（信）,TRUE,↓,11:08:30
4125M,都府楼南,TRUE,↓,11:09:45
4125M,二日市,FALSE,11:12:15,11:19:15
4125M,天拝山,TRUE,↓,11:21:45
4125M,原田,FALSE,11:24:00,11:24:30
4125M,けやき台,TRUE,↓,11:26:00
4125M,基山,FALSE,11:28:15,11:28:45
4125M,弥生が丘,TRUE,↓,11:30:00
4125M,田代,TRUE,↓,11:32:00
4125M,鳥栖[5],FALSE,11:34:00,11:34:30
4125M,肥前旭,TRUE,↓,11:37:15
4125M,久留米[3],FALSE,11:40:45,11:41:15
4125M,荒木,FALSE,11:45:30,11:46:00
4125M,西牟田,TRUE,↓,11:49:00
4125M,羽犬塚,FALSE,11:52:45,
4127M,門司港,FALSE,,9:38:00
4127M,小森江,FALSE,9:42:45,9:43:15
4127M,門司,FALSE,9:44:30,9:45:00
4127M,北九州（タ）,TRUE,↓,9:46:30
4127M,東小倉,TRUE,↓,9:48:45
4127M,小倉[5],FALSE,9:51:15,9:55:15
4127M,西小倉[4],FALSE,9:57:00,9:57:30
4127M,九州工大前,FALSE,10:01:15,10:01:45
4127M,戸畑,FALSE,10:03:30,10:04:00
4127M,枝光,FALSE,10:06:45,10:07:15
4127M,スペースワールド,FALSE,10:09:00,10:13:00
4127M,八幡,FALSE,10:16:15,10:16:45
4127M,黒崎,FALSE,10:19:30,10:20:00
4127M,陣原,FALSE,10:22:45,10:23:15
4127M,折尾[3],FALSE,10:26:00,10:26:30
4127M,水巻,FALSE,10:29:45,10:30:15
4127M,遠賀川,FALSE,10:32:00,10:32:30
4127M,海老津,FALSE,10:37:15,10:37:45
4127M,教育大前,FALSE,10:42:00,10:42:30
4127M,赤間,FALSE,10:44:45,10:45:15
4127M,東郷,FALSE,10:48:30,10:49:00
4127M,東福間,FALSE,10:52:15,10:52:45
4127M,福間,FALSE,10:55:00,10:55:30
4127M,千鳥,TRUE,↓,10:57:00
4127M,古賀,FALSE,10:59:45,11:00:15
4127M,ししぶ,TRUE,↓,11:01:00
4127M,新宮中央,TRUE,↓,11:02:30
4127M,福工大前,FALSE,11:04:30,11:05:00
4127M,九産大前,TRUE,↓,11:07:00
4127M,香椎,FALSE,11:09:15,11:09:45
4127M,千早,FALSE,11:11:00,11:15:00
4127M,千早（操）,TRUE,↓,11:17:30
4127M,箱崎,TRUE,↓,11:19:00
4127M,吉塚,FALSE,11:19:45,11:20:15
4127M,博多[7],FALSE,11:23:00,11:26:00
4127M,竹下,TRUE,↓,11:27:30
4127M,笹原,TRUE,↓,11:29:15
4127M,南福岡,FALSE,11:34:45,11:35:15
4127M,春日,TRUE,↓,11:36:45
4127M,大野城,FALSE,11:38:00,11:38:30
4127M,水城,TRUE,↓,11:39:30
4127M,大宰府（信）,TRUE,↓,11:40:00
4127M,都府楼南,TRUE,↓,11:41:15
4127M,二日市,FALSE,11:43:45,11:44:15
4127M,天拝山,FALSE,11:46:00,11:46:30
4127M,原田,FALSE,11:50:15,11:53:15
4127M,けやき台,FALSE,11:56:00,11:56:30
4127M,基山,FALSE,11:58:45,11:59:15
4127M,弥生が丘,FALSE,12:01:00,12:01:30
4127M,田代,FALSE,12:04:15,12:04:45
4127M,鳥栖[4],FALSE,12:06:30,
3123M,門司港,FALSE,,10:23:00
3123M,小森江,FALSE,10:28:15,10:28:45
3123M,門司,FALSE,10:30:00,10:30:30
3123M,北九州（タ）,TRUE,↓,10:32:00
3123M,東小倉,TRUE,↓,10:34:15
3123M,小倉[5],FALSE,10:37:15,10:45:15
3123M,西小倉[4],FALSE,10:47:00,10:47:30
3123M,九州工大前,FALSE,10:50:45,10:51:15
3123M,戸畑,FALSE,10:53:00,10:53:30
3123M,枝光,FALSE,10:55:45,10:56:15
3123M,スペースワールド,FALSE,10:58:00,10:58:30
3123M,八幡,FALSE,11:00:15,11:00:45
3123M,黒崎,FALSE,11:03:00,11:03:30
3123M,陣原,FALSE,11:06:15,11:06:45
3123M,折尾[3],FALSE,11:09:30,11:10:00
3123M,水巻,TRUE,↓,11:11:15
3123M,遠賀川,TRUE,↓,11:14:30
3123M,海老津,FALSE,11:17:15,11:17:45
3123M,教育大前,TRUE,↓,11:19:30
3123M,赤間,FALSE,11:24:00,11:24:30
3123M,東郷,FALSE,11:28:15,11:28:45
3123M,東福間,TRUE,↓,11:30:45
3123M,福間,FALSE,11:33:30,11:34:00
3123M,千鳥,TRUE,↓,11:35:30
3123M,古賀,FALSE,11:37:15,11:40:15
3123M,ししぶ,TRUE,↓,11:41:00
3123M,新宮中央,TRUE,↓,11:42:30
3123M,福工大前,FALSE,11:44:30,11:45:00
3123M,九産大前,TRUE,↓,11:47:00
3123M,香椎,FALSE,11:49:15,11:49:45
3123M,千早,FALSE,11:51:00,11:51:30
3123M,千早（操）,TRUE,↓,11:54:00
3123M,箱崎,TRUE,↓,11:55:30
3123M,吉塚,FALSE,11:56:15,11:56:45
3123M,博多[7],FALSE,11:59:30,
4129M,門司港,FALSE,,10:48:00
4129M,小森江,FALSE,10:52:45,10:53:15
4129M,門司,FALSE,10:55:00,10:55:30
4129M,北九州（タ）,TRUE,↓,10:57:00
4129M,東小倉,TRUE,↓,10:59:15
4129M,小倉[5],FALSE,11:01:15,11:07:15
4129M,西小倉[4],FALSE,11:09:00,11:09:30
4129M,九州工大前,FALSE,11:12:45,11:13:15
4129M,戸畑,FALSE,11:15:00,11:15:30
4129M,枝光,FALSE,11:18:15,11:18:45
4129M,スペースワールド,FALSE,11:20:30,11:21:00
4129M,八幡,FALSE,11:22:45,11:23:15
4129M,黒崎,FALSE,11:26:00,11:26:30
4129M,陣原,FALSE,11:28:45,11:29:15
4129M,折尾[3],FALSE,11:32:30,11:33:00
4129M,水巻,FALSE,11:35:45,11:36:15
4129M,遠賀川,FALSE,11:38:00,11:38:30
4129M,海老津,FALSE,11:43:15,11:43:45
4129M,教育大前,FALSE,11:47:30,11:48:00
4129M,赤間,FALSE,11:50:45,11:51:15
4129M,東郷,FALSE,11:54:30,11:55:00
4129M,東福間,FALSE,11:58:15,11:58:45
4129M,福間,FALSE,12:01:00,12:01:30
4129M,千鳥,TRUE,↓,12:03:00
4129M,古賀,FALSE,12:05:15,12:05:45
4129M,ししぶ,TRUE,↓,12:06:30
4129M,新宮中央,TRUE,↓,12:08:00
4129M,福工大前,FALSE,12:09:30,12:10:00
4129M,九産大前,TRUE,↓,12:12:00
4129M,香椎,FALSE,12:14:15,12:14:45
4129M,千早,FALSE,12:16:30,12:17:00
4129M,千早（操）,TRUE,↓,12:19:30
4129M,箱崎,TRUE,↓,12:21:00
4129M,吉塚,FALSE,12:22:15,12:22:45
4129M,博多[7],FALSE,12:25:30,12:26:00
4129M,竹下,TRUE,↓,12:27:30
4129M,笹原,TRUE,↓,12:29:15
4129M,南福岡,FALSE,12:33:45,12:34:15
4129M,春日,TRUE,↓,12:35:45
4129M,大野城,FALSE,12:36:30,12:37:00
4129M,水城,TRUE,↓,12:38:00
4129M,大宰府（信）,TRUE,↓,12:38:30
4129M,都府楼南,TRUE,↓,12:39:45
4129M,二日市,FALSE,12:41:15,12:41:45
4129M,天拝山,FALSE,12:43:30,12:44:00
4129M,原田,FALSE,12:47:45,12:48:15
4129M,けやき台,FALSE,12:50:00,12:50:30
4129M,基山,FALSE,12:53:15,12:57:15
4129M,弥生が丘,FALSE,12:59:30,13:00:00
4129M,田代,FALSE,13:02:45,13:03:15
4129M,鳥栖[4],FALSE,13:05:30,
629H,門司港,FALSE,,11:05:00
629H,小森江,FALSE,11:09:45,11:10:15
629H,門司,FALSE,11:12:30,11:13:00
629H,北九州（タ）,TRUE,↓,11:14:30
629H,東小倉,TRUE,↓,11:16:45
629H,小倉[5],FALSE,11:19:15,11:24:15
629H,西小倉[4],FALSE,11:25:30,11:26:00
629H,九州工大前,FALSE,11:29:15,11:29:45
629H,戸畑,FALSE,11:31:30,11:32:00
629H,枝光,FALSE,11:34:45,11:35:15
629H,スペースワールド,FALSE,11:36:30,11:37:00
629H,八幡,FALSE,11:39:15,11:39:45
629H,黒崎,FALSE,11:42:00,11:42:30
629H,陣原,FALSE,11:46:15,11:46:45
629H,折尾[1],FALSE,11:50:00,11:50:30
629H,東水巻,FALSE,11:54:15,11:54:45
629H,中間,FALSE,11:56:30,11:57:00
629H,筑前垣生,FALSE,11:59:15,11:59:45
629H,鞍手,FALSE,12:02:00,12:02:30
629H,筑前植木,FALSE,12:05:15,12:05:45
629H,新入,FALSE,12:07:30,12:08:00
629H,直方,FALSE,12:11:45,
4131M,門司港,FALSE,,11:23:00
4131M,小森江,FALSE,11:28:15,11:28:45
4131M,門司,FALSE,11:30:30,11:31:00
4131M,北九州（タ）,TRUE,↓,11:32:30
4131M,東小倉,TRUE,↓,11:34:45
4131M,小倉[5],FALSE,11:37:15,11:44:15
4131M,西小倉[4],FALSE,11:46:00,11:46:30
4131M,九州工大前,FALSE,11:49:45,11:50:15
4131M,戸畑,FALSE,11:52:00,11:52:30
4131M,枝光,FALSE,11:55:15,11:55:45
4131M,スペースワールド,FALSE,11:57:00,11:57:30
4131M,八幡,FALSE,11:59:45,12:00:15
4131M,黒崎,FALSE,12:02:30,12:03:00
4131M,陣原,FALSE,12:05:15,12:05:45
4131M,折尾[3],FALSE,12:08:30,12:09:00
4131M,水巻,TRUE,↓,12:10:15
4131M,遠賀川,TRUE,↓,12:13:30
4131M,海老津,FALSE,12:16:15,12:16:45
4131M,教育大前,TRUE,↓,12:18:30
4131M,赤間,FALSE,12:22:00,12:22:30
4131M,東郷,FALSE,12:26:45,12:27:15
4131M,東福間,TRUE,↓,12:29:15
4131M,福間,FALSE,12:31:30,12:32:00
4131M,千鳥,TRUE,↓,12:33:30
4131M,古賀,FALSE,12:36:15,12:39:15
4131M,ししぶ,TRUE,↓,12:40:00
4131M,新宮中央,TRUE,↓,12:41:30
4131M,福工大前,FALSE,12:43:00,12:43:30
4131M,九産大前,TRUE,↓,12:45:30
4131M,香椎,FALSE,12:47:45,12:48:15
4131M,千早,FALSE,12:49:30,12:50:00
4131M,千早（操）,TRUE,↓,12:52:30
4131M,箱崎,TRUE,↓,12:54:00
4131M,吉塚,FALSE,12:55:15,12:55:45
4131M,博多[6],FALSE,12:58:30,12:59:00
4131M,竹下,TRUE,↓,13:00:30
4131M,笹原,TRUE,↓,13:02:15
4131M,南福岡,FALSE,13:05:45,13:06:15
4131M,春日,TRUE,↓,13:07:45
4131M,大野城,FALSE,13:09:00,13:09:30
4131M,水城,TRUE,↓,13:10:30
4131M,大宰府（信）,TRUE,↓,13:11:00
4131M,都府楼南,TRUE,↓,13:12:15
4131M,二日市,FALSE,13:13:45,13:14:15
4131M,天拝山,TRUE,↓,13:16:45
4131M,原田,FALSE,13:18:30,13:19:00
4131M,けやき台,TRUE,↓,13:20:30
4131M,基山,FALSE,13:22:15,13:22:45
4131M,弥生が丘,TRUE,↓,13:24:00
4131M,田代,TRUE,↓,13:26:00
4131M,鳥栖[6],FALSE,13:27:30,13:28:00
4131M,肥前旭,TRUE,↓,13:30:45
4131M,久留米[3],FALSE,13:34:45,13:35:15
4131M,荒木,FALSE,13:39:00,13:39:30
4131M,西牟田,TRUE,↓,13:42:30
4131M,羽犬塚,FALSE,13:45:45,
4133M,門司港,FALSE,,11:48:00
4133M,小森江,FALSE,11:52:45,11:53:15
4133M,門司,FALSE,11:55:00,11:55:30
4133M,北九州（タ）,TRUE,↓,11:57:00
4133M,東小倉,TRUE,↓,11:59:15
4133M,小倉[5],FALSE,12:01:15,12:07:15
4133M,西小倉[4],FALSE,12:09:00,12:09:30
4133M,九州工大前,FALSE,12:12:45,12:13:15
4133M,戸畑,FALSE,12:15:00,12:15:30
4133M,枝光,FALSE,12:18:15,12:18:45
4133M,スペースワールド,FALSE,12:20:00,12:20:30
4133M,八幡,FALSE,12:22:45,12:23:15
4133M,黒崎,FALSE,12:25:30,12:26:00
4133M,陣原,FALSE,12:28:15,12:28:45
4133M,折尾[3],FALSE,12:31:30,12:32:00
4133M,水巻,FALSE,12:34:45,12:35:15
4133M,遠賀川,FALSE,12:37:30,12:38:00
4133M,海老津,FALSE,12:42:15,12:42:45
4133M,教育大前,FALSE,12:47:00,12:47:30
4133M,赤間,FALSE,12:49:45,12:50:15
4133M,東郷,FALSE,12:53:30,12:54:00
4133M,東福間,FALSE,12:57:15,12:57:45
4133M,福間,FALSE,13:00:00,13:00:30
4133M,千鳥,TRUE,↓,13:02:00
4133M,古賀,FALSE,13:04:15,13:04:45
4133M,ししぶ,TRUE,↓,13:05:30
4133M,新宮中央,TRUE,↓,13:07:00
4133M,福工大前,FALSE,13:09:00,13:09:30
4133M,九産大前,TRUE,↓,13:11:30
4133M,香椎,FALSE,13:14:15,13:14:45
4133M,千早,FALSE,13:16:30,13:17:00
4133M,千早（操）,TRUE,↓,13:19:30
4133M,箱崎,TRUE,↓,13:21:00
4133M,吉塚,FALSE,13:21:45,13:22:15
4133M,博多[7],FALSE,13:24:00,13:26:00
4133M,竹下,TRUE,↓,13:27:30
4133M,笹原,TRUE,↓,13:29:15
4133M,南福岡,FALSE,13:33:45,13:34:15
4133M,春日,TRUE,↓,13:35:45
4133M,大野城,FALSE,13:36:30,13:37:00
4133M,水城,TRUE,↓,13:38:00
4133M,大宰府（信）,TRUE,↓,13:38:30
4133M,都府楼南,TRUE,↓,13:39:45
4133M,二日市,FALSE,13:41:45,13:42:15
4133M,天拝山,FALSE,13:44:00,13:44:30
4133M,原田,FALSE,13:47:45,13:48:15
4133M,けやき台,FALSE,13:50:30,13:51:00
4133M,基山,FALSE,13:53:15,13:57:15
4133M,弥生が丘,FALSE,13:59:30,14:00:00
4133M,田代,FALSE,14:02:45,14:03:15
4133M,鳥栖[4],FALSE,14:05:30,
631H,門司港,FALSE,,12:05:00
631H,小森江,FALSE,12:09:45,12:10:15
631H,門司,FALSE,12:12:00,12:12:30
631H,北九州（タ）,TRUE,↓,12:14:00
631H,東小倉,TRUE,↓,12:16:15
631H,小倉[5],FALSE,12:19:15,12:24:15
631H,西小倉[4],FALSE,12:25:30,12:26:00
631H,九州工大前,FALSE,12:29:15,12:29:45
631H,戸畑,FALSE,12:31:30,12:32:00
631H,枝光,FALSE,12:34:45,12:35:15
631H,スペースワールド,FALSE,12:36:30,12:37:00
631H,八幡,FALSE,12:39:15,12:39:45
631H,黒崎,FALSE,12:42:00,12:42:30
631H,陣原,FALSE,12:46:15,12:46:45
631H,折尾[1],FALSE,12:50:00,12:50:30
631H,東水巻,FALSE,12:54:15,12:54:45
631H,中間,FALSE,12:56:30,12:57:00
631H,筑前垣生,FALSE,12:59:15,12:59:45
631H,鞍手,FALSE,13:02:00,13:02:30
631H,筑前植木,FALSE,13:05:15,13:05:45
631H,新入,FALSE,13:07:30,13:08:00
631H,直方,FALSE,13:11:45,
4135M,門司港,FALSE,,12:23:00
4135M,小森江,FALSE,12:28:45,12:29:15
4135M,門司,FALSE,12:31:00,12:31:30
4135M,北九州（タ）,TRUE,↓,12:33:00
4135M,東小倉,TRUE,↓,12:35:15
4135M,小倉[5],FALSE,12:37:15,12:44:15
4135M,西小倉[4],FALSE,12:46:00,12:46:30
4135M,九州工大前,FALSE,12:49:45,12:50:15
4135M,戸畑,FALSE,12:52:00,12:52:30
4135M,枝光,FALSE,12:55:15,12:55:45
4135M,スペースワールド,FALSE,12:57:00,12:57:30
4135M,八幡,FALSE,12:59:45,13:00:15
4135M,黒崎,FALSE,13:02:30,13:03:00
4135M,陣原,FALSE,13:05:15,13:05:45
4135M,折尾[3],FALSE,13:08:30,13:09:00
4135M,水巻,TRUE,↓,13:10:15
4135M,遠賀川,TRUE,↓,13:13:30
4135M,海老津,FALSE,13:16:15,13:16:45
4135M,教育大前,TRUE,↓,13:18:30
4135M,赤間,FALSE,13:22:00,13:22:30
4135M,東郷,FALSE,13:26:45,13:27:15
4135M,東福間,TRUE,↓,13:29:15
4135M,福間,FALSE,13:31:30,13:32:00
4135M,千鳥,TRUE,↓,13:33:30
4135M,古賀,FALSE,13:36:15,13:39:15
4135M,ししぶ,TRUE,↓,13:40:00
4135M,新宮中央,TRUE,↓,13:41:30
4135M,福工大前,FALSE,13:43:00,13:43:30
4135M,九産大前,TRUE,↓,13:45:30
4135M,香椎,FALSE,13:47:45,13:48:15
4135M,千早,FALSE,13:49:30,13:50:00
4135M,千早（操）,TRUE,↓,13:52:30
4135M,箱崎,TRUE,↓,13:54:00
4135M,吉塚,FALSE,13:55:15,13:55:45
4135M,博多[6],FALSE,13:58:30,13:59:00
4135M,竹下,TRUE,↓,14:00:30
4135M,笹原,TRUE,↓,14:02:15
4135M,南福岡,FALSE,14:05:45,14:06:15
4135M,春日,TRUE,↓,14:07:45
4135M,大野城,FALSE,14:09:00,14:09:30
4135M,水城,TRUE,↓,14:10:30
4135M,大宰府（信）,TRUE,↓,14:11:00
4135M,都府楼南,TRUE,↓,14:12:15
4135M,二日市,FALSE,14:14:15,14:14:45
4135M,天拝山,TRUE,↓,14:17:15
4135M,原田,FALSE,14:19:00,14:19:30
4135M,けやき台,TRUE,↓,14:21:00
4135M,基山,FALSE,14:22:45,14:23:15
4135M,弥生が丘,TRUE,↓,14:24:30
4135M,田代,TRUE,↓,14:26:30
4135M,鳥栖[6],FALSE,14:28:00,14:32:00
4135M,肥前旭,TRUE,↓,14:34:45
4135M,久留米[3],FALSE,14:38:15,14:38:45
4135M,荒木,FALSE,14:42:30,14:43:00
4135M,西牟田,TRUE,↓,14:46:00
4135M,羽犬塚,FALSE,14:49:45,
4137M,門司港,FALSE,,12:48:00
4137M,小森江,FALSE,12:52:45,12:53:15
4137M,門司,FALSE,12:55:00,12:55:30
4137M,北九州（タ）,TRUE,↓,12:57:00
4137M,東小倉,TRUE,↓,12:59:15
4137M,小倉[5],FALSE,13:01:15,13:07:15
4137M,西小倉[4],FALSE,13:09:00,13:09:30
4137M,九州工大前,FALSE,13:12:45,13:13:15
4137M,戸畑,FALSE,13:15:00,13:15:30
4137M,枝光,FALSE,13:18:15,13:18:45
4137M,スペースワールド,FALSE,13:20:00,13:20:30
4137M,八幡,FALSE,13:22:45,13:23:15
4137M,黒崎,FALSE,13:25:30,13:26:00
4137M,陣原,FALSE,13:28:15,13:28:45
4137M,折尾[3],FALSE,13:31:30,13:32:00
4137M,水巻,FALSE,13:34:45,13:35:15
4137M,遠賀川,FALSE,13:37:30,13:38:00
4137M,海老津,FALSE,13:42:15,13:42:45
4137M,教育大前,FALSE,13:47:00,13:47:30
4137M,赤間,FALSE,13:49:45,13:50:15
4137M,東郷,FALSE,13:53:30,13:54:00
4137M,東福間,FALSE,13:57:15,13:57:45
4137M,福間,FALSE,14:00:00,14:00:30
4137M,千鳥,TRUE,↓,14:02:00
4137M,古賀,FALSE,14:04:15,14:04:45
4137M,ししぶ,TRUE,↓,14:05:30
4137M,新宮中央,TRUE,↓,14:07:00
4137M,福工大前,FALSE,14:08:00,14:08:30
4137M,九産大前,TRUE,↓,14:10:30
4137M,香椎,FALSE,14:12:45,14:13:15
4137M,千早,FALSE,14:15:00,14:15:30
4137M,千早（操）,TRUE,↓,14:18:00
4137M,箱崎,TRUE,↓,14:19:30
4137M,吉塚,FALSE,14:19:45,14:20:15
4137M,博多[7],FALSE,14:23:00,14:26:00
4137M,竹下,TRUE,↓,14:27:30
4137M,笹原,TRUE,↓,14:29:15
4137M,南福岡,FALSE,14:32:45,14:33:15
4137M,春日,TRUE,↓,14:34:45
4137M,大野城,FALSE,14:36:30,14:37:00
4137M,水城,TRUE,↓,14:38:00
4137M,大宰府（信）,TRUE,↓,14:38:30
4137M,都府楼南,TRUE,↓,14:39:45
4137M,二日市,FALSE,14:41:15,14:41:45
4137M,天拝山,FALSE,14:43:30,14:44:00
4137M,原田,FALSE,14:48:15,14:51:15
4137M,けやき台,FALSE,14:53:30,14:54:00
4137M,基山,FALSE,14:56:15,14:59:15
4137M,弥生が丘,FALSE,15:02:00,15:02:30
4137M,田代,FALSE,15:04:45,15:05:15
4137M,鳥栖[4],FALSE,15:07:30,
633H,門司港,FALSE,,13:05:00
633H,小森江,FALSE,13:09:45,13:10:15
633H,門司,FALSE,13:12:00,13:12:30
633H,北九州（タ）,TRUE,↓,13:14:00
633H,東小倉,TRUE,↓,13:16:15
633H,小倉[5],FALSE,13:19:15,13:25:15
633H,西小倉[4],FALSE,13:27:00,13:27:30
633H,九州工大前,FALSE,13:30:45,13:31:15
633H,戸畑,FALSE,13:33:00,13:33:30
633H,枝光,FALSE,13:36:15,13:36:45
633H,スペースワールド,FALSE,13:38:00,13:38:30
633H,八幡,FALSE,13:40:45,13:41:15
633H,黒崎,FALSE,13:43:30,13:44:00
633H,陣原,FALSE,13:47:15,13:47:45
633H,折尾[1],FALSE,13:51:00,13:51:30
633H,東水巻,FALSE,13:55:15,13:55:45
633H,中間,FALSE,13:57:30,13:58:00
633H,筑前垣生,FALSE,14:00:15,14:00:45
633H,鞍手,FALSE,14:03:00,14:03:30
633H,筑前植木,FALSE,14:06:15,14:06:45
633H,新入,FALSE,14:08:30,14:09:00
633H,直方,FALSE,14:12:45,
4139M,門司港,FALSE,,13:23:00
4139M,小森江,FALSE,13:28:15,13:28:45
4139M,門司,FALSE,13:30:30,13:31:00
4139M,北九州（タ）,TRUE,↓,13:32:30
4139M,東小倉,TRUE,↓,13:34:45
4139M,小倉[5],FALSE,13:37:15,13:44:15
4139M,西小倉[4],FALSE,13:46:00,13:46:30
4139M,九州工大前,FALSE,13:49:45,13:50:15
4139M,戸畑,FALSE,13:52:00,13:52:30
4139M,枝光,FALSE,13:55:15,13:55:45
4139M,スペースワールド,FALSE,13:57:00,13:57:30
4139M,八幡,FALSE,13:59:45,14:00:15
4139M,黒崎,FALSE,14:02:30,14:03:00
4139M,陣原,FALSE,14:05:15,14:05:45
4139M,折尾[3],FALSE,14:08:30,14:09:00
4139M,水巻,TRUE,↓,14:10:15
4139M,遠賀川,TRUE,↓,14:13:30
4139M,海老津,FALSE,14:16:15,14:16:45
4139M,教育大前,TRUE,↓,14:18:30
4139M,赤間,FALSE,14:22:00,14:22:30
4139M,東郷,FALSE,14:26:45,14:27:15
4139M,東福間,TRUE,↓,14:29:15
4139M,福間,FALSE,14:31:30,14:32:00
4139M,千鳥,TRUE,↓,14:33:30
4139M,古賀,FALSE,14:36:15,14:39:15
4139M,ししぶ,TRUE,↓,14:40:00
4139M,新宮中央,TRUE,↓,14:41:30
4139M,福工大前,FALSE,14:43:00,14:43:30
4139M,九産大前,TRUE,↓,14:45:30
4139M,香椎,FALSE,14:47:45,14:48:15
4139M,千早,FALSE,14:49:30,14:50:00
4139M,千早（操）,TRUE,↓,14:52:30
4139M,箱崎,TRUE,↓,14:54:00
4139M,吉塚,FALSE,14:55:15,14:55:45
4139M,博多[6],FALSE,14:58:30,14:59:00
4139M,竹下,TRUE,↓,15:00:30
4139M,笹原,TRUE,↓,15:02:15
4139M,南福岡,FALSE,15:05:45,15:06:15
4139M,春日,TRUE,↓,15:07:45
4139M,大野城,FALSE,15:09:00,15:09:30
4139M,水城,TRUE,↓,15:10:30
4139M,大宰府（信）,TRUE,↓,15:11:00
4139M,都府楼南,TRUE,↓,15:12:15
4139M,二日市,FALSE,15:14:15,15:14:45
4139M,天拝山,TRUE,↓,15:17:15
4139M,原田,FALSE,15:19:00,15:19:30
4139M,けやき台,TRUE,↓,15:21:00
4139M,基山,FALSE,15:23:15,15:23:45
4139M,弥生が丘,TRUE,↓,15:25:00
4139M,田代,TRUE,↓,15:27:00
4139M,鳥栖[6],FALSE,15:28:30,15:29:00
4139M,肥前旭,TRUE,↓,15:31:45
4139M,久留米[1],FALSE,15:35:45,15:36:15
4139M,荒木,FALSE,15:40:30,15:41:00
4139M,西牟田,TRUE,↓,15:44:00
4139M,羽犬塚,FALSE,15:46:45,
4141M,門司港,FALSE,,13:48:00
4141M,小森江,FALSE,13:52:45,13:53:15
4141M,門司,FALSE,13:55:00,13:55:30
4141M,北九州（タ）,TRUE,↓,13:57:00
4141M,東小倉,TRUE,↓,13:59:15
4141M,小倉[5],FALSE,14:01:15,14:07:15
4141M,西小倉[4],FALSE,14:09:00,14:09:30
4141M,九州工大前,FALSE,14:12:45,14:13:15
4141M,戸畑,FALSE,14:15:00,14:15:30
4141M,枝光,FALSE,14:18:15,14:18:45
4141M,スペースワールド,FALSE,14:20:00,14:20:30
4141M,八幡,FALSE,14:22:45,14:23:15
4141M,黒崎,FALSE,14:25:30,14:26:00
4141M,陣原,FALSE,14:28:45,14:29:15
4141M,折尾[3],FALSE,14:32:00,14:32:30
4141M,水巻,FALSE,14:35:15,14:35:45
4141M,遠賀川,FALSE,14:37:30,14:38:00
4141M,海老津,FALSE,14:42:45,14:43:15
4141M,教育大前,FALSE,14:47:00,14:47:30
4141M,赤間,FALSE,14:49:45,14:50:15
4141M,東郷,FALSE,14:53:30,14:54:00
4141M,東福間,FALSE,14:57:15,14:57:45
4141M,福間,FALSE,15:00:00,15:00:30
4141M,千鳥,TRUE,↓,15:02:00
4141M,古賀,FALSE,15:04:15,15:04:45
4141M,ししぶ,TRUE,↓,15:05:30
4141M,新宮中央,TRUE,↓,15:07:00
4141M,福工大前,FALSE,15:08:00,15:08:30
4141M,九産大前,TRUE,↓,15:10:30
4141M,香椎,FALSE,15:12:45,15:13:15
4141M,千早,FALSE,15:15:00,15:15:30
4141M,千早（操）,TRUE,↓,15:18:00
4141M,箱崎,TRUE,↓,15:19:30
4141M,吉塚,FALSE,15:20:15,15:20:45
4141M,博多[7],FALSE,15:23:00,15:26:00
4141M,竹下,TRUE,↓,15:27:30
4141M,笹原,TRUE,↓,15:29:15
4141M,南福岡,FALSE,15:32:45,15:33:15
4141M,春日,TRUE,↓,15:34:45
4141M,大野城,FALSE,15:36:30,15:37:00
4141M,水城,TRUE,↓,15:38:00
4141M,大宰府（信）,TRUE,↓,15:38:30
4141M,都府楼南,TRUE,↓,15:39:45
4141M,二日市,FALSE,15:41:45,15:42:15
4141M,天拝山,FALSE,15:44:00,15:44:30
4141M,原田,FALSE,15:48:15,15:52:15
4141M,けやき台,FALSE,15:54:30,15:55:00
4141M,基山,FALSE,15:57:15,15:57:45
4141M,弥生が丘,FALSE,16:00:00,16:00:30
4141M,田代,FALSE,16:03:15,16:03:45
4141M,鳥栖[6],FALSE,16:05:30,
635H,門司港,FALSE,,14:05:00
635H,小森江,FALSE,14:09:45,14:10:15
635H,門司,FALSE,14:12:00,14:12:30
635H,北九州（タ）,TRUE,↓,14:14:00
635H,東小倉,TRUE,↓,14:16:15
635H,小倉[5],FALSE,14:19:15,14:24:15
635H,西小倉[4],FALSE,14:25:30,14:26:00
635H,九州工大前,FALSE,14:29:15,14:29:45
635H,戸畑,FALSE,14:31:30,14:32:00
635H,枝光,FALSE,14:34:45,14:35:15
635H,スペースワールド,FALSE,14:36:30,14:37:00
635H,八幡,FALSE,14:39:15,14:39:45
635H,黒崎,FALSE,14:42:00,14:42:30
635H,陣原,FALSE,14:46:15,14:46:45
635H,折尾[1],FALSE,14:50:00,14:50:30
635H,東水巻,FALSE,14:54:15,14:54:45
635H,中間,FALSE,14:56:30,14:57:00
635H,筑前垣生,FALSE,14:59:15,14:59:45
635H,鞍手,FALSE,15:02:00,15:02:30
635H,筑前植木,FALSE,15:05:15,15:05:45
635H,新入,FALSE,15:07:30,15:08:00
635H,直方,FALSE,15:11:45,
3125M,門司港,FALSE,,14:23:00
3125M,小森江,FALSE,14:28:45,14:29:15
3125M,門司,FALSE,14:31:00,14:31:30
3125M,北九州（タ）,TRUE,↓,14:33:00
3125M,東小倉,TRUE,↓,14:35:15
3125M,小倉[5],FALSE,14:37:15,14:44:15
3125M,西小倉[4],FALSE,14:46:00,14:46:30
3125M,九州工大前,FALSE,14:49:45,14:50:15
3125M,戸畑,FALSE,14:52:00,14:52:30
3125M,枝光,FALSE,14:55:15,14:55:45
3125M,スペースワールド,FALSE,14:57:00,14:57:30
3125M,八幡,FALSE,14:59:45,15:00:15
3125M,黒崎,FALSE,15:02:30,15:03:00
3125M,陣原,FALSE,15:05:15,15:05:45
3125M,折尾[3],FALSE,15:08:30,15:09:00
3125M,水巻,TRUE,↓,15:10:15
3125M,遠賀川,TRUE,↓,15:13:30
3125M,海老津,FALSE,15:16:15,15:16:45
3125M,教育大前,TRUE,↓,15:18:30
3125M,赤間,FALSE,15:22:30,15:23:00
3125M,東郷,FALSE,15:27:15,15:27:45
3125M,東福間,TRUE,↓,15:29:45
3125M,福間,FALSE,15:32:00,15:32:30
3125M,千鳥,TRUE,↓,15:34:00
3125M,古賀,FALSE,15:36:15,15:40:15
3125M,ししぶ,TRUE,↓,15:41:00
3125M,新宮中央,TRUE,↓,15:42:30
3125M,福工大前,FALSE,15:44:30,15:45:00
3125M,九産大前,TRUE,↓,15:47:00
3125M,香椎,FALSE,15:49:45,15:50:15
3125M,千早,FALSE,15:52:00,15:52:30
3125M,千早（操）,TRUE,↓,15:55:00
3125M,箱崎,TRUE,↓,15:56:30
3125M,吉塚,FALSE,15:58:15,15:58:45
3125M,博多[7],FALSE,16:01:30,16:02:00
3125M,竹下,TRUE,↓,16:03:30
3125M,笹原,TRUE,↓,16:05:15
3125M,南福岡,FALSE,16:09:45,16:10:15
3125M,春日,TRUE,↓,16:11:45
3125M,大野城,FALSE,16:13:00,16:13:30
3125M,水城,TRUE,↓,16:14:30
3125M,大宰府（信）,TRUE,↓,16:15:00
3125M,都府楼南,TRUE,↓,16:16:15
3125M,二日市,FALSE,16:18:45,
4143M,門司港,FALSE,,14:48:00
4143M,小森江,FALSE,14:52:45,14:53:15
4143M,門司,FALSE,14:55:00,14:55:30
4143M,北九州（タ）,TRUE,↓,14:57:00
4143M,東小倉,TRUE,↓,14:59:15
4143M,小倉[5],FALSE,15:01:15,15:07:15
4143M,西小倉[4],FALSE,15:09:00,15:09:30
4143M,九州工大前,FALSE,15:12:45,15:13:15
4143M,戸畑,FALSE,15:15:00,15:15:30
4143M,枝光,FALSE,15:18:15,15:18:45
4143M,スペースワールド,FALSE,15:20:00,15:20:30
4143M,八幡,FALSE,15:22:45,15:23:15
4143M,黒崎,FALSE,15:25:30,15:26:00
4143M,陣原,FALSE,15:28:15,15:28:45
4143M,折尾[3],FALSE,15:31:30,15:32:00
4143M,水巻,FALSE,15:34:45,15:35:15
4143M,遠賀川,FALSE,15:37:30,15:38:00
4143M,海老津,FALSE,15:42:15,15:42:45
4143M,教育大前,FALSE,15:47:00,15:47:30
4143M,赤間,FALSE,15:49:45,15:50:15
4143M,東郷,FALSE,15:53:30,15:54:00
4143M,東福間,FALSE,15:57:15,15:57:45
4143M,福間,FALSE,16:00:00,16:00:30
4143M,千鳥,TRUE,↓,16:02:00
4143M,古賀,FALSE,16:03:45,16:04:15
4143M,ししぶ,TRUE,↓,16:05:00
4143M,新宮中央,TRUE,↓,16:06:30
4143M,福工大前,FALSE,16:08:00,16:08:30
4143M,九産大前,TRUE,↓,16:10:30
4143M,香椎,FALSE,16:12:45,16:13:15
4143M,千早,FALSE,16:15:00,16:15:30
4143M,千早（操）,TRUE,↓,16:18:00
4143M,箱崎,TRUE,↓,16:19:30
4143M,吉塚,FALSE,16:20:15,16:20:45
4143M,博多[6],FALSE,16:23:00,16:25:00
4143M,竹下,TRUE,↓,16:26:30
4143M,笹原,TRUE,↓,16:28:15
4143M,南福岡,FALSE,16:32:45,16:33:15
4143M,春日,TRUE,↓,16:34:45
4143M,大野城,FALSE,16:37:00,16:37:30
4143M,水城,TRUE,↓,16:38:30
4143M,大宰府（信）,TRUE,↓,16:39:00
4143M,都府楼南,TRUE,↓,16:40:15
4143M,二日市,FALSE,16:43:15,16:48:15
4143M,天拝山,FALSE,16:50:30,16:51:00
4143M,原田,FALSE,16:54:45,16:55:15
4143M,けやき台,FALSE,16:57:30,16:58:00
4143M,基山,FALSE,17:00:15,17:00:45
4143M,弥生が丘,FALSE,17:03:00,17:03:30
4143M,田代,FALSE,17:06:15,17:06:45
4143M,鳥栖[5],FALSE,17:09:30,17:10:00
4143M,肥前旭,FALSE,17:13:45,17:14:15
4143M,久留米[1],FALSE,17:18:30,
637H,門司港,FALSE,,14:59:00
637H,小森江,FALSE,15:03:45,15:04:15
637H,門司,FALSE,15:05:30,15:06:00
637H,北九州（タ）,TRUE,↓,15:07:30
637H,東小倉,TRUE,↓,15:09:45
637H,小倉[5],FALSE,15:12:15,15:22:15
637H,西小倉[4],FALSE,15:24:30,15:25:00
637H,九州工大前,FALSE,15:28:15,15:28:45
637H,戸畑,FALSE,15:31:00,15:31:30
637H,枝光,FALSE,15:34:15,15:34:45
637H,スペースワールド,FALSE,15:36:30,15:37:00
637H,八幡,FALSE,15:39:15,15:39:45
637H,黒崎,FALSE,15:42:00,15:42:30
637H,陣原,FALSE,15:46:15,15:46:45
637H,折尾[1],FALSE,15:50:30,15:51:00
637H,東水巻,FALSE,15:54:45,15:55:15
637H,中間,FALSE,15:57:00,15:57:30
637H,筑前垣生,FALSE,15:59:45,16:00:15
637H,鞍手,FALSE,16:02:30,16:03:00
637H,筑前植木,FALSE,16:05:45,16:06:15
637H,新入,FALSE,16:08:00,16:08:30
637H,直方,FALSE,16:11:45,
2225M,門司港,FALSE,,15:13:00
2225M,小森江,FALSE,15:17:45,15:18:15
2225M,門司,FALSE,15:20:00,15:20:30
2225M,北九州（タ）,TRUE,↓,15:22:00
2225M,東小倉,TRUE,↓,15:24:15
2225M,小倉[5],FALSE,15:26:15,15:31:15
2225M,西小倉[4],FALSE,15:33:30,15:34:00
2225M,九州工大前,FALSE,15:37:45,15:38:15
2225M,戸畑,FALSE,15:40:00,15:40:30
2225M,枝光,FALSE,15:43:15,15:43:45
2225M,スペースワールド,FALSE,15:45:00,15:51:00
2225M,八幡,FALSE,15:53:15,15:53:45
2225M,黒崎,FALSE,15:57:00,15:57:30
2225M,陣原,FALSE,16:00:15,16:00:45
2225M,折尾[3],FALSE,16:04:00,16:04:30
2225M,水巻,FALSE,16:07:45,16:08:15
2225M,遠賀川,FALSE,16:11:30,
4145M,門司港,FALSE,,15:24:00
4145M,小森江,FALSE,15:28:45,15:29:15
4145M,門司,FALSE,15:30:30,15:31:00
4145M,北九州（タ）,TRUE,↓,15:32:30
4145M,東小倉,TRUE,↓,15:34:45
4145M,小倉[5],FALSE,15:36:15,15:44:15
4145M,西小倉[4],FALSE,15:46:30,15:47:00
4145M,九州工大前,FALSE,15:50:15,15:50:45
4145M,戸畑,FALSE,15:52:30,15:53:00
4145M,枝光,FALSE,15:55:15,15:55:45
4145M,スペースワールド,FALSE,15:57:30,15:58:00
4145M,八幡,FALSE,15:59:45,16:00:15
4145M,黒崎,FALSE,16:02:30,16:03:00
4145M,陣原,FALSE,16:05:45,16:06:15
4145M,折尾[3],FALSE,16:09:00,16:09:30
4145M,水巻,TRUE,↓,16:10:45
4145M,遠賀川,TRUE,↓,16:14:00
4145M,海老津,FALSE,16:16:45,16:17:15
4145M,教育大前,TRUE,↓,16:19:00
4145M,赤間,FALSE,16:22:30,16:23:00
4145M,東郷,FALSE,16:26:45,16:27:15
4145M,東福間,TRUE,↓,16:29:15
4145M,福間,FALSE,16:32:00,16:32:30
4145M,千鳥,TRUE,↓,16:34:00
4145M,古賀,FALSE,16:36:15,16:40:15
4145M,ししぶ,TRUE,↓,16:41:00
4145M,新宮中央,TRUE,↓,16:42:30
4145M,福工大前,FALSE,16:45:00,16:45:30
4145M,九産大前,TRUE,↓,16:47:30
4145M,香椎,FALSE,16:50:15,16:50:45
4145M,千早,FALSE,16:53:00,16:53:30
4145M,千早（操）,TRUE,↓,16:56:00
4145M,箱崎,TRUE,↓,16:57:30
4145M,吉塚,FALSE,16:59:15,16:59:45
4145M,博多[6],FALSE,17:02:00,17:04:00
4145M,竹下,TRUE,↓,17:05:30
4145M,笹原,TRUE,↓,17:07:15
4145M,南福岡,FALSE,17:11:15,17:13:15
4145M,春日,TRUE,↓,17:14:45
4145M,大野城,FALSE,17:16:30,17:17:00
4145M,水城,TRUE,↓,17:18:00
4145M,大宰府（信）,TRUE,↓,17:18:30
4145M,都府楼南,TRUE,↓,17:19:45
4145M,二日市,FALSE,17:22:15,17:22:45
4145M,天拝山,TRUE,↓,17:25:15
4145M,原田,FALSE,17:26:30,17:27:00
4145M,けやき台,TRUE,↓,17:28:30
4145M,基山,FALSE,17:30:45,17:31:15
4145M,弥生が丘,TRUE,↓,17:32:30
4145M,田代,TRUE,↓,17:34:30
4145M,鳥栖[5],FALSE,17:35:30,17:36:00
4145M,肥前旭,TRUE,↓,17:38:45
4145M,久留米[3],FALSE,17:42:15,17:42:45
4145M,荒木,FALSE,17:46:30,17:47:00
4145M,西牟田,TRUE,↓,17:50:00
4145M,羽犬塚,FALSE,17:53:45,
141M,門司港,FALSE,,15:41:00
141M,小森江,FALSE,15:46:15,15:46:45
141M,門司,FALSE,15:48:00,15:48:30
141M,北九州（タ）,TRUE,↓,15:50:00
141M,東小倉,TRUE,↓,15:52:15
141M,小倉[5],FALSE,15:55:45,15:56:15
141M,西小倉[4],FALSE,15:58:00,15:58:30
141M,九州工大前,FALSE,16:01:45,16:02:15
141M,戸畑,FALSE,16:04:00,16:04:30
141M,枝光,FALSE,16:06:45,16:07:15
141M,スペースワールド,FALSE,16:09:00,16:13:00
141M,八幡,FALSE,16:15:15,16:15:45
141M,黒崎,FALSE,16:18:00,16:18:30
141M,陣原,FALSE,16:21:15,16:21:45
141M,折尾[3],FALSE,16:24:30,16:25:00
141M,水巻,FALSE,16:27:45,16:28:15
141M,遠賀川,FALSE,16:30:00,16:30:30
141M,海老津,FALSE,16:35:15,16:35:45
141M,教育大前,FALSE,16:39:30,16:40:00
141M,赤間,FALSE,16:42:15,16:48:15
141M,東郷,FALSE,16:52:00,16:52:30
141M,東福間,FALSE,16:55:45,16:56:15
141M,福間,FALSE,16:58:30,16:59:00
141M,千鳥,FALSE,17:01:15,17:01:45
141M,古賀,FALSE,17:03:30,17:04:00
141M,ししぶ,FALSE,17:06:15,17:06:45
141M,新宮中央,FALSE,17:08:00,17:08:30
141M,福工大前,FALSE,17:10:45,17:11:15
141M,九産大前,FALSE,17:14:00,17:14:30
141M,香椎,FALSE,17:16:45,17:17:15
141M,千早,FALSE,17:19:00,17:24:00
141M,千早（操）,TRUE,↓,17:26:30
141M,箱崎,FALSE,17:28:45,17:29:15
141M,吉塚,FALSE,17:31:00,17:31:30
141M,博多[7],FALSE,17:34:15,17:36:15
141M,竹下,FALSE,17:39:30,17:40:00
141M,笹原,FALSE,17:42:45,17:43:15
141M,南福岡,FALSE,17:46:30,
4225M,門司港,FALSE,,15:59:00
4225M,小森江,FALSE,16:03:45,16:04:15
4225M,門司,FALSE,16:05:30,16:06:00
4225M,北九州（タ）,TRUE,↓,16:07:30
4225M,東小倉,TRUE,↓,16:09:45
4225M,小倉[5],FALSE,16:11:45,16:12:15
4225M,西小倉[4],FALSE,16:14:30,16:15:00
4225M,九州工大前,TRUE,↓,16:16:30
4225M,戸畑,FALSE,16:19:45,16:20:15
4225M,枝光,TRUE,↓,16:21:00
4225M,スペースワールド,TRUE,↓,16:22:00
4225M,八幡,FALSE,16:23:30,16:24:00
4225M,黒崎,FALSE,16:26:45,16:27:15
4225M,陣原,TRUE,↓,16:29:45
4225M,折尾[3],FALSE,16:31:30,16:32:00
4225M,水巻,TRUE,↓,16:33:15
4225M,遠賀川,TRUE,↓,16:36:30
4225M,海老津,FALSE,16:39:15,16:39:45
4225M,教育大前,TRUE,↓,16:41:30
4225M,赤間,FALSE,16:45:00,16:45:30
4225M,東郷,FALSE,16:49:15,16:49:45
4225M,東福間,TRUE,↓,16:51:45
4225M,福間,FALSE,16:54:30,16:55:00
4225M,千鳥,TRUE,↓,16:56:30
4225M,古賀,FALSE,16:58:15,16:58:45
4225M,ししぶ,TRUE,↓,16:59:30
4225M,新宮中央,TRUE,↓,17:01:00
4225M,福工大前,FALSE,17:02:30,17:03:00
4225M,九産大前,TRUE,↓,17:05:00
4225M,香椎,FALSE,17:06:45,17:07:15
4225M,千早,FALSE,17:09:00,17:09:30
4225M,千早（操）,TRUE,↓,17:12:00
4225M,箱崎,TRUE,↓,17:13:30
4225M,吉塚,FALSE,17:14:15,17:14:45
4225M,博多[6],FALSE,17:17:00,17:20:00
4225M,竹下,TRUE,↓,17:21:30
4225M,笹原,TRUE,↓,17:23:15
4225M,南福岡,FALSE,17:26:45,17:27:15
4225M,春日,TRUE,↓,17:28:45
4225M,大野城,FALSE,17:30:30,17:31:00
4225M,水城,TRUE,↓,17:32:00
4225M,大宰府（信）,TRUE,↓,17:32:30
4225M,都府楼南,TRUE,↓,17:33:45
4225M,二日市,FALSE,17:35:45,17:36:15
4225M,天拝山,TRUE,↓,17:38:45
4225M,原田,FALSE,17:41:00,17:41:30
4225M,けやき台,TRUE,↓,17:43:00
4225M,基山,FALSE,17:45:45,17:46:15
4225M,弥生が丘,TRUE,↓,17:47:30
4225M,田代,TRUE,↓,17:49:30
4225M,鳥栖[6],FALSE,17:50:30,17:51:00
4225M,肥前旭,TRUE,↓,17:53:45
4225M,久留米[3],FALSE,17:57:45,17:58:15
4225M,荒木,FALSE,18:02:00,18:02:30
4225M,西牟田,TRUE,↓,18:05:30
4225M,羽犬塚,FALSE,18:08:45,
2227M,門司港,FALSE,,16:23:00
2227M,小森江,FALSE,16:27:45,16:28:15
2227M,門司,FALSE,16:30:00,16:30:30
2227M,北九州（タ）,TRUE,↓,16:32:00
2227M,東小倉,TRUE,↓,16:34:15
2227M,小倉[5],FALSE,16:36:15,16:45:15
2227M,西小倉[4],FALSE,16:46:30,16:47:00
2227M,九州工大前,FALSE,16:50:45,16:51:15
2227M,戸畑,FALSE,16:53:30,16:54:00
2227M,枝光,FALSE,16:56:45,16:57:15
2227M,スペースワールド,FALSE,16:58:30,16:59:00
2227M,八幡,FALSE,17:01:15,17:01:45
2227M,黒崎,FALSE,17:04:30,17:05:00
2227M,陣原,FALSE,17:07:45,17:08:15
2227M,折尾[3],FALSE,17:11:00,17:11:30
2227M,水巻,FALSE,17:14:15,17:14:45
2227M,遠賀川,FALSE,17:17:30,
4149M,門司港,FALSE,,16:42:00
4149M,小森江,FALSE,16:47:15,16:47:45
4149M,門司,FALSE,16:49:00,16:49:30
4149M,北九州（タ）,TRUE,↓,16:51:00
4149M,東小倉,TRUE,↓,16:53:15
4149M,小倉[5],FALSE,16:56:45,16:57:15
4149M,西小倉[4],FALSE,16:58:30,16:59:00
4149M,九州工大前,FALSE,17:02:15,17:02:45
4149M,戸畑,FALSE,17:04:30,17:05:00
4149M,枝光,FALSE,17:07:45,17:08:15
4149M,スペースワールド,FALSE,17:09:00,17:13:00
4149M,八幡,FALSE,17:16:15,17:16:45
4149M,黒崎,FALSE,17:20:30,17:21:00
4149M,陣原,FALSE,17:24:15,17:24:45
4149M,折尾[4],FALSE,17:28:00,17:36:00
4149M,水巻,FALSE,17:38:45,17:39:15
4149M,遠賀川,FALSE,17:41:30,17:42:00
4149M,海老津,FALSE,17:46:45,17:47:15
4149M,教育大前,FALSE,17:51:30,17:52:00
4149M,赤間,FALSE,17:54:45,17:55:15
4149M,東郷,FALSE,17:58:30,17:59:00
4149M,東福間,FALSE,18:02:45,18:03:15
4149M,福間,FALSE,18:05:30,18:06:00
4149M,千鳥,TRUE,↓,18:07:30
4149M,古賀,FALSE,18:10:15,18:10:45
4149M,ししぶ,TRUE,↓,18:11:30
4149M,新宮中央,TRUE,↓,18:13:00
4149M,福工大前,FALSE,18:15:00,18:21:00
4149M,九産大前,TRUE,↓,18:23:00
4149M,香椎,FALSE,18:25:45,18:26:15
4149M,千早,FALSE,18:28:00,18:28:30
4149M,千早（操）,TRUE,↓,18:31:00
4149M,箱崎,TRUE,↓,18:32:30
4149M,吉塚,FALSE,18:33:45,18:34:15
4149M,博多[5],FALSE,18:37:00,18:42:00
4149M,竹下,FALSE,18:45:45,18:46:15
4149M,笹原,FALSE,18:48:30,18:49:00
4149M,南福岡,FALSE,18:51:45,18:52:15
4149M,春日,TRUE,↓,18:53:45
4149M,大野城,FALSE,18:54:30,18:55:00
4149M,水城,TRUE,↓,18:56:00
4149M,大宰府（信）,TRUE,↓,18:56:30
4149M,都府楼南,TRUE,↓,18:57:45
4149M,二日市,FALSE,18:59:45,19:00:15
4149M,天拝山,TRUE,↓,19:02:45
4149M,原田,FALSE,19:04:30,19:05:00
4149M,けやき台,TRUE,↓,19:06:30
4149M,基山,FALSE,19:08:15,19:08:45
4149M,弥生が丘,TRUE,↓,19:10:00
4149M,田代,TRUE,↓,19:12:00
4149M,鳥栖[5],FALSE,19:14:00,19:14:30
4149M,肥前旭,FALSE,19:18:15,19:18:45
4149M,久留米[3],FALSE,19:22:30,19:23:00
4149M,荒木,FALSE,19:27:45,19:28:15
4149M,西牟田,FALSE,19:31:00,19:31:30
4149M,羽犬塚,FALSE,19:35:45,
4227M,門司港,FALSE,,16:59:00
4227M,小森江,FALSE,17:03:45,17:04:15
4227M,門司,FALSE,17:06:00,17:06:30
4227M,北九州（タ）,TRUE,↓,17:08:00
4227M,東小倉,TRUE,↓,17:10:15
4227M,小倉[5],FALSE,17:12:45,17:13:15
4227M,西小倉[4],FALSE,17:15:00,17:15:30
4227M,九州工大前,TRUE,↓,17:17:00
4227M,戸畑,FALSE,17:20:15,17:20:45
4227M,枝光,TRUE,↓,17:21:30
4227M,スペースワールド,TRUE,↓,17:22:30
4227M,八幡,FALSE,17:24:00,17:24:30
4227M,黒崎,FALSE,17:27:45,17:28:15
4227M,陣原,TRUE,↓,17:30:45
4227M,折尾[3],FALSE,17:32:30,17:33:00
4227M,水巻,TRUE,↓,17:34:15
4227M,遠賀川,TRUE,↓,17:37:30
4227M,海老津,FALSE,17:39:45,17:40:15
4227M,教育大前,TRUE,↓,17:42:00
4227M,赤間,FALSE,17:45:30,17:46:00
4227M,東郷,FALSE,17:49:45,17:50:15
4227M,東福間,TRUE,↓,17:52:15
4227M,福間,FALSE,17:55:00,17:55:30
4227M,千鳥,TRUE,↓,17:57:00
4227M,古賀,FALSE,17:59:15,17:59:45
4227M,ししぶ,TRUE,↓,18:00:30
4227M,新宮中央,TRUE,↓,18:02:00
4227M,福工大前,FALSE,18:04:30,18:05:00
4227M,九産大前,TRUE,↓,18:07:00
4227M,香椎,FALSE,18:09:45,18:10:15
4227M,千早,FALSE,18:12:00,18:12:30
4227M,千早（操）,TRUE,↓,18:15:00
4227M,箱崎,TRUE,↓,18:16:30
4227M,吉塚,FALSE,18:18:15,18:18:45
4227M,博多[5],FALSE,18:21:00,18:23:00
4227M,竹下,TRUE,↓,18:24:30
4227M,笹原,TRUE,↓,18:26:15
4227M,南福岡,FALSE,18:29:45,18:30:15
4227M,春日,TRUE,↓,18:31:45
4227M,大野城,FALSE,18:33:30,18:34:00
4227M,水城,TRUE,↓,18:35:00
4227M,大宰府（信）,TRUE,↓,18:35:30
4227M,都府楼南,TRUE,↓,18:36:45
4227M,二日市,FALSE,18:39:15,18:39:45
4227M,天拝山,TRUE,↓,18:42:15
4227M,原田,FALSE,18:43:30,18:44:00
4227M,けやき台,TRUE,↓,18:45:30
4227M,基山,FALSE,18:47:45,18:48:15
4227M,弥生が丘,TRUE,↓,18:49:30
4227M,田代,TRUE,↓,18:51:30
4227M,鳥栖[5],FALSE,18:53:00,18:53:30
4227M,肥前旭,TRUE,↓,18:56:15
4227M,久留米[3],FALSE,19:00:45,19:01:15
4227M,荒木,FALSE,19:05:00,19:05:30
4227M,西牟田,TRUE,↓,19:08:30
4227M,羽犬塚,FALSE,19:11:15,19:11:45
4227M,筑後船小屋,FALSE,19:15:00,19:15:30
4227M,瀬高,FALSE,19:18:45,19:19:15
4227M,南瀬高,TRUE,↓,19:21:45
4227M,渡瀬,TRUE,↓,19:23:30
4227M,吉野,TRUE,↓,19:25:00
4227M,銀水,TRUE,↓,19:27:30
4227M,大牟田,FALSE,19:29:30,
4151M,門司港,FALSE,,17:13:00
4151M,小森江,FALSE,17:17:45,17:18:15
4151M,門司,FALSE,17:20:00,17:20:30
4151M,北九州（タ）,TRUE,↓,17:22:00
4151M,東小倉,TRUE,↓,17:24:15
4151M,小倉[5],FALSE,17:26:45,17:27:15
4151M,西小倉[4],FALSE,17:29:00,17:29:30
4151M,九州工大前,FALSE,17:33:15,17:33:45
4151M,戸畑,FALSE,17:35:30,17:36:00
4151M,枝光,FALSE,17:38:15,17:38:45
4151M,スペースワールド,FALSE,17:40:30,17:41:00
4151M,八幡,FALSE,17:42:45,17:43:15
4151M,黒崎,FALSE,17:45:30,17:46:00
4151M,陣原,FALSE,17:49:15,17:49:45
4151M,折尾[4],FALSE,17:53:00,17:59:00
4151M,水巻,FALSE,18:01:45,18:02:15
4151M,遠賀川,FALSE,18:04:30,18:05:00
4151M,海老津,FALSE,18:10:15,18:10:45
4151M,教育大前,FALSE,18:15:30,18:16:00
4151M,赤間,FALSE,18:18:45,18:19:15
4151M,東郷,FALSE,18:23:00,18:23:30
4151M,東福間,FALSE,18:26:45,18:27:15
4151M,福間,FALSE,18:30:00,18:30:30
4151M,千鳥,TRUE,↓,18:32:00
4151M,古賀,FALSE,18:34:45,18:35:15
4151M,ししぶ,TRUE,↓,18:36:00
4151M,新宮中央,TRUE,↓,18:37:30
4151M,福工大前,FALSE,18:40:00,18:44:00
4151M,九産大前,TRUE,↓,18:46:00
4151M,香椎,FALSE,18:49:15,18:49:45
4151M,千早,FALSE,18:51:30,18:52:00
4151M,千早（操）,TRUE,↓,18:54:30
4151M,箱崎,TRUE,↓,18:56:00
4151M,吉塚,FALSE,18:58:45,18:59:15
4151M,博多[5],FALSE,19:02:00,19:07:00
4151M,竹下,TRUE,↓,19:08:30
4151M,笹原,TRUE,↓,19:10:15
4151M,南福岡,FALSE,19:13:45,19:14:15
4151M,春日,TRUE,↓,19:15:45
4151M,大野城,FALSE,19:17:00,19:17:30
4151M,水城,TRUE,↓,19:18:30
4151M,大宰府（信）,TRUE,↓,19:19:00
4151M,都府楼南,TRUE,↓,19:20:15
4151M,二日市,FALSE,19:22:15,19:22:45
4151M,天拝山,TRUE,↓,19:25:15
4151M,原田,FALSE,19:26:30,19:27:00
4151M,けやき台,TRUE,↓,19:28:30
4151M,基山,FALSE,19:30:45,19:31:15
4151M,弥生が丘,TRUE,↓,19:32:30
4151M,田代,TRUE,↓,19:34:30
4151M,鳥栖[6],FALSE,19:35:30,19:36:00
4151M,肥前旭,FALSE,19:40:15,19:40:45
4151M,久留米[1],FALSE,19:44:30,
2229M,門司港,FALSE,,17:26:00
2229M,小森江,FALSE,17:30:45,17:31:15
2229M,門司,FALSE,17:33:30,17:34:00
2229M,北九州（タ）,TRUE,↓,17:35:30
2229M,東小倉,TRUE,↓,17:37:45
2229M,小倉[5],FALSE,17:40:15,17:42:15
2229M,西小倉[4],FALSE,17:44:00,17:44:30
2229M,九州工大前,FALSE,17:47:45,17:48:15
2229M,戸畑,FALSE,17:50:00,17:50:30
2229M,枝光,FALSE,17:52:45,17:53:15
2229M,スペースワールド,FALSE,17:55:00,17:55:30
2229M,八幡,FALSE,17:57:15,17:57:45
2229M,黒崎,FALSE,18:00:00,18:00:30
2229M,陣原,FALSE,18:03:15,18:03:45
2229M,折尾[3],FALSE,18:06:30,18:07:00
2229M,水巻,FALSE,18:09:45,18:10:15
2229M,遠賀川,FALSE,18:12:30,
639H,門司港,FALSE,,17:37:00
639H,小森江,FALSE,17:41:45,17:42:15
639H,門司,FALSE,17:44:00,17:44:30
639H,北九州（タ）,TRUE,↓,17:46:00
639H,東小倉,TRUE,↓,17:48:15
639H,小倉[7],FALSE,17:50:45,17:51:15
639H,西小倉[4],FALSE,17:53:00,17:53:30
639H,九州工大前,FALSE,17:56:45,17:57:15
639H,戸畑,FALSE,17:59:00,17:59:30
639H,枝光,FALSE,18:02:15,18:02:45
639H,スペースワールド,FALSE,18:04:00,18:04:30
639H,八幡,FALSE,18:06:45,18:07:15
639H,黒崎,FALSE,18:09:30,18:10:00
639H,陣原,FALSE,18:13:45,18:14:15
639H,折尾[1],FALSE,18:18:00,18:25:00
639H,東水巻,FALSE,18:28:45,18:29:15
639H,中間,FALSE,18:31:00,18:31:30
639H,筑前垣生,FALSE,18:34:15,18:34:45
639H,鞍手,FALSE,18:37:00,18:37:30
639H,筑前植木,FALSE,18:40:45,18:41:15
639H,新入,FALSE,18:43:00,18:43:30
639H,直方,FALSE,18:46:45,
4155M,門司港,FALSE,,18:13:00
4155M,小森江,FALSE,18:17:45,18:18:15
4155M,門司,FALSE,18:20:00,18:20:30
4155M,北九州（タ）,TRUE,↓,18:22:00
4155M,東小倉,TRUE,↓,18:24:15
4155M,小倉[5],FALSE,18:26:45,18:27:15
4155M,西小倉[4],FALSE,18:29:30,18:30:00
4155M,九州工大前,FALSE,18:33:15,18:33:45
4155M,戸畑,FALSE,18:35:30,18:36:00
4155M,枝光,FALSE,18:38:45,18:39:15
4155M,スペースワールド,FALSE,18:41:00,18:41:30
4155M,八幡,FALSE,18:43:15,18:43:45
4155M,黒崎,FALSE,18:46:00,18:46:30
4155M,陣原,FALSE,18:49:15,18:49:45
4155M,折尾[4],FALSE,18:53:00,18:58:00
4155M,水巻,FALSE,19:01:15,19:01:45
4155M,遠賀川,FALSE,19:03:30,19:04:00
4155M,海老津,FALSE,19:08:45,19:09:15
4155M,教育大前,FALSE,19:13:00,19:13:30
4155M,赤間,FALSE,19:16:15,19:20:15
4155M,東郷,FALSE,19:24:00,19:24:30
4155M,東福間,FALSE,19:27:45,19:28:15
4155M,福間,FALSE,19:30:30,19:31:00
4155M,千鳥,TRUE,↓,19:32:30
4155M,古賀,FALSE,19:34:15,19:34:45
4155M,ししぶ,TRUE,↓,19:35:30
4155M,新宮中央,TRUE,↓,19:37:00
4155M,福工大前,FALSE,19:39:00,19:43:00
4155M,九産大前,TRUE,↓,19:45:00
4155M,香椎,FALSE,19:47:45,19:48:15
4155M,千早,FALSE,19:50:00,19:50:30
4155M,千早（操）,TRUE,↓,19:53:00
4155M,箱崎,TRUE,↓,19:54:30
4155M,吉塚,FALSE,19:55:15,19:55:45
4155M,博多[6],FALSE,19:58:00,20:06:00
4155M,竹下,TRUE,↓,20:07:30
4155M,笹原,TRUE,↓,20:09:15
4155M,南福岡,FALSE,20:12:45,20:13:15
4155M,春日,TRUE,↓,20:14:45
4155M,大野城,FALSE,20:16:30,20:17:00
4155M,水城,TRUE,↓,20:18:00
4155M,大宰府（信）,TRUE,↓,20:18:30
4155M,都府楼南,TRUE,↓,20:19:45
4155M,二日市,FALSE,20:22:15,20:22:45
4155M,天拝山,TRUE,↓,20:25:15
4155M,原田,FALSE,20:27:00,20:27:30
4155M,けやき台,TRUE,↓,20:29:00
4155M,基山,FALSE,20:30:45,20:31:15
4155M,弥生が丘,TRUE,↓,20:32:30
4155M,田代,TRUE,↓,20:34:30
4155M,鳥栖[5],FALSE,20:36:30,20:37:00
4155M,肥前旭,FALSE,20:41:15,20:41:45
4155M,久留米[3],FALSE,20:45:00,20:45:30
4155M,荒木,FALSE,20:50:15,20:50:45
4155M,西牟田,FALSE,20:53:30,20:54:00
4155M,羽犬塚,FALSE,20:58:15,20:58:45
4155M,筑後船小屋,FALSE,21:02:00,21:02:30
4155M,瀬高,FALSE,21:05:15,21:07:15
4155M,南瀬高,FALSE,21:10:00,21:10:30
4155M,渡瀬,FALSE,21:14:15,21:14:45
4155M,吉野,FALSE,21:17:00,21:17:30
4155M,銀水,FALSE,21:20:45,21:21:15
4155M,大牟田,FALSE,21:24:00,21:24:30
4155M,荒尾,FALSE,21:28:45,
2231M,門司港,FALSE,,18:28:00
2231M,小森江,FALSE,18:33:15,18:33:45
2231M,門司,FALSE,18:36:00,18:36:30
2231M,北九州（タ）,TRUE,↓,18:38:00
2231M,東小倉,TRUE,↓,18:40:15
2231M,小倉[5],FALSE,18:43:45,18:44:15
2231M,西小倉[4],FALSE,18:45:30,18:46:00
2231M,九州工大前,FALSE,18:49:45,18:50:15
2231M,戸畑,FALSE,18:52:30,18:53:00
2231M,枝光,FALSE,18:55:45,18:56:15
2231M,スペースワールド,FALSE,18:57:30,18:58:00
2231M,八幡,FALSE,19:00:15,19:00:45
2231M,黒崎,FALSE,19:03:30,19:04:00
2231M,陣原,FALSE,19:06:45,19:07:15
2231M,折尾[3],FALSE,19:10:30,19:11:00
2231M,水巻,FALSE,19:13:45,19:14:15
2231M,遠賀川,FALSE,19:16:30,
4231M,門司港,FALSE,,18:42:00
4231M,小森江,FALSE,18:46:45,18:47:15
4231M,門司,FALSE,18:49:00,18:49:30
4231M,北九州（タ）,TRUE,↓,18:51:00
4231M,東小倉,TRUE,↓,18:53:15
4231M,小倉[5],FALSE,18:55:45,18:56:15
4231M,西小倉[4],FALSE,18:58:00,18:58:30
4231M,九州工大前,TRUE,↓,19:00:00
4231M,戸畑,FALSE,19:02:45,19:03:15
4231M,枝光,TRUE,↓,19:04:00
4231M,スペースワールド,TRUE,↓,19:05:00
4231M,八幡,FALSE,19:07:00,19:07:30
4231M,黒崎,FALSE,19:10:45,19:11:15
4231M,陣原,TRUE,↓,19:13:45
4231M,折尾[4],FALSE,19:16:00,19:23:00
4231M,水巻,TRUE,↓,19:24:15
4231M,遠賀川,TRUE,↓,19:27:30
4231M,海老津,FALSE,19:31:15,19:31:45
4231M,教育大前,TRUE,↓,19:33:30
4231M,赤間,FALSE,19:37:30,19:38:00
4231M,東郷,FALSE,19:41:45,19:42:15
4231M,東福間,TRUE,↓,19:44:15
4231M,福間,FALSE,19:47:30,19:48:00
4231M,千鳥,TRUE,↓,19:49:30
4231M,古賀,FALSE,19:51:45,19:52:15
4231M,ししぶ,TRUE,↓,19:53:00
4231M,新宮中央,TRUE,↓,19:54:30
4231M,福工大前,FALSE,19:57:00,20:04:00
4231M,九産大前,TRUE,↓,20:06:00
4231M,香椎,FALSE,20:08:45,20:09:15
4231M,千早,FALSE,20:11:00,20:11:30
4231M,千早（操）,TRUE,↓,20:14:00
4231M,箱崎,TRUE,↓,20:15:30
4231M,吉塚,FALSE,20:16:45,20:17:15
4231M,博多[6],FALSE,20:19:00,20:22:00
4231M,竹下,TRUE,↓,20:23:30
4231M,笹原,TRUE,↓,20:25:15
4231M,南福岡,FALSE,20:29:45,20:30:15
4231M,春日,TRUE,↓,20:31:45
4231M,大野城,FALSE,20:33:30,20:34:00
4231M,水城,TRUE,↓,20:35:00
4231M,大宰府（信）,TRUE,↓,20:35:30
4231M,都府楼南,TRUE,↓,20:36:45
4231M,二日市,FALSE,20:38:45,20:39:15
4231M,天拝山,TRUE,↓,20:41:45
4231M,原田,FALSE,20:43:00,20:43:30
4231M,けやき台,TRUE,↓,20:45:00
4231M,基山,FALSE,20:47:15,20:47:45
4231M,弥生が丘,TRUE,↓,20:49:00
4231M,田代,TRUE,↓,20:51:00
4231M,鳥栖[6],FALSE,20:52:00,20:54:00
4231M,肥前旭,TRUE,↓,20:56:45
4231M,久留米[3],FALSE,21:00:15,21:03:15
4231M,荒木,FALSE,21:08:00,21:08:30
4231M,西牟田,TRUE,↓,21:11:30
4231M,羽犬塚,FALSE,21:14:45,
143M,門司港,FALSE,,19:10:00
143M,小森江,FALSE,19:15:15,19:15:45
143M,門司,FALSE,19:17:00,19:17:30
143M,北九州（タ）,TRUE,↓,19:19:00
143M,東小倉,TRUE,↓,19:21:15
143M,小倉[6],FALSE,19:23:15,19:30:15
143M,西小倉[4],FALSE,19:32:00,19:32:30
143M,九州工大前,FALSE,19:35:45,19:36:15
143M,戸畑,FALSE,19:38:00,19:38:30
143M,枝光,FALSE,19:41:15,19:41:45
143M,スペースワールド,FALSE,19:43:00,19:43:30
143M,八幡,FALSE,19:46:15,19:50:15
143M,黒崎,FALSE,19:53:00,19:53:30
143M,陣原,FALSE,19:56:15,19:56:45
143M,折尾[3],FALSE,19:59:30,20:00:00
143M,水巻,FALSE,20:02:45,20:03:15
143M,遠賀川,FALSE,20:05:30,20:06:00
143M,海老津,FALSE,20:11:15,20:16:15
143M,教育大前,FALSE,20:22:00,20:22:30
143M,赤間,FALSE,20:25:15,20:30:15
143M,東郷,FALSE,20:33:30,20:34:00
143M,東福間,FALSE,20:37:45,20:38:15
143M,福間,FALSE,20:40:30,20:41:00
143M,千鳥,FALSE,20:43:45,20:44:15
143M,古賀,FALSE,20:46:00,20:46:30
143M,ししぶ,FALSE,20:48:45,20:49:15
143M,新宮中央,FALSE,20:51:00,20:51:30
143M,福工大前,FALSE,20:54:15,20:59:15
143M,九産大前,FALSE,21:02:30,21:03:00
143M,香椎,FALSE,21:05:15,21:05:45
143M,千早,FALSE,21:07:30,21:08:00
143M,千早（操）,TRUE,↓,21:10:30
143M,箱崎,FALSE,21:12:45,21:13:15
143M,吉塚,FALSE,21:15:00,21:15:30
143M,博多[3],FALSE,21:19:45,
4233M,門司港,FALSE,,19:48:00
4233M,小森江,FALSE,19:52:45,19:53:15
4233M,門司,FALSE,19:55:00,19:55:30
4233M,北九州（タ）,TRUE,↓,19:57:00
4233M,東小倉,TRUE,↓,19:59:15
4233M,小倉[5],FALSE,20:01:15,20:07:15
4233M,西小倉[4],FALSE,20:09:30,20:10:00
4233M,九州工大前,TRUE,↓,20:11:30
4233M,戸畑,FALSE,20:14:15,20:14:45
4233M,枝光,TRUE,↓,20:15:30
4233M,スペースワールド,TRUE,↓,20:16:30
4233M,八幡,FALSE,20:18:30,20:19:00
4233M,黒崎,FALSE,20:21:45,20:22:15
4233M,陣原,TRUE,↓,20:24:45
4233M,折尾[3],FALSE,20:26:00,20:26:30
4233M,水巻,TRUE,↓,20:27:45
4233M,遠賀川,TRUE,↓,20:31:00
4233M,海老津,FALSE,20:33:45,20:34:15
4233M,教育大前,TRUE,↓,20:36:00
4233M,赤間,FALSE,20:39:30,20:40:00
4233M,東郷,FALSE,20:43:45,20:44:15
4233M,東福間,TRUE,↓,20:46:15
4233M,福間,FALSE,20:48:30,20:49:00
4233M,千鳥,TRUE,↓,20:50:30
4233M,古賀,FALSE,20:52:45,20:53:15
4233M,ししぶ,TRUE,↓,20:54:00
4233M,新宮中央,TRUE,↓,20:55:30
4233M,福工大前,FALSE,20:56:30,20:57:00
4233M,九産大前,TRUE,↓,20:59:00
4233M,香椎,FALSE,21:01:45,21:02:15
4233M,千早,FALSE,21:03:30,21:04:00
4233M,千早（操）,TRUE,↓,21:06:30
4233M,箱崎,TRUE,↓,21:08:00
4233M,吉塚,FALSE,21:09:15,21:09:45
4233M,博多[6],FALSE,21:12:00,21:14:00
4233M,竹下,TRUE,↓,21:15:30
4233M,笹原,TRUE,↓,21:17:15
4233M,南福岡,FALSE,21:20:45,21:21:15
4233M,春日,TRUE,↓,21:22:45
4233M,大野城,FALSE,21:24:00,21:24:30
4233M,水城,TRUE,↓,21:25:30
4233M,大宰府（信）,TRUE,↓,21:26:00
4233M,都府楼南,TRUE,↓,21:27:15
4233M,二日市,FALSE,21:29:15,21:29:45
4233M,天拝山,TRUE,↓,21:32:15
4233M,原田,FALSE,21:34:00,21:34:30
4233M,けやき台,TRUE,↓,21:36:00
4233M,基山,FALSE,21:37:45,21:38:15
4233M,弥生が丘,TRUE,↓,21:39:30
4233M,田代,TRUE,↓,21:41:30
4233M,鳥栖[6],FALSE,21:43:00,21:45:00
4233M,肥前旭,TRUE,↓,21:47:45
4233M,久留米[3],FALSE,21:52:15,21:52:45
4233M,荒木,FALSE,21:57:30,
2879M,門司港,FALSE,,20:00:00
2879M,小森江,FALSE,20:04:45,20:05:15
2879M,門司,FALSE,20:06:30,20:07:00
2879M,北九州（タ）,TRUE,↓,20:08:30
2879M,東小倉,TRUE,↓,20:10:45
2879M,小倉[5],FALSE,20:13:15,20:20:15
2879M,西小倉[4],FALSE,20:22:30,20:23:00
2879M,九州工大前,FALSE,20:26:15,20:26:45
2879M,戸畑,FALSE,20:28:30,20:29:00
2879M,枝光,FALSE,20:31:45,20:32:15
2879M,スペースワールド,FALSE,20:34:00,20:34:30
2879M,八幡,FALSE,20:36:45,20:37:15
2879M,黒崎,FALSE,20:39:30,20:40:00
2879M,陣原,FALSE,20:42:45,20:43:15
2879M,折尾[3],FALSE,20:46:00,20:46:30
2879M,水巻,FALSE,20:49:15,20:49:45
2879M,遠賀川,FALSE,20:52:00,20:52:30
2879M,海老津,FALSE,20:56:45,20:57:15
2879M,教育大前,FALSE,21:01:30,21:02:00
2879M,赤間,FALSE,21:04:15,21:10:15
2879M,東郷,FALSE,21:14:30,21:15:00
2879M,東福間,FALSE,21:18:15,21:18:45
2879M,福間,FALSE,21:22:00,21:28:00
2879M,千鳥,FALSE,21:30:45,21:31:15
2879M,古賀,FALSE,21:33:00,21:33:30
2879M,ししぶ,FALSE,21:35:45,21:36:15
2879M,新宮中央,FALSE,21:37:30,21:38:00
2879M,福工大前,FALSE,21:40:15,21:40:45
2879M,九産大前,FALSE,21:43:30,21:44:00
2879M,香椎,FALSE,21:46:15,21:46:45
2879M,千早,FALSE,21:48:30,21:49:00
2879M,千早（操）,TRUE,↓,21:51:30
2879M,箱崎,FALSE,21:53:15,21:53:45
2879M,吉塚,FALSE,21:55:30,21:56:00
2879M,博多[6],FALSE,21:58:15,22:00:15
2879M,竹下,FALSE,22:04:00,22:04:30
2879M,笹原,FALSE,22:07:15,22:07:45
2879M,南福岡,FALSE,22:10:30,22:11:00
2879M,春日,FALSE,22:12:45,22:13:15
2879M,大野城,FALSE,22:15:00,22:15:30
2879M,水城,FALSE,22:17:45,22:18:15
2879M,大宰府（信）,TRUE,↓,22:18:45
2879M,都府楼南,FALSE,22:24:00,22:24:30
2879M,二日市,FALSE,22:26:45,22:27:15
2879M,天拝山,FALSE,22:29:00,22:29:30
2879M,原田,FALSE,22:33:15,22:37:15
2879M,けやき台,FALSE,22:40:00,22:40:30
2879M,基山,FALSE,22:42:45,22:43:15
2879M,弥生が丘,FALSE,22:45:00,22:45:30
2879M,田代,FALSE,22:48:15,22:48:45
2879M,鳥栖[6],FALSE,22:50:00,23:00:00
2879M,新鳥栖,FALSE,23:04:15,23:04:45
2879M,肥前麓,FALSE,23:07:00,23:07:30
2879M,中原,FALSE,23:11:15,23:11:45
2879M,吉野ヶ里公園,FALSE,23:15:30,23:16:00
2879M,神埼,FALSE,23:18:45,23:19:15
2879M,伊賀屋,FALSE,23:22:30,23:23:00
2879M,佐賀,FALSE,23:27:45,23:28:15
2879M,鍋島,FALSE,23:31:00,23:31:30
2879M,バルーンさが,TRUE,↓,23:32:30
2879M,久保田,FALSE,23:34:45,23:35:15
2879M,牛津,FALSE,23:37:30,23:38:00
2879M,江北[3],FALSE,23:43:45,
3229M,門司港,FALSE,,20:19:00
3229M,小森江,FALSE,20:24:15,20:24:45
3229M,門司,FALSE,20:26:30,20:27:00
3229M,北九州（タ）,TRUE,↓,20:28:30
3229M,東小倉,TRUE,↓,20:30:45
3229M,小倉[5],FALSE,20:33:45,20:34:15
3229M,西小倉[4],FALSE,20:36:00,20:36:30
3229M,九州工大前,TRUE,↓,20:38:00
3229M,戸畑,FALSE,20:41:15,20:41:45
3229M,枝光,TRUE,↓,20:42:30
3229M,スペースワールド,TRUE,↓,20:43:30
3229M,八幡,FALSE,20:46:00,20:52:00
3229M,黒崎,FALSE,20:55:15,20:55:45
3229M,陣原,TRUE,↓,20:58:15
3229M,折尾[3],FALSE,21:00:30,21:01:00
3229M,水巻,TRUE,↓,21:02:15
3229M,遠賀川,TRUE,↓,21:05:30
3229M,海老津,FALSE,21:08:45,21:09:15
3229M,教育大前,TRUE,↓,21:11:00
3229M,赤間,FALSE,21:15:00,21:15:30
3229M,東郷,FALSE,21:19:15,21:19:45
3229M,東福間,TRUE,↓,21:21:45
3229M,福間,FALSE,21:25:00,21:25:30
3229M,千鳥,TRUE,↓,21:27:00
3229M,古賀,FALSE,21:29:15,21:29:45
3229M,ししぶ,TRUE,↓,21:30:30
3229M,新宮中央,TRUE,↓,21:32:00
3229M,福工大前,FALSE,21:33:30,21:34:00
3229M,九産大前,TRUE,↓,21:36:00
3229M,香椎,FALSE,21:37:45,21:38:15
3229M,千早,FALSE,21:40:00,21:40:30
3229M,千早（操）,TRUE,↓,21:43:00
3229M,箱崎,TRUE,↓,21:44:30
3229M,吉塚,FALSE,21:44:45,21:45:15
3229M,博多[6],FALSE,21:48:30,
2355M,門司港,FALSE,,21:20:00
2355M,小森江,FALSE,21:24:45,21:25:15
2355M,門司,FALSE,21:26:30,21:27:00
2355M,北九州（タ）,TRUE,↓,21:28:30
2355M,東小倉,TRUE,↓,21:30:45
2355M,小倉[5],FALSE,21:33:15,21:43:15
2355M,西小倉[4],FALSE,21:45:00,21:45:30
2355M,九州工大前,FALSE,21:49:15,21:49:45
2355M,戸畑,FALSE,21:51:30,21:52:00
2355M,枝光,FALSE,21:54:45,21:55:15
2355M,スペースワールド,FALSE,21:57:00,21:57:30
2355M,八幡,FALSE,21:59:45,22:00:15
2355M,黒崎,FALSE,22:02:30,22:03:00
2355M,陣原,FALSE,22:05:45,22:06:15
2355M,折尾[3],FALSE,22:09:00,22:09:30
2355M,水巻,FALSE,22:12:15,22:12:45
2355M,遠賀川,FALSE,22:14:30,22:15:00
2355M,海老津,FALSE,22:19:45,22:20:15
2355M,教育大前,FALSE,22:24:30,22:25:00
2355M,赤間,FALSE,22:27:15,22:27:45
2355M,東郷,FALSE,22:31:00,22:31:30
2355M,東福間,FALSE,22:34:45,22:35:15
2355M,福間,FALSE,22:38:00,22:44:00
2355M,千鳥,FALSE,22:46:45,22:47:15
2355M,古賀,FALSE,22:49:00,22:49:30
2355M,ししぶ,FALSE,22:51:45,22:52:15
2355M,新宮中央,FALSE,22:53:30,22:54:00
2355M,福工大前,FALSE,22:56:15,22:56:45
2355M,九産大前,FALSE,22:59:30,23:00:00
2355M,香椎,FALSE,23:02:15,23:04:15
2355M,千早,FALSE,23:05:30,23:06:00
2355M,千早（操）,TRUE,↓,23:08:30
2355M,箱崎,FALSE,23:09:45,23:10:15
2355M,吉塚,FALSE,23:12:00,23:12:30
2355M,博多[7],FALSE,23:15:45,23:16:15
2355M,竹下,FALSE,23:19:30,23:20:00
2355M,笹原,FALSE,23:23:15,23:23:45
2355M,南福岡,FALSE,23:26:00,23:31:00
2355M,春日,FALSE,23:33:15,23:33:45
2355M,大野城,FALSE,23:35:30,23:36:00
2355M,水城,FALSE,23:37:45,23:38:15
2355M,大宰府（信）,TRUE,↓,23:38:45
2355M,都府楼南,FALSE,23:40:30,23:41:00
2355M,二日市,FALSE,23:42:45,23:43:15
2355M,天拝山,FALSE,23:45:00,23:45:30
2355M,原田,FALSE,23:49:15,23:49:45
2355M,けやき台,FALSE,23:51:30,23:52:00
2355M,基山,FALSE,23:54:15,23:54:45
2355M,弥生が丘,FALSE,23:56:30,23:57:00
2355M,田代,FALSE,23:59:45,0:00:15
2355M,鳥栖[6],FALSE,0:02:30,0:03:00
2355M,肥前旭,FALSE,0:06:45,0:07:15
2355M,久留米[1],FALSE,0:10:30,
641H,門司港,FALSE,,21:37:00
641H,小森江,FALSE,21:41:45,21:42:15
641H,門司,FALSE,21:44:00,21:44:30
641H,北九州（タ）,TRUE,↓,21:46:00
641H,東小倉,TRUE,↓,21:48:15
641H,小倉[5],FALSE,21:50:15,21:57:15
641H,西小倉[4],FALSE,21:59:00,21:59:30
641H,九州工大前,FALSE,22:03:15,22:03:45
641H,戸畑,FALSE,22:05:30,22:06:00
641H,枝光,FALSE,22:08:15,22:08:45
641H,スペースワールド,FALSE,22:10:30,22:11:00
641H,八幡,FALSE,22:12:45,22:13:15
641H,黒崎,FALSE,22:15:30,22:16:00
641H,陣原,FALSE,22:19:45,22:20:15
641H,折尾[1],FALSE,22:23:00,22:29:00
641H,東水巻,FALSE,22:33:15,22:33:45
641H,中間,FALSE,22:35:30,22:36:00
641H,筑前垣生,FALSE,22:38:45,22:39:15
641H,鞍手,FALSE,22:41:30,22:42:00
641H,筑前植木,FALSE,22:44:45,22:45:15
641H,新入,FALSE,22:47:30,22:48:00
641H,直方,FALSE,22:50:45,
2239M,門司港,FALSE,,22:41:00
2239M,小森江,FALSE,22:45:45,22:46:15
2239M,門司,FALSE,22:47:30,22:48:00
2239M,北九州（タ）,TRUE,↓,22:49:30
2239M,東小倉,TRUE,↓,22:51:45
2239M,小倉[5],FALSE,22:53:15,22:55:15
2239M,西小倉[4],FALSE,22:57:30,22:58:00
2239M,九州工大前,FALSE,23:01:15,23:01:45
2239M,戸畑,FALSE,23:03:30,23:04:00
2239M,枝光,FALSE,23:06:45,23:07:15
2239M,スペースワールド,FALSE,23:08:00,23:13:00
2239M,八幡,FALSE,23:15:45,23:16:15
2239M,黒崎,FALSE,23:18:30,23:19:00
2239M,陣原,FALSE,23:22:15,23:22:45
2239M,折尾[3],FALSE,23:26:00,23:26:30
2239M,水巻,FALSE,23:29:15,23:29:45
2239M,遠賀川,FALSE,23:32:00,23:32:30
2239M,海老津,FALSE,23:36:45,23:37:15
2239M,教育大前,FALSE,23:41:30,23:42:00
2239M,赤間,FALSE,23:44:15,23:44:45
2239M,東郷,FALSE,23:48:00,23:48:30
2239M,東福間,FALSE,23:51:45,23:52:15
2239M,福間,FALSE,23:55:30,
2243M,門司港,FALSE,,23:33:00
2243M,小森江,FALSE,23:37:45,23:38:15
2243M,門司,FALSE,23:39:30,23:40:00
2243M,北九州（タ）,TRUE,↓,23:41:30
2243M,東小倉,TRUE,↓,23:43:45
2243M,小倉[5],FALSE,23:46:15,23:48:15
2243M,西小倉[4],FALSE,23:50:00,23:50:30
2243M,九州工大前,FALSE,23:53:45,23:54:15
2243M,戸畑,FALSE,23:56:00,23:56:30
2243M,枝光,FALSE,23:59:15,23:59:45
2243M,スペースワールド,FALSE,0:01:00,0:01:30
2243M,八幡,FALSE,0:03:45,0:04:15
2243M,黒崎,FALSE,0:06:30,0:07:00
2243M,陣原,FALSE,0:09:45,0:10:15
2243M,折尾[3],FALSE,0:13:00,0:13:30
2243M,水巻,FALSE,0:16:15,0:16:45
2243M,遠賀川,FALSE,0:19:00,0:19:30
2243M,海老津,FALSE,0:24:45,
2220M,赤間,FALSE,,5:29:00
2220M,教育大前,FALSE,5:31:45,5:32:15
2220M,海老津,FALSE,5:36:00,5:36:30
2220M,遠賀川,FALSE,5:40:45,5:41:15
2220M,水巻,FALSE,5:43:30,5:44:00
2220M,折尾[5],FALSE,5:46:45,5:47:15
2220M,陣原,FALSE,5:50:00,5:50:30
2220M,黒崎,FALSE,5:52:45,5:53:15
2220M,八幡,FALSE,5:56:00,5:56:30
2220M,スペースワールド,FALSE,5:58:15,5:58:45
2220M,枝光,FALSE,6:00:00,6:00:30
2220M,戸畑,FALSE,6:02:45,6:03:15
2220M,九州工大前,FALSE,6:05:00,6:05:30
2220M,西小倉[5],FALSE,6:08:45,6:09:15
2220M,小倉[8],FALSE,6:10:30,6:11:00
2220M,東小倉,TRUE,↓,6:13:15
2220M,北九州（タ）,TRUE,↓,6:14:45
2220M,門司,FALSE,6:17:15,6:17:45
2220M,小森江,FALSE,6:19:30,6:20:00
2220M,門司港,FALSE,6:25:45,
120M,博多[6],FALSE,,5:01:00
120M,吉塚,FALSE,5:04:45,5:05:15
120M,箱崎,FALSE,5:06:30,5:07:00
120M,千早（操）,TRUE,↓,5:09:30
120M,千早,FALSE,5:11:15,5:11:45
120M,香椎,FALSE,5:13:30,5:14:00
120M,九産大前,FALSE,5:16:45,5:17:15
120M,福工大前,FALSE,5:20:00,5:20:30
120M,新宮中央,FALSE,5:22:45,5:23:15
120M,ししぶ,FALSE,5:25:00,5:25:30
120M,古賀,FALSE,5:27:45,5:28:15
120M,千鳥,FALSE,5:30:30,5:31:00
120M,福間,FALSE,5:33:15,5:33:45
120M,東福間,FALSE,5:36:30,5:37:00
120M,東郷,FALSE,5:40:45,5:41:15
120M,赤間,FALSE,5:45:00,5:50:00
120M,教育大前,FALSE,5:53:15,5:53:45
120M,海老津,FALSE,5:58:00,5:58:30
120M,遠賀川,FALSE,6:03:15,6:03:45
120M,水巻,FALSE,6:06:00,6:06:30
120M,折尾[5],FALSE,6:09:15,6:09:45
120M,陣原,FALSE,6:13:00,6:13:30
120M,黒崎,FALSE,6:16:15,6:16:45
120M,八幡,FALSE,6:20:00,6:20:30
120M,スペースワールド,FALSE,6:22:15,6:22:45
120M,枝光,FALSE,6:24:30,6:25:00
120M,戸畑,FALSE,6:27:45,6:28:15
120M,九州工大前,FALSE,6:30:00,6:30:30
120M,西小倉[5],FALSE,6:34:15,6:34:45
120M,小倉[8],FALSE,6:36:30,6:37:00
120M,東小倉,TRUE,↓,6:39:15
120M,北九州（タ）,TRUE,↓,6:40:45
120M,門司,FALSE,6:43:45,6:44:15
120M,小森江,FALSE,6:46:00,6:46:30
120M,門司港,FALSE,6:51:45,
622H,直方,FALSE,,6:53:00
622H,新入,FALSE,6:56:15,6:56:45
622H,筑前植木,FALSE,6:58:30,6:59:00
622H,鞍手,FALSE,7:01:45,7:02:15
622H,筑前垣生,FALSE,7:04:30,7:05:00
622H,中間,FALSE,7:07:15,7:07:45
622H,東水巻,FALSE,7:09:30,7:10:00
622H,折尾[2],FALSE,7:14:45,7:15:15
622H,陣原,FALSE,7:18:30,7:19:00
622H,黒崎,FALSE,7:21:45,7:22:15
622H,八幡,FALSE,7:26:00,7:26:30
622H,スペースワールド,FALSE,7:28:45,7:29:15
622H,枝光,FALSE,7:30:30,7:31:00
622H,戸畑,FALSE,7:33:45,7:34:15
622H,九州工大前,FALSE,7:36:30,7:37:00
622H,西小倉[5],FALSE,7:41:15,7:41:45
622H,小倉[8],FALSE,7:43:30,7:44:00
622H,東小倉,TRUE,↓,7:46:15
622H,北九州（タ）,TRUE,↓,7:47:45
622H,門司,FALSE,7:49:45,7:50:15
622H,小森江,FALSE,7:52:00,7:52:30
622H,門司港,FALSE,7:58:45,
2224M,遠賀川,FALSE,,7:15:00
2224M,水巻,FALSE,7:18:45,7:19:15
2224M,折尾[5],FALSE,7:22:00,7:24:00
2224M,陣原,FALSE,7:28:15,7:28:45
2224M,黒崎,FALSE,7:31:30,7:32:00
2224M,八幡,FALSE,7:36:15,7:36:45
2224M,スペースワールド,FALSE,7:38:30,7:39:00
2224M,枝光,FALSE,7:41:15,7:41:45
2224M,戸畑,FALSE,7:44:30,7:45:00
2224M,九州工大前,FALSE,7:47:45,7:48:15
2224M,西小倉[5],FALSE,7:51:30,7:52:00
2224M,小倉[8],FALSE,7:54:15,7:56:15
2224M,東小倉,TRUE,↓,7:58:30
2224M,北九州（タ）,TRUE,↓,8:00:00
2224M,門司,FALSE,8:01:30,8:02:00
2224M,小森江,FALSE,8:04:45,8:05:15
2224M,門司港,FALSE,8:10:30,
2226M,遠賀川,FALSE,,7:44:00
2226M,水巻,FALSE,7:47:15,7:47:45
2226M,折尾[5],FALSE,7:50:00,7:50:30
2226M,陣原,FALSE,7:53:45,7:54:15
2226M,黒崎,FALSE,7:56:30,7:57:00
2226M,八幡,FALSE,8:00:15,8:00:45
2226M,スペースワールド,FALSE,8:02:00,8:05:00
2226M,枝光,FALSE,8:07:45,8:08:15
2226M,戸畑,FALSE,8:10:00,8:10:30
2226M,九州工大前,FALSE,8:13:15,8:13:45
2226M,西小倉[5],FALSE,8:16:30,8:17:00
2226M,小倉[8],FALSE,8:19:45,8:20:15
2226M,東小倉,TRUE,↓,8:22:30
2226M,北九州（タ）,TRUE,↓,8:24:00
2226M,門司,FALSE,8:25:30,8:26:00
2226M,小森江,FALSE,8:28:15,8:28:45
2226M,門司港,FALSE,8:34:30,
2326M,荒尾,FALSE,,5:25:00
2326M,大牟田,FALSE,5:29:15,5:29:45
2326M,銀水,FALSE,5:32:30,5:33:00
2326M,吉野,FALSE,5:35:45,5:36:15
2326M,渡瀬,FALSE,5:38:30,5:39:00
2326M,南瀬高,FALSE,5:42:45,5:43:15
2326M,瀬高,FALSE,5:45:30,5:46:00
2326M,筑後船小屋,FALSE,5:48:45,5:49:15
2326M,羽犬塚,FALSE,5:52:30,5:53:00
2326M,西牟田,FALSE,5:56:45,5:57:15
2326M,荒木,FALSE,6:00:00,6:00:30
2326M,久留米[4],FALSE,6:05:15,6:05:45
2326M,肥前旭,FALSE,6:08:30,6:09:00
2326M,鳥栖[1],FALSE,6:13:45,6:14:15
2326M,田代,FALSE,6:16:00,6:16:30
2326M,弥生が丘,FALSE,6:19:15,6:19:45
2326M,基山,FALSE,6:22:00,6:22:30
2326M,けやき台,FALSE,6:24:45,6:25:15
2326M,原田,FALSE,6:27:30,6:28:00
2326M,天拝山,FALSE,6:31:15,6:31:45
2326M,二日市,FALSE,6:34:00,6:34:30
2326M,都府楼南,FALSE,6:36:45,6:37:15
2326M,大宰府（信）,TRUE,↓,6:37:45
2326M,水城,FALSE,6:39:30,6:40:00
2326M,大野城,FALSE,6:41:45,6:42:15
2326M,春日,FALSE,6:44:00,6:44:30
2326M,南福岡,FALSE,6:47:45,6:48:15
2326M,笹原,FALSE,6:50:30,6:51:00
2326M,竹下,FALSE,6:53:45,6:54:15
2326M,博多[1],FALSE,6:57:00,7:03:00
2326M,吉塚,FALSE,7:05:45,7:06:15
2326M,箱崎,FALSE,7:08:00,7:08:30
2326M,千早（操）,TRUE,↓,7:11:00
2326M,千早,FALSE,7:12:15,7:12:45
2326M,香椎,FALSE,7:15:00,7:15:30
2326M,九産大前,FALSE,7:18:15,7:18:45
2326M,福工大前,FALSE,7:22:00,7:25:00
2326M,新宮中央,FALSE,7:27:15,7:27:45
2326M,ししぶ,FALSE,7:29:30,7:30:00
2326M,古賀,FALSE,7:31:45,7:32:15
2326M,千鳥,FALSE,7:34:30,7:35:00
2326M,福間,FALSE,7:37:15,7:37:45
2326M,東福間,FALSE,7:40:30,7:41:00
2326M,東郷,FALSE,7:44:15,7:44:45
2326M,赤間,FALSE,7:47:30,7:48:00
2326M,教育大前,FALSE,7:50:45,7:51:15
2326M,海老津,FALSE,7:55:00,7:55:30
2326M,遠賀川,FALSE,7:59:45,8:00:15
2326M,水巻,FALSE,8:02:30,8:03:00
2326M,折尾[5],FALSE,8:05:45,8:06:15
2326M,陣原,FALSE,8:09:00,8:09:30
2326M,黒崎,FALSE,8:12:15,8:12:45
2326M,八幡,FALSE,8:15:00,8:15:30
2326M,スペースワールド,FALSE,8:17:15,8:17:45
2326M,枝光,FALSE,8:19:00,8:19:30
2326M,戸畑,FALSE,8:22:15,8:22:45
2326M,九州工大前,FALSE,8:24:30,8:25:00
2326M,西小倉[5],FALSE,8:28:15,8:28:45
2326M,小倉[8],FALSE,8:30:00,8:34:00
2326M,東小倉,TRUE,↓,8:36:15
2326M,北九州（タ）,TRUE,↓,8:37:45
2326M,門司,FALSE,8:41:15,8:41:45
2326M,小森江,FALSE,8:43:30,8:44:00
2326M,門司港,FALSE,8:49:45,
128M,博多[4],FALSE,,7:14:00
128M,吉塚,FALSE,7:16:45,7:17:15
128M,箱崎,FALSE,7:18:30,7:19:00
128M,千早（操）,TRUE,↓,7:21:30
128M,千早,FALSE,7:22:45,7:23:15
128M,香椎,FALSE,7:25:00,7:25:30
128M,九産大前,FALSE,7:28:15,7:28:45
128M,福工大前,FALSE,7:31:30,7:32:00
128M,新宮中央,FALSE,7:34:45,7:35:15
128M,ししぶ,FALSE,7:36:30,7:37:00
128M,古賀,FALSE,7:39:15,7:39:45
128M,千鳥,FALSE,7:41:30,7:42:00
128M,福間,FALSE,7:44:45,7:45:15
128M,東福間,FALSE,7:47:30,7:48:00
128M,東郷,FALSE,7:51:15,7:51:45
128M,赤間,FALSE,7:55:00,7:55:30
128M,教育大前,FALSE,7:57:45,7:58:15
128M,海老津,FALSE,8:02:30,8:03:00
128M,遠賀川,FALSE,8:07:15,8:07:45
128M,水巻,FALSE,8:09:30,8:10:00
128M,折尾[4],FALSE,8:13:15,8:18:15
128M,陣原,FALSE,8:21:00,8:21:30
128M,黒崎,FALSE,8:24:15,8:24:45
128M,八幡,FALSE,8:28:00,8:28:30
128M,スペースワールド,FALSE,8:30:45,8:31:15
128M,枝光,FALSE,8:33:00,8:33:30
128M,戸畑,FALSE,8:36:15,8:36:45
128M,九州工大前,FALSE,8:39:30,8:40:00
128M,西小倉[5],FALSE,8:43:45,8:44:15
128M,小倉[7],FALSE,8:45:00,8:50:00
128M,東小倉,TRUE,↓,8:52:15
128M,北九州（タ）,TRUE,↓,8:53:45
128M,門司,FALSE,8:55:45,8:56:15
128M,小森江,FALSE,8:58:00,8:58:30
128M,門司港,FALSE,9:03:45,
2330M,荒木,FALSE,,6:23:00
2330M,久留米[4],FALSE,6:28:15,6:28:45
2330M,肥前旭,FALSE,6:31:30,6:32:00
2330M,鳥栖[2],FALSE,6:36:15,6:36:45
2330M,田代,FALSE,6:38:00,6:38:30
2330M,弥生が丘,FALSE,6:41:15,6:41:45
2330M,基山,FALSE,6:44:00,6:48:00
2330M,けやき台,FALSE,6:51:15,6:51:45
2330M,原田,FALSE,6:53:30,6:54:00
2330M,天拝山,FALSE,6:57:45,6:58:15
2330M,二日市,FALSE,7:00:00,7:00:30
2330M,都府楼南,FALSE,7:02:45,7:03:15
2330M,大宰府（信）,TRUE,↓,7:03:45
2330M,水城,FALSE,7:05:30,7:06:00
2330M,大野城,FALSE,7:07:45,7:08:15
2330M,春日,FALSE,7:10:00,7:10:30
2330M,南福岡,FALSE,7:12:45,7:13:15
2330M,笹原,FALSE,7:15:30,7:16:00
2330M,竹下,FALSE,7:18:45,7:19:15
2330M,博多[1],FALSE,7:22:00,7:25:00
2330M,吉塚,FALSE,7:28:15,7:28:45
2330M,箱崎,FALSE,7:30:30,7:31:00
2330M,千早（操）,TRUE,↓,7:33:30
2330M,千早,FALSE,7:35:15,7:35:45
2330M,香椎,FALSE,7:37:30,7:38:00
2330M,九産大前,FALSE,7:40:45,7:41:15
2330M,福工大前,FALSE,7:44:00,7:48:00
2330M,新宮中央,FALSE,7:51:15,7:51:45
2330M,ししぶ,FALSE,7:53:00,7:53:30
2330M,古賀,FALSE,7:55:45,7:56:15
2330M,千鳥,FALSE,7:58:00,7:58:30
2330M,福間,FALSE,8:00:45,8:01:15
2330M,東福間,FALSE,8:04:00,8:04:30
2330M,東郷,FALSE,8:07:45,8:08:15
2330M,赤間,FALSE,8:11:00,8:11:30
2330M,教育大前,FALSE,8:14:15,8:14:45
2330M,海老津,FALSE,8:18:30,8:19:00
2330M,遠賀川,FALSE,8:23:15,8:23:45
2330M,水巻,FALSE,8:26:00,8:26:30
2330M,折尾[4],FALSE,8:29:15,8:41:15
2330M,陣原,FALSE,8:45:00,8:45:30
2330M,黒崎,FALSE,8:48:45,8:49:15
2330M,八幡,FALSE,8:52:00,8:52:30
2330M,スペースワールド,FALSE,8:54:45,8:55:15
2330M,枝光,FALSE,8:57:00,8:57:30
2330M,戸畑,FALSE,8:59:45,9:00:15
2330M,九州工大前,FALSE,9:02:30,9:03:00
2330M,西小倉[5],FALSE,9:06:15,9:06:45
2330M,小倉[8],FALSE,9:08:00,9:18:00
2330M,東小倉,TRUE,↓,9:20:15
2330M,北九州（タ）,TRUE,↓,9:21:45
2330M,門司,FALSE,9:23:15,9:23:45
2330M,小森江,FALSE,9:25:30,9:26:00
2330M,門司港,FALSE,9:31:45,
4220M,大牟田,FALSE,,6:49:00
4220M,銀水,TRUE,↓,6:51:30
4220M,吉野,TRUE,↓,6:53:00
4220M,渡瀬,TRUE,↓,6:54:45
4220M,南瀬高,TRUE,↓,6:57:15
4220M,瀬高,FALSE,7:00:15,7:00:45
4220M,筑後船小屋,FALSE,7:03:00,7:03:30
4220M,羽犬塚,FALSE,7:07:15,7:07:45
4220M,西牟田,TRUE,↓,7:10:45
4220M,荒木,FALSE,7:14:30,7:15:00
4220M,久留米[4],FALSE,7:19:45,7:20:15
4220M,肥前旭,TRUE,↓,7:23:00
4220M,鳥栖[1],FALSE,7:27:30,7:28:00
4220M,田代,TRUE,↓,7:30:00
4220M,弥生が丘,TRUE,↓,7:31:15
4220M,基山,FALSE,7:33:45,7:34:15
4220M,けやき台,TRUE,↓,7:35:45
4220M,原田,FALSE,7:37:30,7:38:00
4220M,天拝山,TRUE,↓,7:40:30
4220M,二日市,FALSE,7:43:15,7:46:15
4220M,都府楼南,TRUE,↓,7:47:30
4220M,大宰府（信）,TRUE,↓,7:48:00
4220M,水城,TRUE,↓,7:49:00
4220M,大野城,FALSE,7:51:30,7:52:00
4220M,春日,TRUE,↓,7:53:30
4220M,南福岡,FALSE,7:56:45,7:57:15
4220M,笹原,FALSE,7:59:00,7:59:30
4220M,竹下,FALSE,8:02:15,8:02:45
4220M,博多[3],FALSE,8:06:00,8:08:00
4220M,吉塚,FALSE,8:11:45,8:12:15
4220M,箱崎,TRUE,↓,8:13:45
4220M,千早（操）,TRUE,↓,8:16:15
4220M,千早,FALSE,8:17:30,8:18:00
4220M,香椎,FALSE,8:20:45,8:21:15
4220M,九産大前,TRUE,↓,8:23:15
4220M,福工大前,FALSE,8:26:00,8:26:30
4220M,新宮中央,TRUE,↓,8:28:00
4220M,ししぶ,TRUE,↓,8:28:45
4220M,古賀,FALSE,8:30:45,8:31:15
4220M,千鳥,TRUE,↓,8:32:45
4220M,福間,FALSE,8:34:30,8:35:00
4220M,東福間,TRUE,↓,8:37:00
4220M,東郷,FALSE,8:40:15,8:40:45
4220M,赤間,FALSE,8:44:00,8:49:00
4220M,教育大前,TRUE,↓,8:50:45
4220M,海老津,FALSE,8:55:15,8:55:45
4220M,遠賀川,TRUE,↓,8:59:00
4220M,水巻,TRUE,↓,9:00:15
4220M,折尾[5],FALSE,9:03:30,9:04:00
4220M,陣原,TRUE,↓,9:06:30
4220M,黒崎,FALSE,9:09:15,9:09:45
4220M,八幡,FALSE,9:12:30,9:13:00
4220M,スペースワールド,TRUE,↓,9:14:00
4220M,枝光,TRUE,↓,9:14:45
4220M,戸畑,FALSE,9:17:45,9:18:15
4220M,九州工大前,TRUE,↓,9:19:45
4220M,西小倉[5],FALSE,9:23:00,9:23:30
4220M,小倉[8],FALSE,9:25:45,9:26:15
4220M,東小倉,TRUE,↓,9:28:30
4220M,北九州（タ）,TRUE,↓,9:30:00
4220M,門司,FALSE,9:31:30,9:32:00
4220M,小森江,FALSE,9:34:15,9:34:45
4220M,門司港,FALSE,9:40:30,
132M,南福岡,FALSE,,7:45:00
132M,笹原,FALSE,7:47:45,7:48:15
132M,竹下,FALSE,7:50:00,7:54:00
132M,博多[1],FALSE,7:58:45,7:59:15
132M,吉塚,FALSE,8:02:00,8:02:30
132M,箱崎,FALSE,8:04:15,8:08:15
132M,千早（操）,TRUE,↓,8:10:45
132M,千早,FALSE,8:12:00,8:12:30
132M,香椎,FALSE,8:14:45,8:15:15
132M,九産大前,FALSE,8:17:00,8:17:30
132M,福工大前,FALSE,8:20:45,8:21:15
132M,新宮中央,FALSE,8:23:00,8:23:30
132M,ししぶ,FALSE,8:25:45,8:26:15
132M,古賀,FALSE,8:28:00,8:33:00
132M,千鳥,FALSE,8:35:45,8:36:15
132M,福間,FALSE,8:39:00,8:43:00
132M,東福間,FALSE,8:46:15,8:46:45
132M,東郷,FALSE,8:49:30,8:50:00
132M,赤間,FALSE,8:53:45,8:54:15
132M,教育大前,FALSE,8:56:30,8:57:00
132M,海老津,FALSE,9:01:15,9:01:45
132M,遠賀川,FALSE,9:05:30,9:06:00
132M,水巻,FALSE,9:08:45,9:09:15
132M,折尾[5],FALSE,9:11:30,9:12:00
132M,陣原,FALSE,9:15:15,9:15:45
132M,黒崎,FALSE,9:18:00,9:18:30
132M,八幡,FALSE,9:21:45,9:22:15
132M,スペースワールド,FALSE,9:23:30,9:24:00
132M,枝光,FALSE,9:25:45,9:26:15
132M,戸畑,FALSE,9:28:30,9:29:00
132M,九州工大前,FALSE,9:31:15,9:31:45
132M,西小倉[5],FALSE,9:34:30,9:35:00
132M,小倉[8],FALSE,9:37:15,9:45:15
132M,東小倉,TRUE,↓,9:47:30
132M,北九州（タ）,TRUE,↓,9:49:00
132M,門司,FALSE,9:50:30,9:51:00
132M,小森江,FALSE,9:53:15,9:53:45
132M,門司港,FALSE,9:59:30,
4120M,荒尾,FALSE,,6:54:00
4120M,大牟田,FALSE,6:58:15,6:58:45
4120M,銀水,FALSE,7:02:00,7:02:30
4120M,吉野,FALSE,7:05:15,7:05:45
4120M,渡瀬,FALSE,7:08:30,7:09:00
4120M,南瀬高,FALSE,7:12:15,7:12:45
4120M,瀬高,FALSE,7:15:30,7:16:00
4120M,筑後船小屋,FALSE,7:18:45,7:19:15
4120M,羽犬塚,FALSE,7:22:30,7:23:00
4120M,西牟田,FALSE,7:26:45,7:27:15
4120M,荒木,FALSE,7:30:00,7:30:30
4120M,久留米[4],FALSE,7:34:45,7:35:15
4120M,肥前旭,FALSE,7:39:00,7:39:30
4120M,鳥栖[1],FALSE,7:43:15,7:46:15
4120M,田代,TRUE,↓,7:48:15
4120M,弥生が丘,TRUE,↓,7:49:30
4120M,基山,FALSE,7:52:30,7:53:00
4120M,けやき台,TRUE,↓,7:54:30
4120M,原田,FALSE,7:57:45,7:58:15
4120M,天拝山,TRUE,↓,8:00:45
4120M,二日市,FALSE,8:03:00,8:09:00
4120M,都府楼南,TRUE,↓,8:10:15
4120M,大宰府（信）,TRUE,↓,8:10:45
4120M,水城,TRUE,↓,8:11:45
4120M,大野城,FALSE,8:14:45,8:15:15
4120M,春日,TRUE,↓,8:16:45
4120M,南福岡,FALSE,8:19:30,8:20:00
4120M,笹原,FALSE,8:22:45,8:23:15
4120M,竹下,FALSE,8:26:30,8:27:00
4120M,博多[2],FALSE,8:31:15,8:35:15
4120M,吉塚,FALSE,8:38:00,8:38:30
4120M,箱崎,TRUE,↓,8:40:00
4120M,千早（操）,TRUE,↓,8:42:30
4120M,千早,FALSE,8:43:15,8:43:45
4120M,香椎,FALSE,8:45:30,8:46:00
4120M,九産大前,TRUE,↓,8:48:00
4120M,福工大前,FALSE,8:50:45,8:51:15
4120M,新宮中央,TRUE,↓,8:52:45
4120M,ししぶ,TRUE,↓,8:53:30
4120M,古賀,FALSE,8:54:30,8:55:00
4120M,千鳥,TRUE,↓,8:56:30
4120M,福間,FALSE,8:58:45,8:59:15
4120M,東福間,FALSE,9:02:00,9:02:30
4120M,東郷,FALSE,9:05:45,9:06:15
4120M,赤間,FALSE,9:09:00,9:09:30
4120M,教育大前,FALSE,9:12:15,9:12:45
4120M,海老津,FALSE,9:16:30,9:17:00
4120M,遠賀川,FALSE,9:21:15,9:21:45
4120M,水巻,FALSE,9:24:00,9:24:30
4120M,折尾[4],FALSE,9:27:15,9:32:15
4120M,陣原,FALSE,9:35:30,9:36:00
4120M,黒崎,FALSE,9:38:45,9:39:15
4120M,八幡,FALSE,9:41:30,9:42:00
4120M,スペースワールド,FALSE,9:43:45,9:44:15
4120M,枝光,FALSE,9:45:30,9:46:00
4120M,戸畑,FALSE,9:48:45,9:49:15
4120M,九州工大前,FALSE,9:51:00,9:51:30
4120M,西小倉[5],FALSE,9:54:45,9:55:15
4120M,小倉[8],FALSE,9:56:30,9:57:00
4120M,東小倉,TRUE,↓,9:59:15
4120M,北九州（タ）,TRUE,↓,10:00:45
4120M,門司,FALSE,10:02:45,10:03:15
4120M,小森江,FALSE,10:05:00,10:05:30
4120M,門司港,FALSE,10:10:45,
4222M,荒尾,FALSE,,7:22:00
4222M,大牟田,FALSE,7:27:15,7:27:45
4222M,銀水,TRUE,↓,7:30:15
4222M,吉野,TRUE,↓,7:31:45
4222M,渡瀬,TRUE,↓,7:33:30
4222M,南瀬高,TRUE,↓,7:36:00
4222M,瀬高,FALSE,7:38:00,7:38:30
4222M,筑後船小屋,FALSE,7:41:45,7:42:15
4222M,羽犬塚,FALSE,7:45:30,7:46:00
4222M,西牟田,TRUE,↓,7:49:00
4222M,荒木,FALSE,7:52:15,7:52:45
4222M,久留米[4],FALSE,7:57:00,7:59:00
4222M,肥前旭,TRUE,↓,8:01:45
4222M,鳥栖[2],FALSE,8:09:15,8:15:15
4222M,田代,TRUE,↓,8:17:15
4222M,弥生が丘,TRUE,↓,8:18:30
4222M,基山,FALSE,8:19:30,8:20:00
4222M,けやき台,TRUE,↓,8:21:30
4222M,原田,FALSE,8:23:45,8:24:15
4222M,天拝山,TRUE,↓,8:26:45
4222M,二日市,FALSE,8:28:00,8:28:30
4222M,都府楼南,TRUE,↓,8:29:45
4222M,大宰府（信）,TRUE,↓,8:30:15
4222M,水城,TRUE,↓,8:31:15
4222M,大野城,FALSE,8:32:45,8:33:15
4222M,春日,TRUE,↓,8:34:45
4222M,南福岡,FALSE,8:36:30,8:37:00
4222M,笹原,FALSE,8:39:45,8:40:15
4222M,竹下,FALSE,8:43:00,8:43:30
4222M,博多[2],FALSE,8:47:15,8:49:15
4222M,吉塚,FALSE,8:52:00,8:52:30
4222M,箱崎,TRUE,↓,8:54:00
4222M,千早（操）,TRUE,↓,8:56:30
4222M,千早,FALSE,8:57:15,8:57:45
4222M,香椎,FALSE,9:00:00,9:00:30
4222M,九産大前,TRUE,↓,9:02:30
4222M,福工大前,FALSE,9:04:45,9:05:15
4222M,新宮中央,TRUE,↓,9:06:45
4222M,ししぶ,TRUE,↓,9:07:30
4222M,古賀,FALSE,9:09:00,9:12:00
4222M,千鳥,TRUE,↓,9:13:30
4222M,福間,FALSE,9:16:15,9:16:45
4222M,東福間,TRUE,↓,9:18:45
4222M,東郷,FALSE,9:21:30,9:22:00
4222M,赤間,FALSE,9:25:45,9:26:15
4222M,教育大前,TRUE,↓,9:28:00
4222M,海老津,FALSE,9:31:30,9:32:00
4222M,遠賀川,TRUE,↓,9:35:15
4222M,水巻,TRUE,↓,9:36:30
4222M,折尾[5],FALSE,9:39:15,9:39:45
4222M,陣原,TRUE,↓,9:42:15
4222M,黒崎,FALSE,9:44:00,9:44:30
4222M,八幡,FALSE,9:47:45,9:48:15
4222M,スペースワールド,TRUE,↓,9:49:15
4222M,枝光,TRUE,↓,9:50:00
4222M,戸畑,FALSE,9:52:30,9:53:00
4222M,九州工大前,TRUE,↓,9:54:30
4222M,西小倉[5],FALSE,9:57:45,9:58:15
4222M,小倉[7],FALSE,10:00:30,10:01:00
4222M,東小倉,TRUE,↓,10:03:15
4222M,北九州（タ）,TRUE,↓,10:04:45
4222M,門司,FALSE,10:07:15,10:07:45
4222M,小森江,FALSE,10:09:30,10:10:00
4222M,門司港,FALSE,10:15:45,
4820M,江北[2],FALSE,,7:20:00
4820M,牛津,FALSE,7:24:45,7:25:15
4820M,久保田,FALSE,7:28:00,7:33:00
4820M,バルーンさが,TRUE,↓,7:34:00
4820M,鍋島,FALSE,7:37:15,7:37:45
4820M,佐賀,FALSE,7:40:30,7:41:00
4820M,伊賀屋,FALSE,7:44:45,7:45:15
4820M,神埼,FALSE,7:48:30,7:49:00
4820M,吉野ヶ里公園,FALSE,7:51:45,7:52:15
4820M,中原,FALSE,7:56:00,7:56:30
4820M,肥前麓,FALSE,8:00:15,8:00:45
4820M,新鳥栖,FALSE,8:02:30,8:03:00
4820M,鳥栖[2],FALSE,8:06:15,8:15:15
4820M,田代,TRUE,↓,8:17:15
4820M,弥生が丘,TRUE,↓,8:18:30
4820M,基山,FALSE,8:19:30,8:20:00
4820M,けやき台,TRUE,↓,8:21:30
4820M,原田,FALSE,8:23:45,8:24:15
4820M,天拝山,TRUE,↓,8:26:45
4820M,二日市,FALSE,8:28:00,8:28:30
4820M,都府楼南,TRUE,↓,8:29:45
4820M,大宰府（信）,TRUE,↓,8:30:15
4820M,水城,TRUE,↓,8:31:15
4820M,大野城,FALSE,8:32:45,8:33:15
4820M,春日,TRUE,↓,8:34:45
4820M,南福岡,FALSE,8:36:30,8:37:00
4820M,笹原,FALSE,8:39:45,8:40:15
4820M,竹下,FALSE,8:43:00,8:43:30
4820M,博多[2],FALSE,8:47:15,8:49:15
4820M,吉塚,FALSE,8:52:00,8:52:30
4820M,箱崎,TRUE,↓,8:54:00
4820M,千早（操）,TRUE,↓,8:56:30
4820M,千早,FALSE,8:57:15,8:57:45
4820M,香椎,FALSE,9:00:00,9:00:30
4820M,九産大前,TRUE,↓,9:02:30
4820M,福工大前,FALSE,9:04:45,9:05:15
4820M,新宮中央,TRUE,↓,9:06:45
4820M,ししぶ,TRUE,↓,9:07:30
4820M,古賀,FALSE,9:09:00,9:12:00
4820M,千鳥,TRUE,↓,9:13:30
4820M,福間,FALSE,9:16:15,9:16:45
4820M,東福間,TRUE,↓,9:18:45
4820M,東郷,FALSE,9:21:30,9:22:00
4820M,赤間,FALSE,9:25:45,9:26:15
4820M,教育大前,TRUE,↓,9:28:00
4820M,海老津,FALSE,9:31:30,9:32:00
4820M,遠賀川,TRUE,↓,9:35:15
4820M,水巻,TRUE,↓,9:36:30
4820M,折尾[5],FALSE,9:39:15,9:39:45
4820M,陣原,TRUE,↓,9:42:15
4820M,黒崎,FALSE,9:44:00,9:44:30
4820M,八幡,FALSE,9:47:45,9:48:15
4820M,スペースワールド,TRUE,↓,9:49:15
4820M,枝光,TRUE,↓,9:50:00
4820M,戸畑,FALSE,9:52:30,9:53:00
4820M,九州工大前,TRUE,↓,9:54:30
4820M,西小倉[5],FALSE,9:57:45,9:58:15
4820M,小倉[7],FALSE,10:00:30,10:01:00
4820M,東小倉,TRUE,↓,10:03:15
4820M,北九州（タ）,TRUE,↓,10:04:45
4820M,門司,FALSE,10:07:15,10:07:45
4820M,小森江,FALSE,10:09:30,10:10:00
4820M,門司港,FALSE,10:15:45,
2824M,肥前浜,FALSE,,6:02:00
2824M,肥前鹿島,FALSE,6:06:45,6:07:15
2824M,肥前竜王,FALSE,6:11:30,6:12:00
2824M,肥前白石,FALSE,6:16:45,6:17:15
2824M,江北[2],FALSE,6:25:00,6:32:00
2824M,牛津,FALSE,6:36:45,6:37:15
2824M,久保田,FALSE,6:39:30,6:40:00
2824M,バルーンさが,TRUE,↓,6:41:00
2824M,鍋島,FALSE,6:43:45,6:44:15
2824M,佐賀,FALSE,6:47:00,6:47:30
2824M,伊賀屋,FALSE,6:52:15,6:52:45
2824M,神埼,FALSE,6:56:00,6:56:30
2824M,吉野ヶ里公園,FALSE,6:59:15,6:59:45
2824M,中原,FALSE,7:03:00,7:03:30
2824M,肥前麓,FALSE,7:07:15,7:07:45
2824M,新鳥栖,FALSE,7:09:30,7:10:00
2824M,鳥栖[4],FALSE,7:14:15,7:18:15
2824M,田代,FALSE,7:20:30,7:21:00
2824M,弥生が丘,FALSE,7:23:15,7:26:15
2824M,基山,FALSE,7:29:00,7:29:30
2824M,けやき台,FALSE,7:31:45,7:32:15
2824M,原田,FALSE,7:34:00,7:44:00
2824M,天拝山,FALSE,7:48:15,7:48:45
2824M,二日市,FALSE,7:52:00,7:54:00
2824M,都府楼南,FALSE,7:56:15,7:56:45
2824M,大宰府（信）,TRUE,↓,7:57:15
2824M,水城,FALSE,7:59:30,8:00:00
2824M,大野城,FALSE,8:02:15,8:02:45
2824M,春日,FALSE,8:04:30,8:05:00
2824M,南福岡,FALSE,8:07:15,8:09:15
2824M,笹原,FALSE,8:11:30,8:12:00
2824M,竹下,FALSE,8:14:45,8:15:15
2824M,博多[1],FALSE,8:19:00,8:23:00
2824M,吉塚,FALSE,8:25:45,8:26:15
2824M,箱崎,FALSE,8:28:00,8:28:30
2824M,千早（操）,TRUE,↓,8:31:00
2824M,千早,FALSE,8:33:45,8:34:15
2824M,香椎,FALSE,8:37:00,8:37:30
2824M,九産大前,FALSE,8:40:15,8:40:45
2824M,福工大前,FALSE,8:44:00,8:52:00
2824M,新宮中央,FALSE,8:54:45,8:55:15
2824M,ししぶ,FALSE,8:57:00,8:57:30
2824M,古賀,FALSE,8:59:15,8:59:45
2824M,千鳥,FALSE,9:02:00,9:02:30
2824M,福間,FALSE,9:04:45,9:05:15
2824M,東福間,FALSE,9:08:00,9:08:30
2824M,東郷,FALSE,9:11:45,9:12:15
2824M,赤間,FALSE,9:15:00,9:15:30
2824M,教育大前,FALSE,9:18:15,9:18:45
2824M,海老津,FALSE,9:23:00,9:26:00
2824M,遠賀川,FALSE,9:30:45,9:31:15
2824M,水巻,FALSE,9:33:30,9:34:00
2824M,折尾[4],FALSE,9:36:15,9:43:15
2824M,陣原,FALSE,9:46:00,9:46:30
2824M,黒崎,FALSE,9:48:45,9:49:15
2824M,八幡,FALSE,9:52:00,9:52:30
2824M,スペースワールド,FALSE,9:54:15,9:54:45
2824M,枝光,FALSE,9:56:00,9:56:30
2824M,戸畑,FALSE,9:58:45,9:59:15
2824M,九州工大前,FALSE,10:01:00,10:01:30
2824M,西小倉[5],FALSE,10:04:45,10:05:15
2824M,小倉[8],FALSE,10:07:00,10:21:00
2824M,東小倉,TRUE,↓,10:23:15
2824M,北九州（タ）,TRUE,↓,10:24:45
2824M,門司,FALSE,10:27:15,10:27:45
2824M,小森江,FALSE,10:29:30,10:30:00
2824M,門司港,FALSE,10:35:45,
4920M,早岐,FALSE,,5:33:00
4920M,三河内,FALSE,5:37:45,5:38:15
4920M,有田,FALSE,5:45:30,5:46:00
4920M,上有田,FALSE,5:49:45,5:50:15
4920M,三間坂,FALSE,5:54:30,5:55:00
4920M,永尾,FALSE,5:58:45,5:59:15
4920M,武雄温泉[2],FALSE,6:04:00,6:04:30
4920M,高橋,FALSE,6:07:15,6:07:45
4920M,北方,FALSE,6:12:00,6:12:30
4920M,大町,FALSE,6:15:45,6:16:15
4920M,江北[2],FALSE,6:21:00,6:32:00
4920M,牛津,FALSE,6:36:45,6:37:15
4920M,久保田,FALSE,6:39:30,6:40:00
4920M,バルーンさが,TRUE,↓,6:41:00
4920M,鍋島,FALSE,6:43:45,6:44:15
4920M,佐賀,FALSE,6:47:00,6:47:30
4920M,伊賀屋,FALSE,6:52:15,6:52:45
4920M,神埼,FALSE,6:56:00,6:56:30
4920M,吉野ヶ里公園,FALSE,6:59:15,6:59:45
4920M,中原,FALSE,7:03:00,7:03:30
4920M,肥前麓,FALSE,7:07:15,7:07:45
4920M,新鳥栖,FALSE,7:09:30,7:10:00
4920M,鳥栖[4],FALSE,7:14:15,7:18:15
4920M,田代,FALSE,7:20:30,7:21:00
4920M,弥生が丘,FALSE,7:23:15,7:26:15
4920M,基山,FALSE,7:29:00,7:29:30
4920M,けやき台,FALSE,7:31:45,7:32:15
4920M,原田,FALSE,7:34:00,7:44:00
4920M,天拝山,FALSE,7:48:15,7:48:45
4920M,二日市,FALSE,7:52:00,7:54:00
4920M,都府楼南,FALSE,7:56:15,7:56:45
4920M,大宰府（信）,TRUE,↓,7:57:15
4920M,水城,FALSE,7:59:30,8:00:00
4920M,大野城,FALSE,8:02:15,8:02:45
4920M,春日,FALSE,8:04:30,8:05:00
4920M,南福岡,FALSE,8:07:15,8:09:15
4920M,笹原,FALSE,8:11:30,8:12:00
4920M,竹下,FALSE,8:14:45,8:15:15
4920M,博多[1],FALSE,8:19:00,8:23:00
4920M,吉塚,FALSE,8:25:45,8:26:15
4920M,箱崎,FALSE,8:28:00,8:28:30
4920M,千早（操）,TRUE,↓,8:31:00
4920M,千早,FALSE,8:33:45,8:34:15
4920M,香椎,FALSE,8:37:00,8:37:30
4920M,九産大前,FALSE,8:40:15,8:40:45
4920M,福工大前,FALSE,8:44:00,8:52:00
4920M,新宮中央,FALSE,8:54:45,8:55:15
4920M,ししぶ,FALSE,8:57:00,8:57:30
4920M,古賀,FALSE,8:59:15,8:59:45
4920M,千鳥,FALSE,9:02:00,9:02:30
4920M,福間,FALSE,9:04:45,9:05:15
4920M,東福間,FALSE,9:08:00,9:08:30
4920M,東郷,FALSE,9:11:45,9:12:15
4920M,赤間,FALSE,9:15:00,9:15:30
4920M,教育大前,FALSE,9:18:15,9:18:45
4920M,海老津,FALSE,9:23:00,9:26:00
4920M,遠賀川,FALSE,9:30:45,9:31:15
4920M,水巻,FALSE,9:33:30,9:34:00
4920M,折尾[4],FALSE,9:36:15,9:43:15
4920M,陣原,FALSE,9:46:00,9:46:30
4920M,黒崎,FALSE,9:48:45,9:49:15
4920M,八幡,FALSE,9:52:00,9:52:30
4920M,スペースワールド,FALSE,9:54:15,9:54:45
4920M,枝光,FALSE,9:56:00,9:56:30
4920M,戸畑,FALSE,9:58:45,9:59:15
4920M,九州工大前,FALSE,10:01:00,10:01:30
4920M,西小倉[5],FALSE,10:04:45,10:05:15
4920M,小倉[8],FALSE,10:07:00,10:21:00
4920M,東小倉,TRUE,↓,10:23:15
4920M,北九州（タ）,TRUE,↓,10:24:45
4920M,門司,FALSE,10:27:15,10:27:45
4920M,小森江,FALSE,10:29:30,10:30:00
4920M,門司港,FALSE,10:35:45,
134M,博多[3],FALSE,,9:02:00
134M,吉塚,FALSE,9:05:45,9:06:15
134M,箱崎,FALSE,9:08:00,9:08:30
134M,千早（操）,TRUE,↓,9:11:00
134M,千早,FALSE,9:12:45,9:13:15
134M,香椎,FALSE,9:15:00,9:15:30
134M,九産大前,FALSE,9:18:15,9:18:45
134M,福工大前,FALSE,9:22:00,9:22:30
134M,新宮中央,FALSE,9:25:15,9:25:45
134M,ししぶ,FALSE,9:27:30,9:28:00
134M,古賀,FALSE,9:30:15,9:30:45
134M,千鳥,FALSE,9:33:00,9:33:30
134M,福間,FALSE,9:36:15,9:39:15
134M,東福間,FALSE,9:43:00,9:43:30
134M,東郷,FALSE,9:47:15,9:47:45
134M,赤間,FALSE,9:51:00,9:51:30
134M,教育大前,FALSE,9:54:15,9:54:45
134M,海老津,FALSE,9:59:30,10:00:00
134M,遠賀川,FALSE,10:04:45,10:05:15
134M,水巻,FALSE,10:07:30,10:08:00
134M,折尾[5],FALSE,10:11:15,10:11:45
134M,陣原,FALSE,10:15:00,10:15:30
134M,黒崎,FALSE,10:18:15,10:18:45
134M,八幡,FALSE,10:21:30,10:22:00
134M,スペースワールド,FALSE,10:23:45,10:24:15
134M,枝光,FALSE,10:26:00,10:26:30
134M,戸畑,FALSE,10:29:15,10:29:45
134M,九州工大前,FALSE,10:31:30,10:32:00
134M,西小倉[5],FALSE,10:35:45,10:36:15
134M,小倉[8],FALSE,10:38:00,10:42:00
134M,東小倉,TRUE,↓,10:44:15
134M,北九州（タ）,TRUE,↓,10:45:45
134M,門司,FALSE,10:48:15,10:48:45
134M,小森江,FALSE,10:51:00,10:51:30
134M,門司港,FALSE,10:56:45,
4122M,鳥栖[4],FALSE,,8:50:00
4122M,田代,TRUE,↓,8:52:00
4122M,弥生が丘,TRUE,↓,8:53:15
4122M,基山,FALSE,8:55:45,8:56:15
4122M,けやき台,TRUE,↓,8:57:45
4122M,原田,FALSE,8:59:00,8:59:30
4122M,天拝山,TRUE,↓,9:02:00
4122M,二日市,FALSE,9:04:15,9:04:45
4122M,都府楼南,TRUE,↓,9:06:00
4122M,大宰府（信）,TRUE,↓,9:06:30
4122M,水城,TRUE,↓,9:07:30
4122M,大野城,FALSE,9:08:30,9:09:00
4122M,春日,TRUE,↓,9:10:30
4122M,南福岡,FALSE,9:12:45,9:13:15
4122M,笹原,FALSE,9:15:00,9:15:30
4122M,竹下,FALSE,9:18:15,9:18:45
4122M,博多[2],FALSE,9:22:00,9:28:00
4122M,吉塚,FALSE,9:30:45,9:31:15
4122M,箱崎,TRUE,↓,9:32:45
4122M,千早（操）,TRUE,↓,9:35:15
4122M,千早,FALSE,9:35:30,9:36:00
4122M,香椎,FALSE,9:38:45,9:39:15
4122M,九産大前,TRUE,↓,9:41:15
4122M,福工大前,FALSE,9:43:30,9:44:00
4122M,新宮中央,TRUE,↓,9:45:30
4122M,ししぶ,TRUE,↓,9:46:15
4122M,古賀,FALSE,9:48:15,9:48:45
4122M,千鳥,TRUE,↓,9:50:15
4122M,福間,FALSE,9:51:30,9:52:00
4122M,東福間,FALSE,9:55:15,9:55:45
4122M,東郷,FALSE,9:58:30,9:59:00
4122M,赤間,FALSE,10:02:45,10:03:15
4122M,教育大前,FALSE,10:05:30,10:06:00
4122M,海老津,FALSE,10:10:15,10:10:45
4122M,遠賀川,FALSE,10:14:30,10:15:00
4122M,水巻,FALSE,10:17:45,10:18:15
4122M,折尾[5],FALSE,10:20:30,10:21:00
4122M,陣原,FALSE,10:24:15,10:24:45
4122M,黒崎,FALSE,10:27:00,10:27:30
4122M,八幡,FALSE,10:30:45,10:31:15
4122M,スペースワールド,FALSE,10:33:00,10:37:00
4122M,枝光,FALSE,10:39:15,10:39:45
4122M,戸畑,FALSE,10:41:30,10:42:00
4122M,九州工大前,FALSE,10:44:45,10:45:15
4122M,西小倉[5],FALSE,10:48:00,10:48:30
4122M,小倉[8],FALSE,10:51:15,10:58:15
4122M,東小倉,TRUE,↓,11:00:30
4122M,北九州（タ）,TRUE,↓,11:02:00
4122M,門司,FALSE,11:04:00,11:04:30
4122M,小森江,FALSE,11:07:15,11:07:45
4122M,門司港,FALSE,11:13:30,
628H,直方,FALSE,,10:28:00
628H,新入,FALSE,10:31:45,10:32:15
628H,筑前植木,FALSE,10:34:00,10:34:30
628H,鞍手,FALSE,10:37:15,10:37:45
628H,筑前垣生,FALSE,10:40:00,10:40:30
628H,中間,FALSE,10:42:45,10:43:15
628H,東水巻,FALSE,10:45:00,10:45:30
628H,折尾[2],FALSE,10:49:15,10:57:15
628H,陣原,FALSE,11:00:30,11:01:00
628H,黒崎,FALSE,11:04:15,11:04:45
628H,八幡,FALSE,11:07:30,11:08:00
628H,スペースワールド,FALSE,11:09:45,11:10:15
628H,枝光,FALSE,11:11:30,11:12:00
628H,戸畑,FALSE,11:14:45,11:15:15
628H,九州工大前,FALSE,11:17:00,11:17:30
628H,西小倉[5],FALSE,11:20:45,11:21:15
628H,小倉[8],FALSE,11:22:30,11:23:00
628H,東小倉,TRUE,↓,11:25:15
628H,北九州（タ）,TRUE,↓,11:26:45
628H,門司,FALSE,11:29:15,11:29:45
628H,小森江,FALSE,11:31:30,11:32:00
628H,門司港,FALSE,11:37:45,
4124M,久留米[1],FALSE,,9:08:00
4124M,肥前旭,FALSE,9:12:45,9:13:15
4124M,鳥栖[1],FALSE,9:17:30,9:18:00
4124M,田代,FALSE,9:20:15,9:20:45
4124M,弥生が丘,FALSE,9:23:00,9:23:30
4124M,基山,FALSE,9:25:45,9:26:15
4124M,けやき台,FALSE,9:28:30,9:29:00
4124M,原田,FALSE,9:31:15,9:31:45
4124M,天拝山,FALSE,9:35:00,9:35:30
4124M,二日市,FALSE,9:38:15,9:44:15
4124M,都府楼南,TRUE,↓,9:45:30
4124M,大宰府（信）,TRUE,↓,9:46:00
4124M,水城,TRUE,↓,9:47:00
4124M,大野城,FALSE,9:49:30,9:50:00
4124M,春日,TRUE,↓,9:51:30
4124M,南福岡,FALSE,9:53:15,9:55:15
4124M,笹原,TRUE,↓,9:57:00
4124M,竹下,TRUE,↓,9:58:30
4124M,博多[1],FALSE,10:03:00,10:09:00
4124M,吉塚,FALSE,10:12:15,10:12:45
4124M,箱崎,TRUE,↓,10:14:15
4124M,千早（操）,TRUE,↓,10:16:45
4124M,千早,FALSE,10:17:00,10:17:30
4124M,香椎,FALSE,10:20:15,10:20:45
4124M,九産大前,TRUE,↓,10:22:45
4124M,福工大前,FALSE,10:24:30,10:25:00
4124M,新宮中央,TRUE,↓,10:26:30
4124M,ししぶ,TRUE,↓,10:27:15
4124M,古賀,FALSE,10:30:15,10:34:15
4124M,千鳥,TRUE,↓,10:35:45
4124M,福間,FALSE,10:37:30,10:38:00
4124M,東福間,FALSE,10:41:15,10:41:45
4124M,東郷,FALSE,10:44:30,10:45:00
4124M,赤間,FALSE,10:48:15,10:48:45
4124M,教育大前,FALSE,10:51:00,10:51:30
4124M,海老津,FALSE,10:55:45,10:56:15
4124M,遠賀川,FALSE,11:00:00,11:00:30
4124M,水巻,FALSE,11:03:15,11:03:45
4124M,折尾[5],FALSE,11:06:00,11:06:30
4124M,陣原,FALSE,11:09:45,11:10:15
4124M,黒崎,FALSE,11:12:00,11:12:30
4124M,八幡,FALSE,11:15:45,11:16:15
4124M,スペースワールド,FALSE,11:17:30,11:18:00
4124M,枝光,FALSE,11:19:45,11:20:15
4124M,戸畑,FALSE,11:22:30,11:23:00
4124M,九州工大前,FALSE,11:25:15,11:25:45
4124M,西小倉[5],FALSE,11:28:30,11:29:00
4124M,小倉[8],FALSE,11:31:15,11:33:15
4124M,東小倉,TRUE,↓,11:35:30
4124M,北九州（タ）,TRUE,↓,11:37:00
4124M,門司,FALSE,11:38:30,11:39:00
4124M,小森江,FALSE,11:41:15,11:41:45
4124M,門司港,FALSE,11:46:30,
4126M,鳥栖[4],FALSE,,9:56:00
4126M,田代,TRUE,↓,9:58:00
4126M,弥生が丘,TRUE,↓,9:59:15
4126M,基山,FALSE,10:02:15,10:02:45
4126M,けやき台,TRUE,↓,10:04:15
4126M,原田,FALSE,10:06:00,10:06:30
4126M,天拝山,TRUE,↓,10:09:00
4126M,二日市,FALSE,10:11:15,10:11:45
4126M,都府楼南,TRUE,↓,10:13:00
4126M,大宰府（信）,TRUE,↓,10:13:30
4126M,水城,TRUE,↓,10:14:30
4126M,大野城,FALSE,10:15:30,10:16:00
4126M,春日,TRUE,↓,10:17:30
4126M,南福岡,FALSE,10:19:15,10:22:15
4126M,笹原,TRUE,↓,10:24:00
4126M,竹下,TRUE,↓,10:25:30
4126M,博多[2],FALSE,10:29:00,10:32:00
4126M,吉塚,FALSE,10:34:45,10:35:15
4126M,箱崎,TRUE,↓,10:36:45
4126M,千早（操）,TRUE,↓,10:39:15
4126M,千早,FALSE,10:39:30,10:40:00
4126M,香椎,FALSE,10:42:45,10:43:15
4126M,九産大前,TRUE,↓,10:45:15
4126M,福工大前,FALSE,10:47:30,10:48:00
4126M,新宮中央,TRUE,↓,10:49:30
4126M,ししぶ,TRUE,↓,10:50:15
4126M,古賀,FALSE,10:52:15,10:52:45
4126M,千鳥,TRUE,↓,10:54:15
4126M,福間,FALSE,10:56:30,10:57:00
4126M,東福間,TRUE,↓,10:59:00
4126M,東郷,FALSE,11:02:45,11:03:15
4126M,赤間,FALSE,11:06:30,11:07:00
4126M,教育大前,TRUE,↓,11:08:45
4126M,海老津,FALSE,11:12:45,11:13:15
4126M,遠賀川,TRUE,↓,11:16:30
4126M,水巻,TRUE,↓,11:17:45
4126M,折尾[5],FALSE,11:20:00,11:20:30
4126M,陣原,FALSE,11:23:45,11:24:15
4126M,黒崎,FALSE,11:26:00,11:26:30
4126M,八幡,FALSE,11:29:45,11:30:15
4126M,スペースワールド,FALSE,11:32:00,11:36:00
4126M,枝光,FALSE,11:38:45,11:39:15
4126M,戸畑,FALSE,11:41:00,11:41:30
4126M,九州工大前,FALSE,11:43:45,11:44:15
4126M,西小倉[5],FALSE,11:47:00,11:47:30
4126M,小倉[8],FALSE,11:49:15,11:56:15
4126M,東小倉,TRUE,↓,11:58:30
4126M,北九州（タ）,TRUE,↓,12:00:00
4126M,門司,FALSE,12:02:00,12:02:30
4126M,小森江,FALSE,12:04:45,12:05:15
4126M,門司港,FALSE,12:10:30,
630H,直方,FALSE,,11:27:00
630H,新入,FALSE,11:29:45,11:30:15
630H,筑前植木,FALSE,11:32:00,11:32:30
630H,鞍手,FALSE,11:35:15,11:35:45
630H,筑前垣生,FALSE,11:38:00,11:38:30
630H,中間,FALSE,11:40:45,11:41:15
630H,東水巻,FALSE,11:43:00,11:43:30
630H,折尾[2],FALSE,11:47:45,11:48:15
630H,陣原,FALSE,11:51:30,11:52:00
630H,黒崎,FALSE,11:55:15,11:59:15
630H,八幡,FALSE,12:02:00,12:02:30
630H,スペースワールド,FALSE,12:04:15,12:04:45
630H,枝光,FALSE,12:06:00,12:06:30
630H,戸畑,FALSE,12:09:15,12:09:45
630H,九州工大前,FALSE,12:11:30,12:12:00
630H,西小倉[5],FALSE,12:15:15,12:15:45
630H,小倉[8],FALSE,12:17:30,12:18:00
630H,東小倉,TRUE,↓,12:20:15
630H,北九州（タ）,TRUE,↓,12:21:45
630H,門司,FALSE,12:24:15,12:24:45
630H,小森江,FALSE,12:26:30,12:27:00
630H,門司港,FALSE,12:32:45,
3124M,二日市,FALSE,,10:47:00
3124M,都府楼南,TRUE,↓,10:48:15
3124M,大宰府（信）,TRUE,↓,10:48:45
3124M,水城,TRUE,↓,10:49:45
3124M,大野城,FALSE,10:52:15,10:52:45
3124M,春日,TRUE,↓,10:54:15
3124M,南福岡,FALSE,10:56:30,10:57:00
3124M,笹原,TRUE,↓,10:58:45
3124M,竹下,TRUE,↓,11:00:15
3124M,博多[3],FALSE,11:04:15,11:10:15
3124M,吉塚,FALSE,11:12:30,11:13:00
3124M,箱崎,TRUE,↓,11:14:30
3124M,千早（操）,TRUE,↓,11:17:00
3124M,千早,FALSE,11:17:45,11:18:15
3124M,香椎,FALSE,11:20:00,11:20:30
3124M,九産大前,TRUE,↓,11:22:30
3124M,福工大前,FALSE,11:25:15,11:25:45
3124M,新宮中央,TRUE,↓,11:27:15
3124M,ししぶ,TRUE,↓,11:28:00
3124M,古賀,FALSE,11:30:00,11:35:00
3124M,千鳥,TRUE,↓,11:36:30
3124M,福間,FALSE,11:38:45,11:39:15
3124M,東福間,FALSE,11:42:00,11:42:30
3124M,東郷,FALSE,11:45:45,11:46:15
3124M,赤間,FALSE,11:49:30,11:50:00
3124M,教育大前,FALSE,11:52:45,11:53:15
3124M,海老津,FALSE,11:57:00,11:57:30
3124M,遠賀川,FALSE,12:01:45,12:02:15
3124M,水巻,FALSE,12:04:30,12:05:00
3124M,折尾[5],FALSE,12:07:45,12:08:15
3124M,陣原,FALSE,12:11:00,12:11:30
3124M,黒崎,FALSE,12:14:15,12:14:45
3124M,八幡,FALSE,12:17:30,12:18:00
3124M,スペースワールド,FALSE,12:19:45,12:20:15
3124M,枝光,FALSE,12:21:30,12:22:00
3124M,戸畑,FALSE,12:24:15,12:24:45
3124M,九州工大前,FALSE,12:27:00,12:27:30
3124M,西小倉[5],FALSE,12:30:45,12:31:15
3124M,小倉[8],FALSE,12:33:00,12:43:00
3124M,東小倉,TRUE,↓,12:45:15
3124M,北九州（タ）,TRUE,↓,12:46:45
3124M,門司,FALSE,12:48:15,12:48:45
3124M,小森江,FALSE,12:50:30,12:51:00
3124M,門司港,FALSE,12:56:45,
4128M,荒尾,FALSE,,10:02:00
4128M,大牟田,FALSE,10:06:15,10:06:45
4128M,銀水,FALSE,10:09:30,10:10:00
4128M,吉野,FALSE,10:12:45,10:13:15
4128M,渡瀬,FALSE,10:16:00,10:16:30
4128M,南瀬高,FALSE,10:19:45,10:20:15
4128M,瀬高,FALSE,10:23:00,10:23:30
4128M,筑後船小屋,FALSE,10:26:15,10:26:45
4128M,羽犬塚,FALSE,10:30:00,10:30:30
4128M,西牟田,FALSE,10:34:15,10:34:45
4128M,荒木,FALSE,10:37:30,10:38:00
4128M,久留米[4],FALSE,10:42:15,10:42:45
4128M,肥前旭,FALSE,10:46:00,10:46:30
4128M,鳥栖[2],FALSE,10:50:15,11:03:15
4128M,田代,TRUE,↓,11:05:15
4128M,弥生が丘,TRUE,↓,11:06:30
4128M,基山,FALSE,11:07:30,11:08:00
4128M,けやき台,TRUE,↓,11:09:30
4128M,原田,FALSE,11:11:45,11:12:15
4128M,天拝山,TRUE,↓,11:14:45
4128M,二日市,FALSE,11:16:30,11:17:00
4128M,都府楼南,TRUE,↓,11:18:15
4128M,大宰府（信）,TRUE,↓,11:18:45
4128M,水城,TRUE,↓,11:19:45
4128M,大野城,FALSE,11:21:15,11:21:45
4128M,春日,TRUE,↓,11:23:15
4128M,南福岡,FALSE,11:25:30,11:26:00
4128M,笹原,TRUE,↓,11:27:45
4128M,竹下,TRUE,↓,11:29:15
4128M,博多[2],FALSE,11:31:45,11:32:15
4128M,吉塚,FALSE,11:35:00,11:35:30
4128M,箱崎,TRUE,↓,11:37:00
4128M,千早（操）,TRUE,↓,11:39:30
4128M,千早,FALSE,11:40:45,11:41:15
4128M,香椎,FALSE,11:43:00,11:43:30
4128M,九産大前,TRUE,↓,11:45:30
4128M,福工大前,FALSE,11:48:45,11:49:15
4128M,新宮中央,TRUE,↓,11:50:45
4128M,ししぶ,TRUE,↓,11:51:30
4128M,古賀,FALSE,11:53:30,11:54:00
4128M,千鳥,TRUE,↓,11:55:30
4128M,福間,FALSE,11:58:45,11:59:15
4128M,東福間,TRUE,↓,12:01:15
4128M,東郷,FALSE,12:04:00,12:04:30
4128M,赤間,FALSE,12:07:45,12:08:15
4128M,教育大前,TRUE,↓,12:10:00
4128M,海老津,FALSE,12:13:30,12:14:00
4128M,遠賀川,TRUE,↓,12:17:15
4128M,水巻,TRUE,↓,12:18:30
4128M,折尾[5],FALSE,12:21:15,12:21:45
4128M,陣原,FALSE,12:24:30,12:25:00
4128M,黒崎,FALSE,12:27:45,12:28:15
4128M,八幡,FALSE,12:30:30,12:31:00
4128M,スペースワールド,FALSE,12:33:15,12:37:15
4128M,枝光,FALSE,12:38:30,12:39:00
4128M,戸畑,FALSE,12:41:45,12:42:15
4128M,九州工大前,FALSE,12:44:00,12:44:30
4128M,西小倉[5],FALSE,12:48:15,12:48:45
4128M,小倉[8],FALSE,12:50:00,13:00:00
4128M,東小倉,TRUE,↓,13:02:15
4128M,北九州（タ）,TRUE,↓,13:03:45
4128M,門司,FALSE,13:06:15,13:06:45
4128M,小森江,FALSE,13:08:30,13:09:00
4128M,門司港,FALSE,13:14:45,
632H,直方,FALSE,,12:28:00
632H,新入,FALSE,12:30:45,12:31:15
632H,筑前植木,FALSE,12:33:00,12:33:30
632H,鞍手,FALSE,12:36:15,12:36:45
632H,筑前垣生,FALSE,12:39:00,12:39:30
632H,中間,FALSE,12:41:45,12:42:15
632H,東水巻,FALSE,12:44:00,12:44:30
632H,折尾[2],FALSE,12:48:45,12:49:15
632H,陣原,FALSE,12:52:30,12:53:00
632H,黒崎,FALSE,12:56:15,12:59:15
632H,八幡,FALSE,13:02:00,13:02:30
632H,スペースワールド,FALSE,13:04:15,13:04:45
632H,枝光,FALSE,13:06:00,13:06:30
632H,戸畑,FALSE,13:09:15,13:09:45
632H,九州工大前,FALSE,13:11:30,13:12:00
632H,西小倉[5],FALSE,13:15:15,13:15:45
632H,小倉[8],FALSE,13:17:30,13:18:00
632H,東小倉,TRUE,↓,13:20:15
632H,北九州（タ）,TRUE,↓,13:21:45
632H,門司,FALSE,13:23:45,13:24:15
632H,小森江,FALSE,13:26:00,13:26:30
632H,門司港,FALSE,13:32:45,
3126M,博多[2],FALSE,,12:10:00
3126M,吉塚,FALSE,12:13:15,12:13:45
3126M,箱崎,TRUE,↓,12:15:15
3126M,千早（操）,TRUE,↓,12:17:45
3126M,千早,FALSE,12:18:30,12:19:00
3126M,香椎,FALSE,12:21:15,12:21:45
3126M,九産大前,TRUE,↓,12:23:45
3126M,福工大前,FALSE,12:26:00,12:26:30
3126M,新宮中央,TRUE,↓,12:28:00
3126M,ししぶ,TRUE,↓,12:28:45
3126M,古賀,FALSE,12:31:15,12:34:15
3126M,千鳥,TRUE,↓,12:35:45
3126M,福間,FALSE,12:38:30,12:39:00
3126M,東福間,FALSE,12:42:15,12:42:45
3126M,東郷,FALSE,12:46:00,12:46:30
3126M,赤間,FALSE,12:50:15,12:50:45
3126M,教育大前,FALSE,12:53:30,12:54:00
3126M,海老津,FALSE,12:58:45,12:59:15
3126M,遠賀川,FALSE,13:04:00,13:04:30
3126M,水巻,FALSE,13:07:15,13:07:45
3126M,折尾[5],FALSE,13:10:30,13:11:00
3126M,陣原,FALSE,13:14:45,13:15:15
3126M,黒崎,FALSE,13:17:30,13:18:00
3126M,八幡,FALSE,13:21:15,13:21:45
3126M,スペースワールド,FALSE,13:23:00,13:23:30
3126M,枝光,FALSE,13:25:45,13:26:15
3126M,戸畑,FALSE,13:28:30,13:29:00
3126M,九州工大前,FALSE,13:31:15,13:31:45
3126M,西小倉[5],FALSE,13:35:00,13:35:30
3126M,小倉[8],FALSE,13:37:15,13:43:15
3126M,東小倉,TRUE,↓,13:45:30
3126M,北九州（タ）,TRUE,↓,13:47:00
3126M,門司,FALSE,13:48:30,13:49:00
3126M,小森江,FALSE,13:51:15,13:51:45
3126M,門司港,FALSE,13:57:30,
634H,直方,FALSE,,13:27:00
634H,新入,FALSE,13:29:45,13:30:15
634H,筑前植木,FALSE,13:32:00,13:32:30
634H,鞍手,FALSE,13:35:15,13:35:45
634H,筑前垣生,FALSE,13:38:00,13:38:30
634H,中間,FALSE,13:40:45,13:41:15
634H,東水巻,FALSE,13:43:00,13:43:30
634H,折尾[2],FALSE,13:47:45,13:48:15
634H,陣原,FALSE,13:51:30,13:52:00
634H,黒崎,FALSE,13:55:15,13:59:15
634H,八幡,FALSE,14:02:00,14:02:30
634H,スペースワールド,FALSE,14:04:15,14:04:45
634H,枝光,FALSE,14:06:00,14:06:30
634H,戸畑,FALSE,14:09:15,14:09:45
634H,九州工大前,FALSE,14:11:30,14:12:00
634H,西小倉[5],FALSE,14:15:15,14:15:45
634H,小倉[8],FALSE,14:17:30,14:18:00
634H,東小倉,TRUE,↓,14:20:15
634H,北九州（タ）,TRUE,↓,14:21:45
634H,門司,FALSE,14:23:45,14:24:15
634H,小森江,FALSE,14:26:00,14:26:30
634H,門司港,FALSE,14:32:45,
4132M,鳥栖[4],FALSE,,12:33:00
4132M,田代,FALSE,12:35:15,12:35:45
4132M,弥生が丘,FALSE,12:38:00,12:38:30
4132M,基山,FALSE,12:41:15,12:41:45
4132M,けやき台,FALSE,12:43:30,12:44:00
4132M,原田,FALSE,12:46:45,12:47:15
4132M,天拝山,FALSE,12:50:00,12:50:30
4132M,二日市,FALSE,12:53:15,12:53:45
4132M,都府楼南,TRUE,↓,12:55:00
4132M,大宰府（信）,TRUE,↓,12:55:30
4132M,水城,TRUE,↓,12:56:30
4132M,大野城,FALSE,12:58:00,12:58:30
4132M,春日,TRUE,↓,13:00:00
4132M,南福岡,FALSE,13:01:45,13:02:15
4132M,笹原,TRUE,↓,13:04:00
4132M,竹下,TRUE,↓,13:05:30
4132M,博多[2],FALSE,13:09:30,13:10:00
4132M,吉塚,FALSE,13:12:45,13:13:15
4132M,箱崎,TRUE,↓,13:14:45
4132M,千早（操）,TRUE,↓,13:17:15
4132M,千早,FALSE,13:17:30,13:18:00
4132M,香椎,FALSE,13:20:15,13:20:45
4132M,九産大前,TRUE,↓,13:22:45
4132M,福工大前,FALSE,13:25:00,13:25:30
4132M,新宮中央,TRUE,↓,13:27:00
4132M,ししぶ,TRUE,↓,13:27:45
4132M,古賀,FALSE,13:30:15,13:34:15
4132M,千鳥,TRUE,↓,13:35:45
4132M,福間,FALSE,13:38:00,13:38:30
4132M,東福間,FALSE,13:41:45,13:42:15
4132M,東郷,FALSE,13:45:00,13:45:30
4132M,赤間,FALSE,13:48:45,13:49:15
4132M,教育大前,FALSE,13:51:30,13:52:00
4132M,海老津,FALSE,13:56:45,13:57:15
4132M,遠賀川,FALSE,14:01:00,14:01:30
4132M,水巻,FALSE,14:03:45,14:04:15
4132M,折尾[5],FALSE,14:07:00,14:07:30
4132M,陣原,FALSE,14:10:45,14:11:15
4132M,黒崎,FALSE,14:13:30,14:14:00
4132M,八幡,FALSE,14:17:15,14:17:45
4132M,スペースワールド,FALSE,14:19:00,14:19:30
4132M,枝光,FALSE,14:21:45,14:22:15
4132M,戸畑,FALSE,14:24:00,14:24:30
4132M,九州工大前,FALSE,14:27:15,14:27:45
4132M,西小倉[5],FALSE,14:30:30,14:31:00
4132M,小倉[8],FALSE,14:33:45,14:34:15
4132M,東小倉,TRUE,↓,14:36:30
4132M,北九州（タ）,TRUE,↓,14:38:00
4132M,門司,FALSE,14:39:00,14:39:30
4132M,小森江,FALSE,14:41:45,14:42:15
4132M,門司港,FALSE,14:47:30,
4134M,羽犬塚,FALSE,,12:41:00
4134M,西牟田,TRUE,↓,12:44:00
4134M,荒木,FALSE,12:47:45,12:48:15
4134M,久留米[4],FALSE,12:52:00,12:52:30
4134M,肥前旭,TRUE,↓,12:55:15
4134M,鳥栖[1],FALSE,12:59:15,12:59:45
4134M,田代,TRUE,↓,13:01:45
4134M,弥生が丘,TRUE,↓,13:03:00
4134M,基山,FALSE,13:04:30,13:05:00
4134M,けやき台,TRUE,↓,13:06:30
4134M,原田,FALSE,13:08:15,13:08:45
4134M,天拝山,TRUE,↓,13:11:15
4134M,二日市,FALSE,13:13:00,13:13:30
4134M,都府楼南,TRUE,↓,13:14:45
4134M,大宰府（信）,TRUE,↓,13:15:15
4134M,水城,TRUE,↓,13:16:15
4134M,大野城,FALSE,13:17:45,13:18:15
4134M,春日,TRUE,↓,13:19:45
4134M,南福岡,FALSE,13:21:00,13:24:00
4134M,笹原,TRUE,↓,13:25:45
4134M,竹下,TRUE,↓,13:27:15
4134M,博多[2],FALSE,13:31:45,13:32:15
4134M,吉塚,FALSE,13:35:30,13:36:00
4134M,箱崎,TRUE,↓,13:37:30
4134M,千早（操）,TRUE,↓,13:40:00
4134M,千早,FALSE,13:40:45,13:41:15
4134M,香椎,FALSE,13:43:00,13:43:30
4134M,九産大前,TRUE,↓,13:45:30
4134M,福工大前,FALSE,13:47:45,13:48:15
4134M,新宮中央,TRUE,↓,13:49:45
4134M,ししぶ,TRUE,↓,13:50:30
4134M,古賀,FALSE,13:52:00,13:52:30
4134M,千鳥,TRUE,↓,13:54:00
4134M,福間,FALSE,13:56:45,13:57:15
4134M,東福間,TRUE,↓,13:59:15
4134M,東郷,FALSE,14:02:00,14:02:30
4134M,赤間,FALSE,14:06:15,14:06:45
4134M,教育大前,TRUE,↓,14:08:30
4134M,海老津,FALSE,14:12:00,14:12:30
4134M,遠賀川,TRUE,↓,14:15:45
4134M,水巻,TRUE,↓,14:17:00
4134M,折尾[5],FALSE,14:20:15,14:20:45
4134M,陣原,FALSE,14:23:30,14:24:00
4134M,黒崎,FALSE,14:26:15,14:26:45
4134M,八幡,FALSE,14:29:30,14:30:00
4134M,スペースワールド,FALSE,14:32:15,14:36:15
4134M,枝光,FALSE,14:38:30,14:39:00
4134M,戸畑,FALSE,14:41:15,14:41:45
4134M,九州工大前,FALSE,14:43:30,14:44:00
4134M,西小倉[5],FALSE,14:47:45,14:48:15
4134M,小倉[8],FALSE,14:50:00,14:58:00
4134M,東小倉,TRUE,↓,15:00:15
4134M,北九州（タ）,TRUE,↓,15:01:45
4134M,門司,FALSE,15:03:45,15:04:15
4134M,小森江,FALSE,15:06:00,15:06:30
4134M,門司港,FALSE,15:12:45,
636H,直方,FALSE,,14:27:00
636H,新入,FALSE,14:29:45,14:30:15
636H,筑前植木,FALSE,14:32:00,14:32:30
636H,鞍手,FALSE,14:35:15,14:35:45
636H,筑前垣生,FALSE,14:38:00,14:38:30
636H,中間,FALSE,14:40:45,14:41:15
636H,東水巻,FALSE,14:43:00,14:43:30
636H,折尾[2],FALSE,14:47:45,14:48:15
636H,陣原,FALSE,14:51:00,14:51:30
636H,黒崎,FALSE,14:55:15,14:58:15
636H,八幡,FALSE,15:01:30,15:02:00
636H,スペースワールド,FALSE,15:03:45,15:04:15
636H,枝光,FALSE,15:05:30,15:06:00
636H,戸畑,FALSE,15:08:45,15:09:15
636H,九州工大前,FALSE,15:11:00,15:11:30
636H,西小倉[5],FALSE,15:14:45,15:15:15
636H,小倉[8],FALSE,15:16:30,15:17:00
636H,東小倉,TRUE,↓,15:19:15
636H,北九州（タ）,TRUE,↓,15:20:45
636H,門司,FALSE,15:22:45,15:23:15
636H,小森江,FALSE,15:25:00,15:25:30
636H,門司港,FALSE,15:31:45,
4136M,鳥栖[4],FALSE,,13:33:00
4136M,田代,FALSE,13:35:15,13:35:45
4136M,弥生が丘,FALSE,13:37:30,13:38:00
4136M,基山,FALSE,13:40:45,13:41:15
4136M,けやき台,FALSE,13:43:00,13:43:30
4136M,原田,FALSE,13:45:45,13:46:15
4136M,天拝山,FALSE,13:49:30,13:50:00
4136M,二日市,FALSE,13:52:15,13:52:45
4136M,都府楼南,TRUE,↓,13:54:00
4136M,大宰府（信）,TRUE,↓,13:54:30
4136M,水城,TRUE,↓,13:55:30
4136M,大野城,FALSE,13:57:30,13:58:00
4136M,春日,TRUE,↓,13:59:30
4136M,南福岡,FALSE,14:01:45,14:02:15
4136M,笹原,TRUE,↓,14:04:00
4136M,竹下,TRUE,↓,14:05:30
4136M,博多[2],FALSE,14:08:00,14:10:00
4136M,吉塚,FALSE,14:13:45,14:14:15
4136M,箱崎,TRUE,↓,14:15:45
4136M,千早（操）,TRUE,↓,14:18:15
4136M,千早,FALSE,14:18:00,14:18:30
4136M,香椎,FALSE,14:20:45,14:21:15
4136M,九産大前,TRUE,↓,14:23:15
4136M,福工大前,FALSE,14:25:30,14:26:00
4136M,新宮中央,TRUE,↓,14:27:30
4136M,ししぶ,TRUE,↓,14:28:15
4136M,古賀,FALSE,14:30:15,14:34:15
4136M,千鳥,TRUE,↓,14:35:45
4136M,福間,FALSE,14:38:00,14:38:30
4136M,東福間,FALSE,14:41:45,14:42:15
4136M,東郷,FALSE,14:45:00,14:45:30
4136M,赤間,FALSE,14:48:45,14:49:15
4136M,教育大前,FALSE,14:51:30,14:52:00
4136M,海老津,FALSE,14:56:45,14:57:15
4136M,遠賀川,FALSE,15:01:00,15:01:30
4136M,水巻,FALSE,15:03:45,15:04:15
4136M,折尾[5],FALSE,15:06:30,15:07:00
4136M,陣原,FALSE,15:10:45,15:11:15
4136M,黒崎,FALSE,15:13:30,15:14:00
4136M,八幡,FALSE,15:17:15,15:17:45
4136M,スペースワールド,FALSE,15:19:00,15:19:30
4136M,枝光,FALSE,15:21:45,15:22:15
4136M,戸畑,FALSE,15:24:00,15:24:30
4136M,九州工大前,FALSE,15:27:15,15:27:45
4136M,西小倉[5],FALSE,15:30:30,15:31:00
4136M,小倉[8],FALSE,15:33:45,15:34:15
4136M,東小倉,TRUE,↓,15:36:30
4136M,北九州（タ）,TRUE,↓,15:38:00
4136M,門司,FALSE,15:39:00,15:39:30
4136M,小森江,FALSE,15:41:45,15:42:15
4136M,門司港,FALSE,15:47:30,
4138M,羽犬塚,FALSE,,13:40:00
4138M,西牟田,TRUE,↓,13:43:00
4138M,荒木,FALSE,13:47:15,13:47:45
4138M,久留米[4],FALSE,13:52:00,13:52:30
4138M,肥前旭,TRUE,↓,13:55:15
4138M,鳥栖[1],FALSE,13:59:15,13:59:45
4138M,田代,TRUE,↓,14:01:45
4138M,弥生が丘,TRUE,↓,14:03:00
4138M,基山,FALSE,14:04:30,14:05:00
4138M,けやき台,TRUE,↓,14:06:30
4138M,原田,FALSE,14:08:15,14:08:45
4138M,天拝山,TRUE,↓,14:11:15
4138M,二日市,FALSE,14:13:00,14:13:30
4138M,都府楼南,TRUE,↓,14:14:45
4138M,大宰府（信）,TRUE,↓,14:15:15
4138M,水城,TRUE,↓,14:16:15
4138M,大野城,FALSE,14:17:45,14:18:15
4138M,春日,TRUE,↓,14:19:45
4138M,南福岡,FALSE,14:21:00,14:24:00
4138M,笹原,TRUE,↓,14:25:45
4138M,竹下,TRUE,↓,14:27:15
4138M,博多[2],FALSE,14:31:45,14:32:15
4138M,吉塚,FALSE,14:34:30,14:35:00
4138M,箱崎,TRUE,↓,14:36:30
4138M,千早（操）,TRUE,↓,14:39:00
4138M,千早,FALSE,14:39:15,14:39:45
4138M,香椎,FALSE,14:42:00,14:42:30
4138M,九産大前,TRUE,↓,14:44:30
4138M,福工大前,FALSE,14:47:45,14:48:15
4138M,新宮中央,TRUE,↓,14:49:45
4138M,ししぶ,TRUE,↓,14:50:30
4138M,古賀,FALSE,14:53:00,14:53:30
4138M,千鳥,TRUE,↓,14:55:00
4138M,福間,FALSE,14:57:15,14:57:45
4138M,東福間,TRUE,↓,14:59:45
4138M,東郷,FALSE,15:02:30,15:03:00
4138M,赤間,FALSE,15:06:45,15:07:15
4138M,教育大前,TRUE,↓,15:09:00
4138M,海老津,FALSE,15:13:00,15:13:30
4138M,遠賀川,TRUE,↓,15:16:45
4138M,水巻,TRUE,↓,15:18:00
4138M,折尾[5],FALSE,15:21:15,15:21:45
4138M,陣原,FALSE,15:24:30,15:25:00
4138M,黒崎,FALSE,15:27:15,15:27:45
4138M,八幡,FALSE,15:30:30,15:31:00
4138M,スペースワールド,FALSE,15:33:15,15:37:15
4138M,枝光,FALSE,15:38:30,15:39:00
4138M,戸畑,FALSE,15:41:45,15:42:15
4138M,九州工大前,FALSE,15:44:00,15:44:30
4138M,西小倉[5],FALSE,15:47:45,15:48:15
4138M,小倉[8],FALSE,15:50:00,15:56:00
4138M,東小倉,TRUE,↓,15:58:15
4138M,北九州（タ）,TRUE,↓,15:59:45
4138M,門司,FALSE,16:01:45,16:02:15
4138M,小森江,FALSE,16:04:00,16:04:30
4138M,門司港,FALSE,16:10:45,
638H,直方,FALSE,,15:27:00
638H,新入,FALSE,15:30:45,15:31:15
638H,筑前植木,FALSE,15:33:00,15:33:30
638H,鞍手,FALSE,15:36:15,15:36:45
638H,筑前垣生,FALSE,15:39:00,15:39:30
638H,中間,FALSE,15:41:45,15:42:15
638H,東水巻,FALSE,15:44:00,15:44:30
638H,折尾[2],FALSE,15:48:15,15:48:45
638H,陣原,FALSE,15:52:00,15:52:30
638H,黒崎,FALSE,15:55:15,15:58:15
638H,八幡,FALSE,16:01:30,16:02:00
638H,スペースワールド,FALSE,16:03:45,16:04:15
638H,枝光,FALSE,16:05:30,16:06:00
638H,戸畑,FALSE,16:08:45,16:09:15
638H,九州工大前,FALSE,16:11:00,16:11:30
638H,西小倉[5],FALSE,16:14:45,16:15:15
638H,小倉[8],FALSE,16:16:30,16:17:00
638H,東小倉,TRUE,↓,16:19:15
638H,北九州（タ）,TRUE,↓,16:20:45
638H,門司,FALSE,16:22:45,16:23:15
638H,小森江,FALSE,16:25:00,16:25:30
638H,門司港,FALSE,16:31:45,
4140M,鳥栖[4],FALSE,,14:33:00
4140M,田代,FALSE,14:35:15,14:35:45
4140M,弥生が丘,FALSE,14:37:30,14:38:00
4140M,基山,FALSE,14:40:45,14:41:15
4140M,けやき台,FALSE,14:43:00,14:43:30
4140M,原田,FALSE,14:45:45,14:46:15
4140M,天拝山,FALSE,14:49:30,14:50:00
4140M,二日市,FALSE,14:52:15,14:52:45
4140M,都府楼南,TRUE,↓,14:54:00
4140M,大宰府（信）,TRUE,↓,14:54:30
4140M,水城,TRUE,↓,14:55:30
4140M,大野城,FALSE,14:57:00,14:57:30
4140M,春日,TRUE,↓,14:59:00
4140M,南福岡,FALSE,15:01:45,15:02:15
4140M,笹原,TRUE,↓,15:04:00
4140M,竹下,TRUE,↓,15:05:30
4140M,博多[2],FALSE,15:09:30,15:10:00
4140M,吉塚,FALSE,15:13:15,15:13:45
4140M,箱崎,TRUE,↓,15:15:15
4140M,千早（操）,TRUE,↓,15:17:45
4140M,千早,FALSE,15:17:30,15:18:00
4140M,香椎,FALSE,15:20:15,15:20:45
4140M,九産大前,TRUE,↓,15:22:45
4140M,福工大前,FALSE,15:25:00,15:25:30
4140M,新宮中央,TRUE,↓,15:27:00
4140M,ししぶ,TRUE,↓,15:27:45
4140M,古賀,FALSE,15:30:15,15:34:15
4140M,千鳥,TRUE,↓,15:35:45
4140M,福間,FALSE,15:38:00,15:38:30
4140M,東福間,FALSE,15:41:45,15:42:15
4140M,東郷,FALSE,15:45:00,15:45:30
4140M,赤間,FALSE,15:48:45,15:49:15
4140M,教育大前,FALSE,15:51:30,15:52:00
4140M,海老津,FALSE,15:56:45,15:57:15
4140M,遠賀川,FALSE,16:01:00,16:01:30
4140M,水巻,FALSE,16:03:45,16:04:15
4140M,折尾[5],FALSE,16:06:30,16:07:00
4140M,陣原,FALSE,16:10:45,16:11:15
4140M,黒崎,FALSE,16:13:30,16:14:00
4140M,八幡,FALSE,16:17:15,16:17:45
4140M,スペースワールド,FALSE,16:19:00,16:19:30
4140M,枝光,FALSE,16:21:15,16:21:45
4140M,戸畑,FALSE,16:24:00,16:24:30
4140M,九州工大前,FALSE,16:26:45,16:27:15
4140M,西小倉[5],FALSE,16:30:00,16:30:30
4140M,小倉[8],FALSE,16:32:45,16:33:15
4140M,東小倉,TRUE,↓,16:35:30
4140M,北九州（タ）,TRUE,↓,16:37:00
4140M,門司,FALSE,16:38:30,16:39:00
4140M,小森江,FALSE,16:41:15,16:41:45
4140M,門司港,FALSE,16:47:30,
4142M,羽犬塚,FALSE,,14:39:00
4142M,西牟田,TRUE,↓,14:42:00
4142M,荒木,FALSE,14:45:15,14:45:45
4142M,久留米[4],FALSE,14:50:00,14:50:30
4142M,肥前旭,TRUE,↓,14:53:15
4142M,鳥栖[1],FALSE,14:56:45,14:57:15
4142M,田代,TRUE,↓,14:59:15
4142M,弥生が丘,TRUE,↓,15:00:30
4142M,基山,FALSE,15:02:30,15:03:00
4142M,けやき台,TRUE,↓,15:04:30
4142M,原田,FALSE,15:06:45,15:07:15
4142M,天拝山,TRUE,↓,15:09:45
4142M,二日市,FALSE,15:11:30,15:12:00
4142M,都府楼南,TRUE,↓,15:13:15
4142M,大宰府（信）,TRUE,↓,15:13:45
4142M,水城,TRUE,↓,15:14:45
4142M,大野城,FALSE,15:16:15,15:16:45
4142M,春日,TRUE,↓,15:18:15
4142M,南福岡,FALSE,15:20:00,15:24:00
4142M,笹原,TRUE,↓,15:25:45
4142M,竹下,TRUE,↓,15:27:15
4142M,博多[2],FALSE,15:31:45,15:32:15
4142M,吉塚,FALSE,15:34:30,15:35:00
4142M,箱崎,TRUE,↓,15:36:30
4142M,千早（操）,TRUE,↓,15:39:00
4142M,千早,FALSE,15:39:45,15:40:15
4142M,香椎,FALSE,15:42:30,15:43:00
4142M,九産大前,TRUE,↓,15:45:00
4142M,福工大前,FALSE,15:47:45,15:48:15
4142M,新宮中央,TRUE,↓,15:49:45
4142M,ししぶ,TRUE,↓,15:50:30
4142M,古賀,FALSE,15:53:00,15:53:30
4142M,千鳥,TRUE,↓,15:55:00
4142M,福間,FALSE,15:57:45,15:58:15
4142M,東福間,TRUE,↓,16:00:15
4142M,東郷,FALSE,16:03:00,16:03:30
4142M,赤間,FALSE,16:07:15,16:07:45
4142M,教育大前,TRUE,↓,16:09:30
4142M,海老津,FALSE,16:13:00,16:13:30
4142M,遠賀川,TRUE,↓,16:16:45
4142M,水巻,TRUE,↓,16:18:00
4142M,折尾[5],FALSE,16:20:45,16:21:15
4142M,陣原,FALSE,16:24:00,16:24:30
4142M,黒崎,FALSE,16:27:15,16:27:45
4142M,八幡,FALSE,16:30:30,16:31:00
4142M,スペースワールド,FALSE,16:33:15,16:36:15
4142M,枝光,FALSE,16:38:30,16:39:00
4142M,戸畑,FALSE,16:41:45,16:42:15
4142M,九州工大前,FALSE,16:44:00,16:44:30
4142M,西小倉[5],FALSE,16:47:45,16:48:15
4142M,小倉[8],FALSE,16:50:00,16:57:00
4142M,東小倉,TRUE,↓,16:59:15
4142M,北九州（タ）,TRUE,↓,17:00:45
4142M,門司,FALSE,17:03:15,17:03:45
4142M,小森江,FALSE,17:05:30,17:06:00
4142M,門司港,FALSE,17:11:45,
2228M,遠賀川,FALSE,,16:37:00
2228M,水巻,FALSE,16:40:45,16:41:15
2228M,折尾[5],FALSE,16:44:00,16:44:30
2228M,陣原,FALSE,16:47:45,16:48:15
2228M,黒崎,FALSE,16:50:30,16:51:00
2228M,八幡,FALSE,16:54:15,16:54:45
2228M,スペースワールド,FALSE,16:57:00,17:01:00
2228M,枝光,FALSE,17:03:15,17:03:45
2228M,戸畑,FALSE,17:06:00,17:06:30
2228M,九州工大前,FALSE,17:08:45,17:09:15
2228M,西小倉[5],FALSE,17:12:30,17:13:00
2228M,小倉[8],FALSE,17:15:45,17:16:15
2228M,東小倉,TRUE,↓,17:18:30
2228M,北九州（タ）,TRUE,↓,17:20:00
2228M,門司,FALSE,17:22:30,17:23:00
2228M,小森江,FALSE,17:25:45,17:26:15
2228M,門司港,FALSE,17:31:30,
4144M,鳥栖[4],FALSE,,15:33:00
4144M,田代,FALSE,15:35:15,15:35:45
4144M,弥生が丘,FALSE,15:37:30,15:38:00
4144M,基山,FALSE,15:40:45,15:41:15
4144M,けやき台,FALSE,15:43:00,15:43:30
4144M,原田,FALSE,15:45:45,15:46:15
4144M,天拝山,FALSE,15:49:30,15:50:00
4144M,二日市,FALSE,15:52:15,15:52:45
4144M,都府楼南,TRUE,↓,15:54:00
4144M,大宰府（信）,TRUE,↓,15:54:30
4144M,水城,TRUE,↓,15:55:30
4144M,大野城,FALSE,15:57:30,15:58:00
4144M,春日,TRUE,↓,15:59:30
4144M,南福岡,FALSE,16:01:45,16:02:15
4144M,笹原,TRUE,↓,16:04:00
4144M,竹下,TRUE,↓,16:05:30
4144M,博多[2],FALSE,16:08:00,16:10:00
4144M,吉塚,FALSE,16:13:15,16:13:45
4144M,箱崎,TRUE,↓,16:15:15
4144M,千早（操）,TRUE,↓,16:17:45
4144M,千早,FALSE,16:18:00,16:18:30
4144M,香椎,FALSE,16:20:45,16:21:15
4144M,九産大前,TRUE,↓,16:23:15
4144M,福工大前,FALSE,16:25:30,16:26:00
4144M,新宮中央,TRUE,↓,16:27:30
4144M,ししぶ,TRUE,↓,16:28:15
4144M,古賀,FALSE,16:31:15,16:35:15
4144M,千鳥,TRUE,↓,16:36:45
4144M,福間,FALSE,16:38:30,16:39:00
4144M,東福間,FALSE,16:42:15,16:42:45
4144M,東郷,FALSE,16:45:30,16:46:00
4144M,赤間,FALSE,16:49:45,16:50:15
4144M,教育大前,FALSE,16:52:00,16:52:30
4144M,海老津,FALSE,16:57:15,16:57:45
4144M,遠賀川,FALSE,17:01:30,17:02:00
4144M,水巻,FALSE,17:04:15,17:04:45
4144M,折尾[5],FALSE,17:07:00,17:07:30
4144M,陣原,FALSE,17:10:45,17:11:15
4144M,黒崎,FALSE,17:13:30,17:14:00
4144M,八幡,FALSE,17:16:45,17:17:15
4144M,スペースワールド,FALSE,17:18:30,17:19:00
4144M,枝光,FALSE,17:20:45,17:21:15
4144M,戸畑,FALSE,17:23:30,17:24:00
4144M,九州工大前,FALSE,17:26:15,17:26:45
4144M,西小倉[5],FALSE,17:29:30,17:30:00
4144M,小倉[8],FALSE,17:31:45,17:32:15
4144M,東小倉,TRUE,↓,17:34:30
4144M,北九州（タ）,TRUE,↓,17:36:00
4144M,門司,FALSE,17:37:30,17:38:00
4144M,小森江,FALSE,17:40:45,17:41:15
4144M,門司港,FALSE,17:46:30,
2230M,遠賀川,FALSE,,17:32:00
2230M,水巻,FALSE,17:35:45,17:36:15
2230M,折尾[4],FALSE,17:40:00,17:45:00
2230M,陣原,FALSE,17:49:15,17:49:45
2230M,黒崎,FALSE,17:52:00,17:52:30
2230M,八幡,FALSE,17:55:45,17:56:15
2230M,スペースワールド,FALSE,17:58:00,18:03:00
2230M,枝光,FALSE,18:05:15,18:05:45
2230M,戸畑,FALSE,18:07:30,18:08:00
2230M,九州工大前,FALSE,18:10:45,18:11:15
2230M,西小倉[5],FALSE,18:14:00,18:14:30
2230M,小倉[8],FALSE,18:16:45,18:17:15
2230M,東小倉,TRUE,↓,18:19:30
2230M,北九州（タ）,TRUE,↓,18:21:00
2230M,門司,FALSE,18:23:30,18:24:00
2230M,小森江,FALSE,18:27:15,18:27:45
2230M,門司港,FALSE,18:33:30,
4148M,羽犬塚,FALSE,,16:09:00
4148M,西牟田,FALSE,16:13:15,16:13:45
4148M,荒木,FALSE,16:16:30,16:17:00
4148M,久留米[4],FALSE,16:21:45,16:22:15
4148M,肥前旭,FALSE,16:25:30,16:26:00
4148M,鳥栖[1],FALSE,16:29:45,16:30:15
4148M,田代,FALSE,16:32:00,16:32:30
4148M,弥生が丘,FALSE,16:34:45,16:35:15
4148M,基山,FALSE,16:37:00,16:40:00
4148M,けやき台,FALSE,16:43:15,16:43:45
4148M,原田,FALSE,16:46:00,16:46:30
4148M,天拝山,FALSE,16:49:45,16:50:15
4148M,二日市,FALSE,16:52:00,16:56:00
4148M,都府楼南,TRUE,↓,16:57:15
4148M,大宰府（信）,TRUE,↓,16:57:45
4148M,水城,TRUE,↓,16:58:45
4148M,大野城,FALSE,17:00:45,17:01:15
4148M,春日,TRUE,↓,17:02:45
4148M,南福岡,FALSE,17:04:30,17:05:00
4148M,笹原,TRUE,↓,17:06:45
4148M,竹下,TRUE,↓,17:08:15
4148M,博多[1],FALSE,17:11:15,17:13:15
4148M,吉塚,FALSE,17:15:30,17:16:00
4148M,箱崎,TRUE,↓,17:17:30
4148M,千早（操）,TRUE,↓,17:20:00
4148M,千早,FALSE,17:20:45,17:21:15
4148M,香椎,FALSE,17:23:00,17:23:30
4148M,九産大前,TRUE,↓,17:25:30
4148M,福工大前,FALSE,17:27:45,17:28:15
4148M,新宮中央,TRUE,↓,17:29:45
4148M,ししぶ,TRUE,↓,17:30:30
4148M,古賀,FALSE,17:32:00,17:36:00
4148M,千鳥,TRUE,↓,17:37:30
4148M,福間,FALSE,17:40:15,17:40:45
4148M,東福間,FALSE,17:43:30,17:44:00
4148M,東郷,FALSE,17:47:15,17:47:45
4148M,赤間,FALSE,17:50:30,17:51:00
4148M,教育大前,FALSE,17:53:45,17:54:15
4148M,海老津,FALSE,17:58:30,17:59:00
4148M,遠賀川,FALSE,18:03:15,18:03:45
4148M,水巻,FALSE,18:06:00,18:06:30
4148M,折尾[5],FALSE,18:09:45,18:10:15
4148M,陣原,FALSE,18:13:00,18:13:30
4148M,黒崎,FALSE,18:16:15,18:16:45
4148M,八幡,FALSE,18:20:00,18:24:00
4148M,スペースワールド,FALSE,18:26:15,18:26:45
4148M,枝光,FALSE,18:28:30,18:29:00
4148M,戸畑,FALSE,18:31:45,18:32:15
4148M,九州工大前,FALSE,18:34:00,18:34:30
4148M,西小倉[5],FALSE,18:38:15,18:38:45
4148M,小倉[8],FALSE,18:40:30,18:41:00
4148M,東小倉,TRUE,↓,18:43:15
4148M,北九州（タ）,TRUE,↓,18:44:45
4148M,門司,FALSE,18:47:15,18:47:45
4148M,小森江,FALSE,18:49:30,18:50:00
4148M,門司港,FALSE,18:55:45,
2232M,遠賀川,FALSE,,18:18:00
2232M,水巻,FALSE,18:21:15,18:21:45
2232M,折尾[5],FALSE,18:24:30,18:25:00
2232M,陣原,FALSE,18:28:15,18:28:45
2232M,黒崎,FALSE,18:31:00,18:31:30
2232M,八幡,FALSE,18:35:15,18:35:45
2232M,スペースワールド,FALSE,18:37:00,18:41:00
2232M,枝光,FALSE,18:43:45,18:44:15
2232M,戸畑,FALSE,18:46:00,18:46:30
2232M,九州工大前,FALSE,18:48:45,18:49:15
2232M,西小倉[5],FALSE,18:52:30,18:53:00
2232M,小倉[8],FALSE,18:54:45,18:55:15
2232M,東小倉,TRUE,↓,18:57:30
2232M,北九州（タ）,TRUE,↓,18:59:00
2232M,門司,FALSE,19:01:00,19:03:00
2232M,小森江,FALSE,19:05:15,19:05:45
2232M,門司港,FALSE,19:11:30,
4150M,鳥栖[4],FALSE,,16:54:00
4150M,田代,FALSE,16:56:15,16:56:45
4150M,弥生が丘,FALSE,16:59:00,16:59:30
4150M,基山,FALSE,17:01:45,17:02:15
4150M,けやき台,FALSE,17:04:00,17:04:30
4150M,原田,FALSE,17:07:15,17:07:45
4150M,天拝山,FALSE,17:10:30,17:11:00
4150M,二日市,FALSE,17:13:45,17:14:15
4150M,都府楼南,TRUE,↓,17:15:30
4150M,大宰府（信）,TRUE,↓,17:16:00
4150M,水城,TRUE,↓,17:17:00
4150M,大野城,FALSE,17:19:00,17:19:30
4150M,春日,TRUE,↓,17:21:00
4150M,南福岡,FALSE,17:23:45,17:24:15
4150M,笹原,TRUE,↓,17:26:00
4150M,竹下,TRUE,↓,17:27:30
4150M,博多[1],FALSE,17:30:00,17:32:00
4150M,吉塚,FALSE,17:35:45,17:36:15
4150M,箱崎,TRUE,↓,17:37:45
4150M,千早（操）,TRUE,↓,17:40:15
4150M,千早,FALSE,17:40:30,17:41:00
4150M,香椎,FALSE,17:43:15,17:47:15
4150M,九産大前,TRUE,↓,17:49:15
4150M,福工大前,FALSE,17:52:00,17:52:30
4150M,新宮中央,TRUE,↓,17:54:00
4150M,ししぶ,TRUE,↓,17:54:45
4150M,古賀,FALSE,17:57:15,17:57:45
4150M,千鳥,TRUE,↓,17:59:15
4150M,福間,FALSE,18:01:00,18:01:30
4150M,東福間,FALSE,18:04:45,18:05:15
4150M,東郷,FALSE,18:08:30,18:09:00
4150M,赤間,FALSE,18:12:45,18:13:15
4150M,教育大前,FALSE,18:15:30,18:16:00
4150M,海老津,FALSE,18:21:15,18:35:15
4150M,遠賀川,FALSE,18:40:00,18:40:30
4150M,水巻,FALSE,18:43:15,18:43:45
4150M,折尾[5],FALSE,18:46:00,18:46:30
4150M,陣原,FALSE,18:50:15,18:50:45
4150M,黒崎,FALSE,18:53:00,18:53:30
4150M,八幡,FALSE,18:56:45,18:57:15
4150M,スペースワールド,FALSE,18:59:00,19:03:00
4150M,枝光,FALSE,19:04:45,19:05:15
4150M,戸畑,FALSE,19:07:30,19:08:00
4150M,九州工大前,FALSE,19:10:45,19:11:15
4150M,西小倉[5],FALSE,19:14:00,19:14:30
4150M,小倉[8],FALSE,19:16:45,19:17:15
4150M,東小倉,TRUE,↓,19:19:30
4150M,北九州（タ）,TRUE,↓,19:21:00
4150M,門司,FALSE,19:22:30,19:23:00
4150M,小森江,FALSE,19:25:15,19:25:45
4150M,門司港,FALSE,19:30:30,
2356M,羽犬塚,FALSE,,16:46:00
2356M,西牟田,FALSE,16:50:45,16:51:15
2356M,荒木,FALSE,16:54:00,16:54:30
2356M,久留米[5],FALSE,16:59:45,17:00:15
2356M,肥前旭,FALSE,17:03:30,17:04:00
2356M,鳥栖[1],FALSE,17:08:15,17:08:45
2356M,田代,FALSE,17:10:00,17:10:30
2356M,弥生が丘,FALSE,17:13:15,17:13:45
2356M,基山,FALSE,17:15:30,17:16:00
2356M,けやき台,FALSE,17:18:15,17:18:45
2356M,原田,FALSE,17:21:00,17:21:30
2356M,天拝山,FALSE,17:25:15,17:25:45
2356M,二日市,FALSE,17:28:00,17:37:00
2356M,都府楼南,FALSE,17:39:45,17:40:15
2356M,大宰府（信）,TRUE,↓,17:40:45
2356M,水城,FALSE,17:42:30,17:43:00
2356M,大野城,FALSE,17:45:15,17:45:45
2356M,春日,FALSE,17:47:30,17:48:00
2356M,南福岡,FALSE,17:49:45,17:50:15
2356M,笹原,FALSE,17:52:30,17:53:00
2356M,竹下,FALSE,17:55:45,17:56:15
2356M,博多[3],FALSE,17:59:00,18:02:00
2356M,吉塚,FALSE,18:04:45,18:05:15
2356M,箱崎,FALSE,18:07:00,18:07:30
2356M,千早（操）,TRUE,↓,18:10:00
2356M,千早,FALSE,18:11:45,18:12:15
2356M,香椎,FALSE,18:14:30,18:15:00
2356M,九産大前,FALSE,18:17:45,18:18:15
2356M,福工大前,FALSE,18:21:00,18:21:30
2356M,新宮中央,FALSE,18:23:45,18:24:15
2356M,ししぶ,FALSE,18:26:00,18:26:30
2356M,古賀,FALSE,18:28:15,18:32:15
2356M,千鳥,FALSE,18:35:00,18:35:30
2356M,福間,FALSE,18:37:45,18:38:15
2356M,東福間,FALSE,18:41:00,18:41:30
2356M,東郷,FALSE,18:44:45,18:45:15
2356M,赤間,FALSE,18:48:00,18:48:30
2356M,教育大前,FALSE,18:51:15,18:51:45
2356M,海老津,FALSE,18:56:00,18:56:30
2356M,遠賀川,FALSE,19:00:45,19:01:15
2356M,水巻,FALSE,19:03:30,19:04:00
2356M,折尾[5],FALSE,19:06:45,19:07:15
2356M,陣原,FALSE,19:10:30,19:11:00
2356M,黒崎,FALSE,19:13:15,19:13:45
2356M,八幡,FALSE,19:16:30,19:17:00
2356M,スペースワールド,FALSE,19:18:45,19:19:15
2356M,枝光,FALSE,19:20:30,19:21:00
2356M,戸畑,FALSE,19:23:45,19:24:15
2356M,九州工大前,FALSE,19:26:00,19:26:30
2356M,西小倉[5],FALSE,19:29:45,19:30:15
2356M,小倉[7],FALSE,19:31:30,19:32:00
2356M,東小倉,TRUE,↓,19:34:15
2356M,北九州（タ）,TRUE,↓,19:35:45
2356M,門司,FALSE,19:38:15,19:38:45
2356M,小森江,FALSE,19:40:30,19:41:00
2356M,門司港,FALSE,19:46:45,
4152M,久留米[1],FALSE,,17:28:00
4152M,肥前旭,FALSE,17:32:45,17:33:15
4152M,鳥栖[2],FALSE,17:40:00,17:47:00
4152M,田代,FALSE,17:49:15,17:49:45
4152M,弥生が丘,FALSE,17:52:00,17:52:30
4152M,基山,FALSE,17:55:15,17:58:15
4152M,けやき台,FALSE,18:01:00,18:01:30
4152M,原田,FALSE,18:03:45,18:04:15
4152M,天拝山,FALSE,18:07:30,18:08:00
4152M,二日市,FALSE,18:10:15,18:10:45
4152M,都府楼南,TRUE,↓,18:12:00
4152M,大宰府（信）,TRUE,↓,18:12:30
4152M,水城,TRUE,↓,18:13:30
4152M,大野城,FALSE,18:15:00,18:15:30
4152M,春日,TRUE,↓,18:17:00
4152M,南福岡,FALSE,18:19:45,18:20:15
4152M,笹原,TRUE,↓,18:22:00
4152M,竹下,TRUE,↓,18:23:30
4152M,博多[3],FALSE,18:26:00,18:29:00
4152M,吉塚,FALSE,18:31:45,18:32:15
4152M,箱崎,TRUE,↓,18:33:45
4152M,千早（操）,TRUE,↓,18:36:15
4152M,千早,FALSE,18:36:30,18:37:00
4152M,香椎,FALSE,18:39:45,18:40:15
4152M,九産大前,TRUE,↓,18:42:15
4152M,福工大前,FALSE,18:44:00,18:44:30
4152M,新宮中央,TRUE,↓,18:46:00
4152M,ししぶ,TRUE,↓,18:46:45
4152M,古賀,FALSE,18:49:15,18:53:15
4152M,千鳥,TRUE,↓,18:54:45
4152M,福間,FALSE,18:57:00,18:57:30
4152M,東福間,FALSE,19:00:45,19:01:15
4152M,東郷,FALSE,19:04:00,19:04:30
4152M,赤間,FALSE,19:08:15,19:08:45
4152M,教育大前,FALSE,19:11:00,19:11:30
4152M,海老津,FALSE,19:16:15,19:16:45
4152M,遠賀川,FALSE,19:20:30,19:21:00
4152M,水巻,FALSE,19:23:45,19:24:15
4152M,折尾[5],FALSE,19:26:30,19:27:00
4152M,陣原,FALSE,19:30:15,19:30:45
4152M,黒崎,FALSE,19:33:00,19:33:30
4152M,八幡,FALSE,19:36:45,19:37:15
4152M,スペースワールド,FALSE,19:38:00,19:41:00
4152M,枝光,FALSE,19:43:45,19:44:15
4152M,戸畑,FALSE,19:46:30,19:47:00
4152M,九州工大前,FALSE,19:49:15,19:49:45
4152M,西小倉[5],FALSE,19:52:30,19:53:00
4152M,小倉[8],FALSE,19:55:45,19:56:15
4152M,東小倉,TRUE,↓,19:58:30
4152M,北九州（タ）,TRUE,↓,20:00:00
4152M,門司,FALSE,20:02:00,20:02:30
4152M,小森江,FALSE,20:04:45,20:05:15
4152M,門司港,FALSE,20:10:30,
358M,熊本[6],FALSE,,15:58:00
358M,上熊本,FALSE,16:02:15,16:02:45
358M,崇城大学前,FALSE,16:04:30,16:05:00
358M,西里,FALSE,16:08:15,16:08:45
358M,植木,FALSE,16:12:00,16:12:30
358M,田原坂,FALSE,16:16:45,16:17:15
358M,木葉,FALSE,16:20:00,16:20:30
358M,肥後伊倉,FALSE,16:24:15,16:24:45
358M,玉名,FALSE,16:28:00,16:28:30
358M,大野下,FALSE,16:32:15,16:32:45
358M,長洲,FALSE,16:36:00,16:36:30
358M,南荒尾,FALSE,16:40:45,16:41:15
358M,荒尾,FALSE,16:44:00,16:44:30
358M,大牟田,FALSE,16:48:45,16:49:15
358M,銀水,FALSE,16:52:30,16:53:00
358M,吉野,FALSE,16:55:45,16:56:15
358M,渡瀬,FALSE,16:58:30,16:59:00
358M,南瀬高,FALSE,17:02:45,17:03:15
358M,瀬高,FALSE,17:05:30,17:06:00
358M,筑後船小屋,FALSE,17:08:45,17:09:15
358M,羽犬塚,FALSE,17:12:30,17:13:00
358M,西牟田,FALSE,17:16:45,17:17:15
358M,荒木,FALSE,17:20:00,17:20:30
358M,久留米[4],FALSE,17:25:15,17:25:45
358M,肥前旭,FALSE,17:28:30,17:29:00
358M,鳥栖[2],FALSE,17:33:15,17:47:15
358M,田代,FALSE,17:49:00,17:49:30
358M,弥生が丘,FALSE,17:52:15,17:52:45
358M,基山,FALSE,17:55:00,17:58:00
358M,けやき台,FALSE,18:01:15,18:01:45
358M,原田,FALSE,18:03:30,18:04:00
358M,天拝山,FALSE,18:07:45,18:08:15
358M,二日市,FALSE,18:10:00,18:10:30
358M,都府楼南,TRUE,↓,18:11:45
358M,大宰府（信）,TRUE,↓,18:12:15
358M,水城,TRUE,↓,18:13:15
358M,大野城,FALSE,18:15:15,18:15:45
358M,春日,TRUE,↓,18:17:15
358M,南福岡,FALSE,18:19:30,18:20:00
358M,笹原,TRUE,↓,18:21:45
358M,竹下,TRUE,↓,18:23:15
358M,博多[3],FALSE,18:26:15,18:29:15
358M,吉塚,FALSE,18:31:30,18:32:00
358M,箱崎,TRUE,↓,18:33:30
358M,千早（操）,TRUE,↓,18:36:00
358M,千早,FALSE,18:36:45,18:37:15
358M,香椎,FALSE,18:39:30,18:40:00
358M,九産大前,TRUE,↓,18:42:00
358M,福工大前,FALSE,18:44:15,18:44:45
358M,新宮中央,TRUE,↓,18:46:15
358M,ししぶ,TRUE,↓,18:47:00
358M,古賀,FALSE,18:49:00,18:53:00
358M,千鳥,TRUE,↓,18:54:30
358M,福間,FALSE,18:57:15,18:57:45
358M,東福間,FALSE,19:00:30,19:01:00
358M,東郷,FALSE,19:04:15,19:04:45
358M,赤間,FALSE,19:08:00,19:08:30
358M,教育大前,FALSE,19:11:15,19:11:45
358M,海老津,FALSE,19:16:00,19:16:30
358M,遠賀川,FALSE,19:20:45,19:21:15
358M,水巻,FALSE,19:23:30,19:24:00
358M,折尾[5],FALSE,19:26:45,19:27:15
358M,陣原,FALSE,19:30:00,19:30:30
358M,黒崎,FALSE,19:33:15,19:33:45
358M,八幡,FALSE,19:36:30,19:37:00
358M,スペースワールド,FALSE,19:38:15,19:41:15
358M,枝光,FALSE,19:43:30,19:44:00
358M,戸畑,FALSE,19:46:45,19:47:15
358M,九州工大前,FALSE,19:49:00,19:49:30
358M,西小倉[5],FALSE,19:52:45,19:53:15
358M,小倉[8],FALSE,19:55:30,19:56:00
358M,東小倉,TRUE,↓,19:58:15
358M,北九州（タ）,TRUE,↓,19:59:45
358M,門司,FALSE,20:02:15,20:02:45
358M,小森江,FALSE,20:04:30,20:05:00
358M,門司港,FALSE,20:10:45,
4230M,荒尾,FALSE,,17:32:00
4230M,大牟田,FALSE,17:36:15,17:36:45
4230M,銀水,TRUE,↓,17:39:15
4230M,吉野,TRUE,↓,17:40:45
4230M,渡瀬,TRUE,↓,17:42:30
4230M,南瀬高,TRUE,↓,17:45:00
4230M,瀬高,FALSE,17:47:00,17:47:30
4230M,筑後船小屋,FALSE,17:50:15,17:50:45
4230M,羽犬塚,FALSE,17:54:00,17:54:30
4230M,西牟田,TRUE,↓,17:57:30
4230M,荒木,FALSE,18:01:15,18:01:45
4230M,久留米[4],FALSE,18:06:00,18:06:30
4230M,肥前旭,TRUE,↓,18:09:15
4230M,鳥栖[1],FALSE,18:13:15,18:15:15
4230M,田代,TRUE,↓,18:17:15
4230M,弥生が丘,TRUE,↓,18:18:30
4230M,基山,FALSE,18:20:30,18:21:00
4230M,けやき台,TRUE,↓,18:22:30
4230M,原田,FALSE,18:24:15,18:24:45
4230M,天拝山,TRUE,↓,18:27:15
4230M,二日市,FALSE,18:29:30,18:30:00
4230M,都府楼南,TRUE,↓,18:31:15
4230M,大宰府（信）,TRUE,↓,18:31:45
4230M,水城,TRUE,↓,18:32:45
4230M,大野城,FALSE,18:34:15,18:34:45
4230M,春日,TRUE,↓,18:36:15
4230M,南福岡,FALSE,18:37:30,18:38:00
4230M,笹原,TRUE,↓,18:39:45
4230M,竹下,TRUE,↓,18:41:15
4230M,博多[3],FALSE,18:44:15,18:47:15
4230M,吉塚,FALSE,18:50:30,18:51:00
4230M,箱崎,TRUE,↓,18:52:30
4230M,千早（操）,TRUE,↓,18:55:00
4230M,千早,FALSE,18:56:15,18:56:45
4230M,香椎,FALSE,18:59:00,18:59:30
4230M,九産大前,TRUE,↓,19:01:30
4230M,福工大前,FALSE,19:04:15,19:04:45
4230M,新宮中央,TRUE,↓,19:06:15
4230M,ししぶ,TRUE,↓,19:07:00
4230M,古賀,FALSE,19:09:00,19:12:00
4230M,千鳥,TRUE,↓,19:13:30
4230M,福間,FALSE,19:17:15,19:17:45
4230M,東福間,TRUE,↓,19:19:45
4230M,東郷,FALSE,19:22:30,19:23:00
4230M,赤間,FALSE,19:26:15,19:26:45
4230M,教育大前,TRUE,↓,19:28:30
4230M,海老津,FALSE,19:32:30,19:33:00
4230M,遠賀川,TRUE,↓,19:36:15
4230M,水巻,TRUE,↓,19:37:30
4230M,折尾[5],FALSE,19:40:45,19:41:15
4230M,陣原,TRUE,↓,19:43:45
4230M,黒崎,FALSE,19:45:30,19:46:00
4230M,八幡,FALSE,19:49:15,19:49:45
4230M,スペースワールド,TRUE,↓,19:50:45
4230M,枝光,TRUE,↓,19:51:30
4230M,戸畑,FALSE,19:53:00,19:53:30
4230M,九州工大前,TRUE,↓,19:55:00
4230M,西小倉[5],FALSE,19:58:45,19:59:15
4230M,小倉[8],FALSE,20:00:00,20:10:00
4230M,東小倉,TRUE,↓,20:12:15
4230M,北九州（タ）,TRUE,↓,20:13:45
4230M,門司,FALSE,20:16:15,20:16:45
4230M,小森江,FALSE,20:19:00,20:19:30
4230M,門司港,FALSE,20:24:45,
136M,南福岡,FALSE,,18:48:00
136M,笹原,FALSE,18:50:45,18:51:15
136M,竹下,FALSE,18:54:00,18:54:30
136M,博多[1],FALSE,18:58:15,19:02:15
136M,吉塚,FALSE,19:04:30,19:05:00
136M,箱崎,FALSE,19:07:15,19:07:45
136M,千早（操）,TRUE,↓,19:10:15
136M,千早,FALSE,19:11:30,19:12:00
136M,香椎,FALSE,19:14:45,19:15:15
136M,九産大前,FALSE,19:17:30,19:18:00
136M,福工大前,FALSE,19:21:15,19:21:45
136M,新宮中央,FALSE,19:23:30,19:24:00
136M,ししぶ,FALSE,19:26:15,19:26:45
136M,古賀,FALSE,19:28:00,19:32:00
136M,千鳥,FALSE,19:35:15,19:35:45
136M,福間,FALSE,19:37:30,19:38:00
136M,東福間,FALSE,19:41:15,19:41:45
136M,東郷,FALSE,19:44:30,19:45:00
136M,赤間,FALSE,19:48:45,19:49:15
136M,教育大前,FALSE,19:51:30,19:52:00
136M,海老津,FALSE,19:56:15,19:56:45
136M,遠賀川,FALSE,20:01:00,20:01:30
136M,水巻,FALSE,20:04:15,20:04:45
136M,折尾[5],FALSE,20:07:30,20:08:00
136M,陣原,FALSE,20:11:15,20:11:45
136M,黒崎,FALSE,20:13:30,20:14:00
136M,八幡,FALSE,20:17:15,20:17:45
136M,スペースワールド,FALSE,20:19:00,20:19:30
136M,枝光,FALSE,20:21:15,20:21:45
136M,戸畑,FALSE,20:23:30,20:24:00
136M,九州工大前,FALSE,20:26:45,20:27:15
136M,西小倉[5],FALSE,20:30:00,20:30:30
136M,小倉[7],FALSE,20:32:15,20:42:15
136M,東小倉,TRUE,↓,20:44:30
136M,北九州（タ）,TRUE,↓,20:46:00
136M,門司,FALSE,20:48:00,20:48:30
136M,小森江,FALSE,20:50:45,20:51:15
136M,門司港,FALSE,20:57:30,
4232M,荒木,FALSE,,19:05:00
4232M,久留米[4],FALSE,19:10:15,19:10:45
4232M,肥前旭,TRUE,↓,19:13:30
4232M,鳥栖[1],FALSE,19:16:30,19:17:00
4232M,田代,TRUE,↓,19:19:00
4232M,弥生が丘,TRUE,↓,19:20:15
4232M,基山,FALSE,19:23:15,19:23:45
4232M,けやき台,TRUE,↓,19:25:15
4232M,原田,FALSE,19:27:00,19:27:30
4232M,天拝山,TRUE,↓,19:30:00
4232M,二日市,FALSE,19:32:45,19:33:15
4232M,都府楼南,TRUE,↓,19:34:30
4232M,大宰府（信）,TRUE,↓,19:35:00
4232M,水城,TRUE,↓,19:36:00
4232M,大野城,FALSE,19:37:30,19:38:00
4232M,春日,TRUE,↓,19:39:30
4232M,南福岡,FALSE,19:41:45,19:42:15
4232M,笹原,TRUE,↓,19:44:00
4232M,竹下,TRUE,↓,19:45:30
4232M,博多[2],FALSE,19:49:30,19:50:00
4232M,吉塚,FALSE,19:53:45,19:54:15
4232M,箱崎,TRUE,↓,19:55:45
4232M,千早（操）,TRUE,↓,19:58:15
4232M,千早,FALSE,19:58:00,19:58:30
4232M,香椎,FALSE,20:00:45,20:01:15
4232M,九産大前,TRUE,↓,20:03:15
4232M,福工大前,FALSE,20:05:30,20:06:00
4232M,新宮中央,TRUE,↓,20:07:30
4232M,ししぶ,TRUE,↓,20:08:15
4232M,古賀,FALSE,20:10:15,20:13:15
4232M,千鳥,TRUE,↓,20:14:45
4232M,福間,FALSE,20:17:30,20:18:00
4232M,東福間,TRUE,↓,20:20:00
4232M,東郷,FALSE,20:23:15,20:23:45
4232M,赤間,FALSE,20:27:00,20:27:30
4232M,教育大前,TRUE,↓,20:29:15
4232M,海老津,FALSE,20:33:15,20:33:45
4232M,遠賀川,TRUE,↓,20:37:00
4232M,水巻,TRUE,↓,20:38:15
4232M,折尾[5],FALSE,20:41:00,20:41:30
4232M,陣原,TRUE,↓,20:44:00
4232M,黒崎,FALSE,20:46:15,20:46:45
4232M,八幡,FALSE,20:49:30,20:50:00
4232M,スペースワールド,TRUE,↓,20:51:00
4232M,枝光,TRUE,↓,20:51:45
4232M,戸畑,FALSE,20:54:15,20:54:45
4232M,九州工大前,TRUE,↓,20:56:15
4232M,西小倉[5],FALSE,20:59:00,20:59:30
4232M,小倉[8],FALSE,21:01:45,21:02:15
4232M,東小倉,TRUE,↓,21:04:30
4232M,北九州（タ）,TRUE,↓,21:06:00
4232M,門司,FALSE,21:07:30,21:08:00
4232M,小森江,FALSE,21:10:15,21:10:45
4232M,門司港,FALSE,21:15:30,
2236M,遠賀川,FALSE,,20:43:00
2236M,水巻,FALSE,20:46:45,20:47:15
2236M,折尾[4],FALSE,20:49:00,20:55:00
2236M,陣原,FALSE,20:59:15,20:59:45
2236M,黒崎,FALSE,21:01:30,21:02:00
2236M,八幡,FALSE,21:05:15,21:05:45
2236M,スペースワールド,FALSE,21:07:00,21:07:30
2236M,枝光,FALSE,21:09:15,21:09:45
2236M,戸畑,FALSE,21:12:00,21:12:30
2236M,九州工大前,FALSE,21:14:45,21:15:15
2236M,西小倉[5],FALSE,21:18:00,21:18:30
2236M,小倉[8],FALSE,21:20:15,21:22:15
2236M,東小倉,TRUE,↓,21:24:30
2236M,北九州（タ）,TRUE,↓,21:26:00
2236M,門司,FALSE,21:27:00,21:27:30
2236M,小森江,FALSE,21:29:45,21:30:15
2236M,門司港,FALSE,21:35:30,
2360M,久留米[1],FALSE,,18:49:00
2360M,肥前旭,FALSE,18:53:45,18:54:15
2360M,鳥栖[3],FALSE,18:58:00,19:05:00
2360M,田代,FALSE,19:07:15,19:07:45
2360M,弥生が丘,FALSE,19:10:00,19:10:30
2360M,基山,FALSE,19:12:45,19:13:15
2360M,けやき台,FALSE,19:15:00,19:15:30
2360M,原田,FALSE,19:18:15,19:22:15
2360M,天拝山,FALSE,19:26:30,19:27:00
2360M,二日市,FALSE,19:30:15,19:35:15
2360M,都府楼南,FALSE,19:37:00,19:37:30
2360M,大宰府（信）,TRUE,↓,19:38:00
2360M,水城,FALSE,19:39:45,19:40:15
2360M,大野城,FALSE,19:42:00,19:42:30
2360M,春日,FALSE,19:44:15,19:44:45
2360M,南福岡,FALSE,19:47:00,19:49:00
2360M,笹原,FALSE,19:52:15,19:52:45
2360M,竹下,FALSE,19:55:00,19:55:30
2360M,博多[1],FALSE,19:59:15,20:02:15
2360M,吉塚,FALSE,20:04:30,20:05:00
2360M,箱崎,FALSE,20:07:15,20:07:45
2360M,千早（操）,TRUE,↓,20:10:15
2360M,千早,FALSE,20:11:30,20:12:00
2360M,香椎,FALSE,20:14:45,20:15:15
2360M,九産大前,FALSE,20:17:30,20:18:00
2360M,福工大前,FALSE,20:21:15,20:21:45
2360M,新宮中央,FALSE,20:23:30,20:24:00
2360M,ししぶ,FALSE,20:26:15,20:26:45
2360M,古賀,FALSE,20:28:00,20:32:00
2360M,千鳥,FALSE,20:35:15,20:35:45
2360M,福間,FALSE,20:37:30,20:38:00
2360M,東福間,FALSE,20:40:45,20:41:15
2360M,東郷,FALSE,20:44:00,20:44:30
2360M,赤間,FALSE,20:48:15,20:48:45
2360M,教育大前,FALSE,20:50:30,20:51:00
2360M,海老津,FALSE,20:56:15,21:01:15
2360M,遠賀川,FALSE,21:06:00,21:06:30
2360M,水巻,FALSE,21:08:45,21:09:15
2360M,折尾[5],FALSE,21:11:30,21:12:00
2360M,陣原,FALSE,21:15:45,21:16:15
2360M,黒崎,FALSE,21:18:30,21:19:00
2360M,八幡,FALSE,21:23:15,21:29:15
2360M,スペースワールド,FALSE,21:31:00,21:31:30
2360M,枝光,FALSE,21:33:15,21:33:45
2360M,戸畑,FALSE,21:36:00,21:36:30
2360M,九州工大前,FALSE,21:38:45,21:39:15
2360M,西小倉[5],FALSE,21:42:30,21:43:00
2360M,小倉[8],FALSE,21:44:15,21:47:15
2360M,東小倉,TRUE,↓,21:49:30
2360M,北九州（タ）,TRUE,↓,21:51:00
2360M,門司,FALSE,21:53:30,21:54:00
2360M,小森江,FALSE,21:56:15,21:56:45
2360M,門司港,FALSE,22:01:30,
2364M,大牟田,FALSE,,19:39:00
2364M,銀水,FALSE,19:43:15,19:43:45
2364M,吉野,FALSE,19:46:00,19:46:30
2364M,渡瀬,FALSE,19:49:15,19:49:45
2364M,南瀬高,FALSE,19:53:00,19:53:30
2364M,瀬高,FALSE,19:56:45,19:57:15
2364M,筑後船小屋,FALSE,19:59:30,20:00:00
2364M,羽犬塚,FALSE,20:03:45,20:04:15
2364M,西牟田,FALSE,20:07:30,20:08:00
2364M,荒木,FALSE,20:11:45,20:12:15
2364M,久留米[4],FALSE,20:16:30,20:17:00
2364M,肥前旭,FALSE,20:20:15,20:20:45
2364M,鳥栖[1],FALSE,20:24:30,20:25:00
2364M,田代,FALSE,20:27:15,20:27:45
2364M,弥生が丘,FALSE,20:30:00,20:30:30
2364M,基山,FALSE,20:32:45,20:33:15
2364M,けやき台,FALSE,20:35:30,20:36:00
2364M,原田,FALSE,20:38:15,20:42:15
2364M,天拝山,FALSE,20:46:00,20:46:30
2364M,二日市,FALSE,20:49:15,20:49:45
2364M,都府楼南,FALSE,20:51:30,20:52:00
2364M,大宰府（信）,TRUE,↓,20:52:30
2364M,水城,FALSE,20:54:45,20:55:15
2364M,大野城,FALSE,20:57:00,20:57:30
2364M,春日,FALSE,20:59:45,21:00:15
2364M,南福岡,FALSE,21:02:30,21:03:00
2364M,笹原,FALSE,21:05:15,21:05:45
2364M,竹下,FALSE,21:08:00,21:08:30
2364M,博多[1],FALSE,21:12:15,21:14:15
2364M,吉塚,FALSE,21:16:30,21:17:00
2364M,箱崎,FALSE,21:19:15,21:19:45
2364M,千早（操）,TRUE,↓,21:22:15
2364M,千早,FALSE,21:23:00,21:23:30
2364M,香椎,FALSE,21:25:45,21:26:15
2364M,九産大前,FALSE,21:28:30,21:29:00
2364M,福工大前,FALSE,21:32:15,21:32:45
2364M,新宮中央,FALSE,21:34:30,21:35:00
2364M,ししぶ,FALSE,21:37:15,21:37:45
2364M,古賀,FALSE,21:39:00,21:43:00
2364M,千鳥,FALSE,21:45:45,21:46:15
2364M,福間,FALSE,21:48:00,21:48:30
2364M,東福間,FALSE,21:51:45,21:52:15
2364M,東郷,FALSE,21:55:00,21:55:30
2364M,赤間,FALSE,21:58:45,21:59:15
2364M,教育大前,FALSE,22:01:30,22:02:00
2364M,海老津,FALSE,22:06:15,22:06:45
2364M,遠賀川,FALSE,22:10:30,22:11:00
2364M,水巻,FALSE,22:13:45,22:14:15
2364M,折尾[5],FALSE,22:16:30,22:17:00
2364M,陣原,FALSE,22:20:15,22:20:45
2364M,黒崎,FALSE,22:23:00,22:23:30
2364M,八幡,FALSE,22:26:45,22:27:15
2364M,スペースワールド,FALSE,22:28:30,22:29:00
2364M,枝光,FALSE,22:31:15,22:31:45
2364M,戸畑,FALSE,22:34:00,22:34:30
2364M,九州工大前,FALSE,22:36:45,22:37:15
2364M,西小倉[5],FALSE,22:40:30,22:41:00
2364M,小倉[8],FALSE,22:43:45,22:44:15
2364M,東小倉,TRUE,↓,22:46:30
2364M,北九州（タ）,TRUE,↓,22:48:00
2364M,門司,FALSE,22:49:30,22:50:00
2364M,小森江,FALSE,22:52:15,22:52:45
2364M,門司港,FALSE,22:58:30,
3222M,博多[3],FALSE,,21:38:00
3222M,吉塚,FALSE,21:41:15,21:41:45
3222M,箱崎,TRUE,↓,21:43:15
3222M,千早（操）,TRUE,↓,21:45:45
3222M,千早,FALSE,21:46:00,21:46:30
3222M,香椎,FALSE,21:48:45,21:49:15
3222M,九産大前,TRUE,↓,21:51:15
3222M,福工大前,FALSE,21:53:30,21:54:00
3222M,新宮中央,TRUE,↓,21:55:30
3222M,ししぶ,TRUE,↓,21:56:15
3222M,古賀,FALSE,21:58:15,21:58:45
3222M,千鳥,TRUE,↓,22:00:15
3222M,福間,FALSE,22:02:00,22:02:30
3222M,東福間,TRUE,↓,22:04:30
3222M,東郷,FALSE,22:08:15,22:08:45
3222M,赤間,FALSE,22:12:00,22:12:30
3222M,教育大前,TRUE,↓,22:14:15
3222M,海老津,FALSE,22:18:45,22:19:15
3222M,遠賀川,TRUE,↓,22:22:30
3222M,水巻,TRUE,↓,22:23:45
3222M,折尾[5],FALSE,22:26:30,22:27:00
3222M,陣原,TRUE,↓,22:29:30
3222M,黒崎,FALSE,22:32:15,22:32:45
3222M,八幡,FALSE,22:35:30,22:36:00
3222M,スペースワールド,TRUE,↓,22:37:00
3222M,枝光,TRUE,↓,22:37:45
3222M,戸畑,FALSE,22:40:15,22:40:45
3222M,九州工大前,TRUE,↓,22:42:15
3222M,西小倉[5],FALSE,22:45:00,22:45:30
3222M,小倉[8],FALSE,22:47:15,23:03:15
3222M,東小倉,TRUE,↓,23:05:30
3222M,北九州（タ）,TRUE,↓,23:07:00
3222M,門司,FALSE,23:08:30,23:09:00
3222M,小森江,FALSE,23:11:15,23:11:45
3222M,門司港,FALSE,23:17:30,
4236M,久留米[1],FALSE,,21:21:00
4236M,肥前旭,TRUE,↓,21:23:45
4236M,鳥栖[1],FALSE,21:27:15,21:27:45
4236M,田代,TRUE,↓,21:29:45
4236M,弥生が丘,TRUE,↓,21:31:00
4236M,基山,FALSE,21:33:00,21:33:30
4236M,けやき台,TRUE,↓,21:35:00
4236M,原田,FALSE,21:37:15,21:37:45
4236M,天拝山,TRUE,↓,21:40:15
4236M,二日市,FALSE,21:42:00,21:48:00
4236M,都府楼南,TRUE,↓,21:49:15
4236M,大宰府（信）,TRUE,↓,21:49:45
4236M,水城,TRUE,↓,21:50:45
4236M,大野城,FALSE,21:52:45,21:53:15
4236M,春日,TRUE,↓,21:54:45
4236M,南福岡,FALSE,21:56:00,22:04:00
4236M,笹原,TRUE,↓,22:05:45
4236M,竹下,TRUE,↓,22:07:15
4236M,博多[2],FALSE,22:11:15,22:14:15
4236M,吉塚,FALSE,22:17:00,22:17:30
4236M,箱崎,TRUE,↓,22:19:00
4236M,千早（操）,TRUE,↓,22:21:30
4236M,千早,FALSE,22:22:45,22:23:15
4236M,香椎,FALSE,22:25:00,22:25:30
4236M,九産大前,TRUE,↓,22:27:30
4236M,福工大前,FALSE,22:29:45,22:30:15
4236M,新宮中央,TRUE,↓,22:31:45
4236M,ししぶ,TRUE,↓,22:32:30
4236M,古賀,FALSE,22:34:00,22:34:30
4236M,千鳥,TRUE,↓,22:36:00
4236M,福間,FALSE,22:38:15,22:38:45
4236M,東福間,TRUE,↓,22:40:45
4236M,東郷,FALSE,22:44:00,22:44:30
4236M,赤間,FALSE,22:47:45,22:48:15
4236M,教育大前,TRUE,↓,22:50:00
4236M,海老津,FALSE,22:53:30,22:54:00
4236M,遠賀川,TRUE,↓,22:57:15
4236M,水巻,TRUE,↓,22:58:30
4236M,折尾[5],FALSE,23:01:15,23:01:45
4236M,陣原,TRUE,↓,23:04:15
4236M,黒崎,FALSE,23:06:30,23:07:00
4236M,八幡,FALSE,23:09:45,23:10:15
4236M,スペースワールド,TRUE,↓,23:11:15
4236M,枝光,TRUE,↓,23:12:00
4236M,戸畑,FALSE,23:13:30,23:14:00
4236M,九州工大前,TRUE,↓,23:15:30
4236M,西小倉[5],FALSE,23:18:45,23:19:15
4236M,小倉[8],FALSE,23:20:00,23:24:00
4236M,東小倉,TRUE,↓,23:26:15
4236M,北九州（タ）,TRUE,↓,23:27:45
4236M,門司,FALSE,23:29:45,23:30:15
4236M,小森江,FALSE,23:32:00,23:32:30
4236M,門司港,FALSE,23:38:45,
140M,鳥栖[4],FALSE,,21:04:00
140M,田代,FALSE,21:06:15,21:06:45
140M,弥生が丘,FALSE,21:08:30,21:09:00
140M,基山,FALSE,21:11:45,21:12:15
140M,けやき台,FALSE,21:14:00,21:14:30
140M,原田,FALSE,21:17:15,21:20:15
140M,天拝山,FALSE,21:24:30,21:25:00
140M,二日市,FALSE,21:27:45,21:28:15
140M,都府楼南,FALSE,21:30:00,21:30:30
140M,大宰府（信）,TRUE,↓,21:31:00
140M,水城,FALSE,21:32:45,21:33:15
140M,大野城,FALSE,21:35:00,21:35:30
140M,春日,FALSE,21:37:45,21:38:15
140M,南福岡,FALSE,21:39:30,21:40:00
140M,笹原,FALSE,21:42:45,21:43:15
140M,竹下,FALSE,21:46:00,21:46:30
140M,博多[2],FALSE,21:50:45,21:51:15
140M,吉塚,FALSE,21:53:30,21:54:00
140M,箱崎,FALSE,21:56:15,21:56:45
140M,千早（操）,TRUE,↓,21:59:15
140M,千早,FALSE,22:00:30,22:01:00
140M,香椎,FALSE,22:03:45,22:04:15
140M,九産大前,FALSE,22:06:00,22:06:30
140M,福工大前,FALSE,22:10:15,22:10:45
140M,新宮中央,FALSE,22:12:30,22:13:00
140M,ししぶ,FALSE,22:14:45,22:15:15
140M,古賀,FALSE,22:17:00,22:21:00
140M,千鳥,FALSE,22:23:45,22:24:15
140M,福間,FALSE,22:26:00,22:31:00
140M,東福間,FALSE,22:34:15,22:34:45
140M,東郷,FALSE,22:37:30,22:38:00
140M,赤間,FALSE,22:42:15,22:50:15
140M,教育大前,FALSE,22:53:00,22:53:30
140M,海老津,FALSE,22:58:15,23:02:15
140M,遠賀川,FALSE,23:07:00,23:07:30
140M,水巻,FALSE,23:09:45,23:10:15
140M,折尾[5],FALSE,23:12:30,23:13:00
140M,陣原,FALSE,23:16:15,23:16:45
140M,黒崎,FALSE,23:19:00,23:19:30
140M,八幡,FALSE,23:22:15,23:22:45
140M,スペースワールド,FALSE,23:24:00,23:24:30
140M,枝光,FALSE,23:26:15,23:26:45
140M,戸畑,FALSE,23:29:00,23:29:30
140M,九州工大前,FALSE,23:31:45,23:32:15
140M,西小倉[5],FALSE,23:35:00,23:35:30
140M,小倉[8],FALSE,23:37:45,23:38:15
140M,東小倉,TRUE,↓,23:40:30
140M,北九州（タ）,TRUE,↓,23:42:00
140M,門司,FALSE,23:43:30,23:44:00
140M,小森江,FALSE,23:46:15,23:46:45
140M,門司港,FALSE,23:52:30,
142M,鳥栖[4],FALSE,,21:45:00
142M,田代,FALSE,21:47:15,21:47:45
142M,弥生が丘,FALSE,21:49:30,21:50:00
142M,基山,FALSE,21:52:45,21:53:15
142M,けやき台,FALSE,21:55:00,21:55:30
142M,原田,FALSE,21:57:45,21:58:15
142M,天拝山,FALSE,22:01:30,22:02:00
142M,二日市,FALSE,22:04:15,22:04:45
142M,都府楼南,FALSE,22:06:30,22:07:00
142M,大宰府（信）,TRUE,↓,22:07:30
142M,水城,FALSE,22:09:15,22:09:45
142M,大野城,FALSE,22:11:30,22:12:00
142M,春日,FALSE,22:13:45,22:14:15
142M,南福岡,FALSE,22:16:30,22:17:00
142M,笹原,FALSE,22:19:15,22:19:45
142M,竹下,FALSE,22:22:00,22:22:30
142M,博多[1],FALSE,22:25:45,22:26:15
142M,吉塚,FALSE,22:29:00,22:29:30
142M,箱崎,FALSE,22:31:45,22:32:15
142M,千早（操）,TRUE,↓,22:34:45
142M,千早,FALSE,22:35:30,22:36:00
142M,香椎,FALSE,22:38:15,22:41:15
142M,九産大前,FALSE,22:44:00,22:44:30
142M,福工大前,FALSE,22:47:45,22:48:15
142M,新宮中央,FALSE,22:50:00,22:50:30
142M,ししぶ,FALSE,22:52:15,22:52:45
142M,古賀,FALSE,22:54:30,22:55:00
142M,千鳥,FALSE,22:57:15,22:57:45
142M,福間,FALSE,23:00:00,23:04:00
142M,東福間,FALSE,23:08:15,23:08:45
142M,東郷,FALSE,23:11:30,23:12:00
142M,赤間,FALSE,23:15:15,23:15:45
142M,教育大前,FALSE,23:18:00,23:18:30
142M,海老津,FALSE,23:22:45,23:23:15
142M,遠賀川,FALSE,23:27:30,23:28:00
142M,水巻,FALSE,23:30:15,23:30:45
142M,折尾[5],FALSE,23:33:30,23:34:00
142M,陣原,FALSE,23:37:15,23:37:45
142M,黒崎,FALSE,23:40:00,23:40:30
142M,八幡,FALSE,23:43:45,23:44:15
142M,スペースワールド,FALSE,23:45:30,23:46:00
142M,枝光,FALSE,23:47:45,23:48:15
142M,戸畑,FALSE,23:50:00,23:50:30
142M,九州工大前,FALSE,23:53:15,23:53:45
142M,西小倉[5],FALSE,23:56:30,23:57:00
142M,小倉[8],FALSE,23:58:45,23:59:15
142M,東小倉,TRUE,↓,0:01:30
142M,北九州（タ）,TRUE,↓,0:03:00
142M,門司,FALSE,0:05:00,0:05:30
142M,小森江,FALSE,0:07:45,0:08:15
142M,門司港,FALSE,0:13:30,
144M,二日市,FALSE,,22:27:00
144M,都府楼南,FALSE,22:29:45,22:30:15
144M,大宰府（信）,TRUE,↓,22:30:45
144M,水城,FALSE,22:32:30,22:33:00
144M,大野城,FALSE,22:34:45,22:35:15
144M,春日,FALSE,22:37:00,22:37:30
144M,南福岡,FALSE,22:40:15,22:44:15
144M,笹原,FALSE,22:46:30,22:47:00
144M,竹下,FALSE,22:49:45,22:50:15
144M,博多[3],FALSE,22:53:00,23:00:00
144M,吉塚,FALSE,23:02:45,23:03:15
144M,箱崎,FALSE,23:05:00,23:05:30
144M,千早（操）,TRUE,↓,23:08:00
144M,千早,FALSE,23:09:15,23:09:45
144M,香椎,FALSE,23:11:30,23:12:00
144M,九産大前,FALSE,23:14:15,23:14:45
144M,福工大前,FALSE,23:18:00,23:21:00
144M,新宮中央,FALSE,23:23:45,23:24:15
144M,ししぶ,FALSE,23:26:00,23:26:30
144M,古賀,FALSE,23:28:15,23:28:45
144M,千鳥,FALSE,23:31:00,23:31:30
144M,福間,FALSE,23:33:45,23:34:15
144M,東福間,FALSE,23:36:30,23:37:00
144M,東郷,FALSE,23:40:15,23:40:45
144M,赤間,FALSE,23:44:00,23:44:30
144M,教育大前,FALSE,23:46:45,23:47:15
144M,海老津,FALSE,23:51:30,23:52:00
144M,遠賀川,FALSE,23:56:15,23:56:45
144M,水巻,FALSE,23:59:00,23:59:30
144M,折尾[5],FALSE,0:02:45,0:03:15
144M,陣原,FALSE,0:07:00,0:07:30
144M,黒崎,FALSE,0:10:45,0:11:15
144M,八幡,FALSE,0:14:00,0:14:30
144M,スペースワールド,FALSE,0:16:45,0:17:15
144M,枝光,FALSE,0:19:00,0:19:30
144M,戸畑,FALSE,0:22:15,0:22:45
144M,九州工大前,FALSE,0:24:30,0:25:00
144M,西小倉[5],FALSE,0:28:15,0:28:45
144M,小倉[8],FALSE,0:30:30,0:31:00
144M,東小倉,TRUE,↓,0:33:15
144M,北九州（タ）,TRUE,↓,0:34:45
144M,門司,FALSE,0:37:15,0:37:45
144M,小森江,FALSE,0:39:30,0:40:00
144M,門司港,FALSE,0:45:45,
121M,小倉[5],FALSE,,4:51:00
121M,西小倉[4],FALSE,4:52:45,4:53:15
121M,九州工大前,FALSE,4:56:30,4:57:00
121M,戸畑,FALSE,4:59:15,4:59:45
121M,枝光,FALSE,5:01:30,5:02:00
121M,スペースワールド,FALSE,5:04:15,5:04:45
121M,八幡,FALSE,5:06:00,5:06:30
121M,黒崎,FALSE,5:09:45,5:10:15
121M,陣原,FALSE,5:12:00,5:12:30
121M,折尾[3],FALSE,5:15:45,5:16:15
121M,水巻,FALSE,5:19:00,5:19:30
121M,遠賀川,FALSE,5:21:45,5:22:15
121M,海老津,FALSE,5:26:30,5:27:00
121M,教育大前,FALSE,5:31:15,5:31:45
121M,赤間,FALSE,5:33:30,5:34:00
121M,東郷,FALSE,5:37:45,5:38:15
121M,東福間,FALSE,5:41:00,5:41:30
121M,福間,FALSE,5:44:15,5:44:45
121M,千鳥,FALSE,5:46:30,5:47:00
121M,古賀,FALSE,5:49:45,5:50:15
121M,ししぶ,FALSE,5:51:30,5:52:00
121M,新宮中央,FALSE,5:54:15,5:54:45
121M,福工大前,FALSE,5:56:30,5:57:00
121M,九産大前,FALSE,6:00:15,6:00:45
121M,香椎,FALSE,6:02:30,6:03:00
121M,千早,FALSE,6:05:15,6:05:45
121M,千早（操）,TRUE,↓,6:08:15
121M,箱崎,FALSE,6:09:30,6:10:00
121M,吉塚,FALSE,6:11:45,6:12:15
121M,博多[6],FALSE,6:15:30,
3221M,小倉[5],FALSE,,5:10:00
3221M,西小倉[4],FALSE,5:12:45,5:13:15
3221M,九州工大前,TRUE,↓,5:14:45
3221M,戸畑,FALSE,5:17:00,5:17:30
3221M,枝光,TRUE,↓,5:18:15
3221M,スペースワールド,TRUE,↓,5:19:15
3221M,八幡,FALSE,5:21:45,5:22:15
3221M,黒崎,FALSE,5:25:00,5:25:30
3221M,陣原,TRUE,↓,5:28:00
3221M,折尾[3],FALSE,5:30:15,5:30:45
3221M,水巻,TRUE,↓,5:32:00
3221M,遠賀川,TRUE,↓,5:35:15
3221M,海老津,FALSE,5:38:00,5:38:30
3221M,教育大前,TRUE,↓,5:40:15
3221M,赤間,FALSE,5:44:15,5:44:45
3221M,東郷,FALSE,5:48:00,5:48:30
3221M,東福間,TRUE,↓,5:50:30
3221M,福間,FALSE,5:53:45,5:54:15
3221M,千鳥,TRUE,↓,5:55:45
3221M,古賀,FALSE,5:57:30,5:58:00
3221M,ししぶ,TRUE,↓,5:58:45
3221M,新宮中央,TRUE,↓,6:00:15
3221M,福工大前,FALSE,6:02:15,6:02:45
3221M,九産大前,TRUE,↓,6:04:45
3221M,香椎,FALSE,6:07:00,6:07:30
3221M,千早,FALSE,6:09:45,6:10:15
3221M,千早（操）,TRUE,↓,6:12:45
3221M,箱崎,TRUE,↓,6:14:15
3221M,吉塚,FALSE,6:15:00,6:15:30
3221M,博多[3],FALSE,6:18:45,
4221M,小倉[6],FALSE,,6:30:00
4221M,西小倉[4],FALSE,6:32:45,6:33:15
4221M,九州工大前,TRUE,↓,6:34:45
4221M,戸畑,FALSE,6:37:30,6:38:00
4221M,枝光,TRUE,↓,6:38:45
4221M,スペースワールド,TRUE,↓,6:39:45
4221M,八幡,FALSE,6:42:45,6:43:15
4221M,黒崎,FALSE,6:45:30,6:46:00
4221M,陣原,TRUE,↓,6:48:30
4221M,折尾[3],FALSE,6:51:45,6:52:15
4221M,水巻,TRUE,↓,6:53:30
4221M,遠賀川,TRUE,↓,6:56:45
4221M,海老津,FALSE,6:58:30,6:59:00
4221M,教育大前,TRUE,↓,7:00:45
4221M,赤間,FALSE,7:05:15,7:05:45
4221M,東郷,FALSE,7:09:00,7:09:30
4221M,東福間,TRUE,↓,7:11:30
4221M,福間,FALSE,7:15:15,7:15:45
4221M,千鳥,TRUE,↓,7:17:15
4221M,古賀,FALSE,7:20:00,7:25:00
4221M,ししぶ,TRUE,↓,7:25:45
4221M,新宮中央,TRUE,↓,7:27:15
4221M,福工大前,FALSE,7:31:45,7:32:15
4221M,九産大前,TRUE,↓,7:34:15
4221M,香椎,FALSE,7:37:30,7:38:00
4221M,千早,FALSE,7:40:45,7:41:15
4221M,千早（操）,TRUE,↓,7:43:45
4221M,箱崎,TRUE,↓,7:45:15
4221M,吉塚,FALSE,7:47:30,7:48:00
4221M,博多[5],FALSE,7:51:45,7:52:15
4221M,竹下,TRUE,↓,7:53:45
4221M,笹原,TRUE,↓,7:55:30
4221M,南福岡,FALSE,7:59:00,8:03:00
4221M,春日,TRUE,↓,8:04:30
4221M,大野城,FALSE,8:07:15,8:07:45
4221M,水城,TRUE,↓,8:08:45
4221M,大宰府（信）,TRUE,↓,8:09:15
4221M,都府楼南,TRUE,↓,8:10:30
4221M,二日市,FALSE,8:12:00,8:12:30
4221M,天拝山,TRUE,↓,8:15:00
4221M,原田,FALSE,8:17:15,8:17:45
4221M,けやき台,TRUE,↓,8:19:15
4221M,基山,FALSE,8:21:00,8:21:30
4221M,弥生が丘,TRUE,↓,8:22:45
4221M,田代,TRUE,↓,8:24:45
4221M,鳥栖[5],FALSE,8:26:45,8:27:15
4221M,肥前旭,TRUE,↓,8:30:00
4221M,久留米[3],FALSE,8:33:30,8:34:00
4221M,荒木,FALSE,8:38:15,8:38:45
4221M,西牟田,TRUE,↓,8:41:45
4221M,羽犬塚,FALSE,8:44:30,
3161M,小倉[6],FALSE,,6:45:00
3161M,西小倉[4],FALSE,6:47:15,6:47:45
3161M,九州工大前,TRUE,↓,6:49:15
3161M,戸畑,FALSE,6:52:30,6:53:00
3161M,枝光,TRUE,↓,6:53:45
3161M,スペースワールド,TRUE,↓,6:54:45
3161M,八幡,FALSE,6:57:15,6:57:45
3161M,黒崎,FALSE,7:00:30,7:01:00
3161M,陣原,TRUE,↓,7:03:30
3161M,折尾[3],FALSE,7:05:45,7:06:15
3161M,水巻,TRUE,↓,7:07:30
3161M,遠賀川,TRUE,↓,7:10:45
3161M,海老津,FALSE,7:14:00,7:14:30
3161M,教育大前,TRUE,↓,7:16:15
3161M,赤間,FALSE,7:21:45,7:22:15
3161M,東郷,FALSE,7:26:00,7:26:30
3161M,東福間,TRUE,↓,7:28:30
3161M,福間,FALSE,7:32:15,7:32:45
3161M,千鳥,FALSE,7:35:30,7:36:00
3161M,古賀,FALSE,7:39:15,7:42:15
3161M,ししぶ,FALSE,7:44:30,7:45:00
3161M,新宮中央,FALSE,7:47:15,7:47:45
3161M,福工大前,FALSE,7:49:30,7:50:00
3161M,九産大前,FALSE,7:53:45,7:54:15
3161M,香椎,FALSE,7:57:00,7:57:30
3161M,千早,FALSE,8:00:15,8:03:15
3161M,千早（操）,TRUE,↓,8:05:45
3161M,箱崎,FALSE,8:08:30,8:09:00
3161M,吉塚,FALSE,8:11:15,8:11:45
3161M,博多[5],FALSE,8:14:30,
2223M,小倉[7],FALSE,,7:02:00
2223M,西小倉[4],FALSE,7:04:15,7:04:45
2223M,九州工大前,FALSE,7:08:00,7:08:30
2223M,戸畑,FALSE,7:10:45,7:11:15
2223M,枝光,FALSE,7:13:30,7:14:00
2223M,スペースワールド,FALSE,7:15:15,7:20:15
2223M,八幡,FALSE,7:22:30,7:23:00
2223M,黒崎,FALSE,7:25:45,7:26:15
2223M,陣原,FALSE,7:28:30,7:29:00
2223M,折尾[3],FALSE,7:32:45,7:33:15
2223M,水巻,FALSE,7:35:30,7:36:00
2223M,遠賀川,FALSE,7:38:45,
135M,小倉[8],FALSE,,7:22:00
135M,西小倉[4],FALSE,7:24:15,7:24:45
135M,九州工大前,FALSE,7:27:30,7:28:00
135M,戸畑,FALSE,7:30:15,7:30:45
135M,枝光,FALSE,7:33:00,7:33:30
135M,スペースワールド,FALSE,7:35:45,7:36:15
135M,八幡,FALSE,7:38:00,7:38:30
135M,黒崎,FALSE,7:41:15,7:41:45
135M,陣原,FALSE,7:44:00,7:44:30
135M,折尾[3],FALSE,7:47:45,7:48:15
135M,水巻,FALSE,7:51:00,7:51:30
135M,遠賀川,FALSE,7:54:15,7:57:15
135M,海老津,FALSE,8:02:30,8:03:00
135M,教育大前,FALSE,8:07:15,8:07:45
135M,赤間,FALSE,8:09:30,8:10:00
135M,東郷,FALSE,8:14:15,8:14:45
135M,東福間,FALSE,8:17:30,8:18:00
135M,福間,FALSE,8:20:45,8:21:15
135M,千鳥,FALSE,8:23:00,8:23:30
135M,古賀,FALSE,8:26:15,8:29:15
135M,ししぶ,FALSE,8:31:00,8:31:30
135M,新宮中央,FALSE,8:33:15,8:33:45
135M,福工大前,FALSE,8:35:30,8:36:00
135M,九産大前,FALSE,8:39:15,8:39:45
135M,香椎,FALSE,8:42:00,8:42:30
135M,千早,FALSE,8:44:45,8:45:15
135M,千早（操）,TRUE,↓,8:47:45
135M,箱崎,FALSE,8:49:30,8:50:00
135M,吉塚,FALSE,8:51:45,8:52:15
135M,博多[5],FALSE,8:55:00,8:57:00
135M,竹下,FALSE,9:01:15,9:01:45
135M,笹原,FALSE,9:04:00,9:04:30
135M,南福岡,FALSE,9:07:45,9:08:15
135M,春日,FALSE,9:09:30,9:10:00
135M,大野城,FALSE,9:12:15,9:12:45
135M,水城,FALSE,9:14:30,9:15:00
135M,大宰府（信）,TRUE,↓,9:15:30
135M,都府楼南,FALSE,9:17:45,9:18:15
135M,二日市,FALSE,9:19:30,9:20:00
135M,天拝山,FALSE,9:22:45,9:23:15
135M,原田,FALSE,9:26:00,9:30:00
135M,けやき台,FALSE,9:32:45,9:33:15
135M,基山,FALSE,9:35:00,9:38:00
135M,弥生が丘,FALSE,9:41:15,9:41:45
135M,田代,FALSE,9:44:00,9:44:30
135M,鳥栖[4],FALSE,9:47:45,
137M,小倉[8],FALSE,,7:33:00
137M,西小倉[4],FALSE,7:35:45,7:36:15
137M,九州工大前,FALSE,7:39:00,7:39:30
137M,戸畑,FALSE,7:41:45,7:42:15
137M,枝光,FALSE,7:44:30,7:45:00
137M,スペースワールド,FALSE,7:47:15,7:47:45
137M,八幡,FALSE,7:49:00,7:55:00
137M,黒崎,FALSE,7:58:45,7:59:15
137M,陣原,FALSE,8:01:30,8:02:00
137M,折尾[3],FALSE,8:05:15,8:05:45
137M,水巻,FALSE,8:08:00,8:08:30
137M,遠賀川,FALSE,8:11:15,8:11:45
137M,海老津,FALSE,8:16:00,8:21:00
137M,教育大前,FALSE,8:26:15,8:26:45
137M,赤間,FALSE,8:28:30,8:29:00
137M,東郷,FALSE,8:32:45,8:33:15
137M,東福間,FALSE,8:36:00,8:36:30
137M,福間,FALSE,8:40:15,8:46:15
137M,千鳥,FALSE,8:48:30,8:49:00
137M,古賀,FALSE,8:51:15,8:51:45
137M,ししぶ,FALSE,8:53:30,8:54:00
137M,新宮中央,FALSE,8:56:15,8:56:45
137M,福工大前,FALSE,8:59:00,9:07:00
137M,九産大前,FALSE,9:10:15,9:10:45
137M,香椎,FALSE,9:12:30,9:13:00
137M,千早,FALSE,9:15:15,9:15:45
137M,千早（操）,TRUE,↓,9:18:15
137M,箱崎,FALSE,9:19:00,9:19:30
137M,吉塚,FALSE,9:21:45,9:22:15
137M,博多[6],FALSE,9:25:00,9:28:00
137M,竹下,FALSE,9:31:45,9:32:15
137M,笹原,FALSE,9:35:00,9:35:30
137M,南福岡,FALSE,9:38:45,
621H,小倉[7],FALSE,,7:43:00
621H,西小倉[4],FALSE,7:45:45,7:46:15
621H,九州工大前,FALSE,7:49:00,7:49:30
621H,戸畑,FALSE,7:52:15,7:52:45
621H,枝光,FALSE,7:54:30,7:55:00
621H,スペースワールド,FALSE,7:57:15,7:57:45
621H,八幡,FALSE,8:00:00,8:04:00
621H,黒崎,FALSE,8:08:15,8:08:45
621H,陣原,FALSE,8:11:30,8:12:00
621H,折尾[1],FALSE,8:15:45,8:16:15
621H,東水巻,FALSE,8:19:30,8:20:00
621H,中間,FALSE,8:22:15,8:22:45
621H,筑前垣生,FALSE,8:25:00,8:25:30
621H,鞍手,FALSE,8:28:15,8:28:45
621H,筑前植木,FALSE,8:31:00,8:31:30
621H,新入,FALSE,8:33:45,8:34:15
621H,直方,FALSE,8:37:30,
3227M,小倉[6],FALSE,,7:49:00
3227M,西小倉[4],FALSE,7:51:45,7:52:15
3227M,九州工大前,TRUE,↓,7:53:45
3227M,戸畑,FALSE,7:57:00,7:57:30
3227M,枝光,TRUE,↓,7:58:15
3227M,スペースワールド,TRUE,↓,7:59:15
3227M,八幡,FALSE,8:01:45,8:02:15
3227M,黒崎,FALSE,8:04:30,8:05:00
3227M,陣原,TRUE,↓,8:07:30
3227M,折尾[3],FALSE,8:09:45,8:10:15
3227M,水巻,TRUE,↓,8:11:30
3227M,遠賀川,TRUE,↓,8:14:45
3227M,海老津,FALSE,8:18:00,8:18:30
3227M,教育大前,TRUE,↓,8:20:15
3227M,赤間,FALSE,8:24:15,8:24:45
3227M,東郷,FALSE,8:28:30,8:29:00
3227M,東福間,TRUE,↓,8:31:00
3227M,福間,FALSE,8:33:45,8:34:15
3227M,千鳥,TRUE,↓,8:35:45
3227M,古賀,FALSE,8:37:30,8:38:00
3227M,ししぶ,TRUE,↓,8:38:45
3227M,新宮中央,TRUE,↓,8:40:15
3227M,福工大前,FALSE,8:42:15,8:42:45
3227M,九産大前,TRUE,↓,8:44:45
3227M,香椎,FALSE,8:47:00,8:47:30
3227M,千早,FALSE,8:49:45,8:50:15
3227M,千早（操）,TRUE,↓,8:52:45
3227M,箱崎,TRUE,↓,8:54:15
3227M,吉塚,FALSE,8:55:30,8:56:00
3227M,博多[6],FALSE,8:58:15,9:03:15
3227M,竹下,TRUE,↓,9:04:45
3227M,笹原,TRUE,↓,9:06:30
3227M,南福岡,FALSE,9:11:30,
139M,小倉[5],FALSE,,8:12:00
139M,西小倉[4],FALSE,8:14:15,8:14:45
139M,九州工大前,FALSE,8:17:30,8:18:00
139M,戸畑,FALSE,8:20:15,8:20:45
139M,枝光,FALSE,8:23:00,8:23:30
139M,スペースワールド,FALSE,8:25:15,8:25:45
139M,八幡,FALSE,8:27:30,8:28:00
139M,黒崎,FALSE,8:30:45,8:31:15
139M,陣原,FALSE,8:33:00,8:33:30
139M,折尾[3],FALSE,8:36:45,8:37:15
139M,水巻,FALSE,8:39:30,8:40:00
139M,遠賀川,FALSE,8:42:45,8:43:15
139M,海老津,FALSE,8:47:00,8:47:30
139M,教育大前,FALSE,8:52:15,8:52:45
139M,赤間,FALSE,8:54:30,8:55:00
139M,東郷,FALSE,8:58:45,8:59:15
139M,東福間,FALSE,9:02:00,9:02:30
139M,福間,FALSE,9:05:15,9:05:45
139M,千鳥,FALSE,9:07:30,9:08:00
139M,古賀,FALSE,9:10:15,9:10:45
139M,ししぶ,FALSE,9:12:00,9:12:30
139M,新宮中央,FALSE,9:14:45,9:15:15
139M,福工大前,FALSE,9:17:00,9:17:30
139M,九産大前,FALSE,9:20:15,9:20:45
139M,香椎,FALSE,9:22:30,9:23:00
139M,千早,FALSE,9:25:15,9:25:45
139M,千早（操）,TRUE,↓,9:28:15
139M,箱崎,FALSE,9:29:30,9:30:00
139M,吉塚,FALSE,9:32:15,9:32:45
139M,博多[6],FALSE,9:35:30,9:36:00
139M,竹下,FALSE,9:39:45,9:40:15
139M,笹原,FALSE,9:42:30,9:43:00
139M,南福岡,FALSE,9:45:15,9:49:15
139M,春日,FALSE,9:51:30,9:52:00
139M,大野城,FALSE,9:54:15,9:54:45
139M,水城,FALSE,9:56:30,9:57:00
139M,大宰府（信）,TRUE,↓,9:57:30
139M,都府楼南,FALSE,9:59:15,9:59:45
139M,二日市,FALSE,10:01:30,10:02:00
139M,天拝山,FALSE,10:04:15,10:04:45
139M,原田,FALSE,10:07:30,10:08:00
139M,けやき台,FALSE,10:10:45,10:11:15
139M,基山,FALSE,10:12:30,10:13:00
139M,弥生が丘,FALSE,10:15:45,10:16:15
139M,田代,FALSE,10:18:00,10:18:30
139M,鳥栖[4],FALSE,10:20:45,
3121M,小倉[6],FALSE,,8:37:00
3121M,西小倉[4],FALSE,8:39:45,8:40:15
3121M,九州工大前,FALSE,8:43:00,8:43:30
3121M,戸畑,FALSE,8:45:45,8:46:15
3121M,枝光,FALSE,8:48:30,8:49:00
3121M,スペースワールド,FALSE,8:50:15,8:54:15
3121M,八幡,FALSE,8:56:00,8:56:30
3121M,黒崎,FALSE,8:59:15,8:59:45
3121M,陣原,FALSE,9:02:00,9:02:30
3121M,折尾[3],FALSE,9:05:45,9:06:15
3121M,水巻,FALSE,9:08:30,9:09:00
3121M,遠賀川,FALSE,9:11:45,9:12:15
3121M,海老津,FALSE,9:16:00,9:16:30
3121M,教育大前,FALSE,9:21:15,9:21:45
3121M,赤間,FALSE,9:23:30,9:24:00
3121M,東郷,FALSE,9:27:45,9:28:15
3121M,東福間,FALSE,9:31:00,9:31:30
3121M,福間,FALSE,9:34:15,9:34:45
3121M,千鳥,TRUE,↓,9:36:15
3121M,古賀,FALSE,9:38:00,9:38:30
3121M,ししぶ,TRUE,↓,9:39:15
3121M,新宮中央,TRUE,↓,9:40:45
3121M,福工大前,FALSE,9:42:45,9:43:15
3121M,九産大前,TRUE,↓,9:45:15
3121M,香椎,FALSE,9:47:00,9:47:30
3121M,千早,FALSE,9:50:15,9:50:45
3121M,千早（操）,TRUE,↓,9:53:15
3121M,箱崎,TRUE,↓,9:54:45
3121M,吉塚,FALSE,9:55:30,9:56:00
3121M,博多[7],FALSE,9:59:15,10:08:15
3121M,竹下,FALSE,10:12:00,10:16:00
3121M,笹原,FALSE,10:19:45,10:20:15
3121M,南福岡,FALSE,10:22:30,10:23:00
3121M,春日,FALSE,10:25:15,10:25:45
3121M,大野城,FALSE,10:28:00,10:28:30
3121M,水城,FALSE,10:30:15,10:30:45
3121M,大宰府（信）,TRUE,↓,10:31:15
3121M,都府楼南,FALSE,10:33:00,10:33:30
3121M,二日市,FALSE,10:36:45,
625H,小倉[8],FALSE,,8:47:00
625H,西小倉[4],FALSE,8:49:15,8:49:45
625H,九州工大前,FALSE,8:53:30,8:54:00
625H,戸畑,FALSE,8:56:45,8:57:15
625H,枝光,FALSE,8:59:30,9:00:00
625H,スペースワールド,FALSE,9:01:45,9:02:15
625H,八幡,FALSE,9:04:00,9:04:30
625H,黒崎,FALSE,9:07:15,9:07:45
625H,陣原,FALSE,9:11:00,9:11:30
625H,折尾[1],FALSE,9:15:45,9:16:15
625H,東水巻,FALSE,9:20:00,9:20:30
625H,中間,FALSE,9:23:15,9:23:45
625H,筑前垣生,FALSE,9:25:30,9:26:00
625H,鞍手,FALSE,9:28:45,9:29:15
625H,筑前植木,FALSE,9:31:30,9:32:00
625H,新入,FALSE,9:34:15,9:34:45
625H,直方,FALSE,9:37:30,
4123M,小倉[6],FALSE,,9:01:00
4123M,西小倉[4],FALSE,9:03:45,9:04:15
4123M,九州工大前,FALSE,9:07:00,9:07:30
4123M,戸畑,FALSE,9:09:45,9:10:15
4123M,枝光,FALSE,9:12:30,9:13:00
4123M,スペースワールド,FALSE,9:14:45,9:15:15
4123M,八幡,FALSE,9:17:00,9:17:30
4123M,黒崎,FALSE,9:20:15,9:20:45
4123M,陣原,FALSE,9:22:30,9:23:00
4123M,折尾[3],FALSE,9:26:15,9:26:45
4123M,水巻,FALSE,9:29:30,9:30:00
4123M,遠賀川,FALSE,9:32:15,9:36:15
4123M,海老津,FALSE,9:41:30,9:42:00
4123M,教育大前,FALSE,9:46:15,9:46:45
4123M,赤間,FALSE,9:48:30,9:49:00
4123M,東郷,FALSE,9:52:45,9:53:15
4123M,東福間,FALSE,9:56:00,9:56:30
4123M,福間,FALSE,9:59:15,9:59:45
4123M,千鳥,TRUE,↓,10:01:15
4123M,古賀,FALSE,10:03:00,10:03:30
4123M,ししぶ,TRUE,↓,10:04:15
4123M,新宮中央,TRUE,↓,10:05:45
4123M,福工大前,FALSE,10:07:15,10:07:45
4123M,九産大前,TRUE,↓,10:09:45
4123M,香椎,FALSE,10:11:30,10:12:00
4123M,千早,FALSE,10:14:15,10:14:45
4123M,千早（操）,TRUE,↓,10:17:15
4123M,箱崎,TRUE,↓,10:18:45
4123M,吉塚,FALSE,10:19:00,10:19:30
4123M,博多[6],FALSE,10:22:15,10:26:15
4123M,竹下,TRUE,↓,10:27:45
4123M,笹原,TRUE,↓,10:29:30
4123M,南福岡,FALSE,10:35:00,10:38:00
4123M,春日,TRUE,↓,10:39:30
4123M,大野城,FALSE,10:42:45,10:43:15
4123M,水城,TRUE,↓,10:44:15
4123M,大宰府（信）,TRUE,↓,10:44:45
4123M,都府楼南,TRUE,↓,10:46:00
4123M,二日市,FALSE,10:47:30,10:48:00
4123M,天拝山,TRUE,↓,10:50:30
4123M,原田,FALSE,10:52:45,10:53:15
4123M,けやき台,TRUE,↓,10:54:45
4123M,基山,FALSE,10:56:30,10:57:00
4123M,弥生が丘,TRUE,↓,10:58:15
4123M,田代,TRUE,↓,11:00:15
4123M,鳥栖[5],FALSE,11:02:45,11:03:15
4123M,肥前旭,TRUE,↓,11:06:00
4123M,久留米[3],FALSE,11:09:00,11:11:00
4123M,荒木,FALSE,11:16:15,11:16:45
4123M,西牟田,TRUE,↓,11:19:45
4123M,羽犬塚,FALSE,11:22:30,
627H,小倉[7],FALSE,,10:27:00
627H,西小倉[4],FALSE,10:29:15,10:29:45
627H,九州工大前,FALSE,10:32:30,10:33:00
627H,戸畑,FALSE,10:35:15,10:35:45
627H,枝光,FALSE,10:37:30,10:38:00
627H,スペースワールド,FALSE,10:40:15,10:40:45
627H,八幡,FALSE,10:42:00,10:42:30
627H,黒崎,FALSE,10:45:15,10:45:45
627H,陣原,FALSE,10:49:00,10:49:30
627H,折尾[1],FALSE,10:53:15,10:53:45
627H,東水巻,FALSE,10:57:00,10:57:30
627H,中間,FALSE,10:59:45,11:00:15
627H,筑前垣生,FALSE,11:02:00,11:02:30
627H,鞍手,FALSE,11:05:15,11:05:45
627H,筑前植木,FALSE,11:08:00,11:08:30
627H,新入,FALSE,11:10:45,11:11:15
627H,直方,FALSE,11:14:30,
4147M,小倉[5],FALSE,,16:27:00
4147M,西小倉[4],FALSE,16:28:45,16:29:15
4147M,九州工大前,FALSE,16:32:00,16:32:30
4147M,戸畑,FALSE,16:34:45,16:35:15
4147M,枝光,FALSE,16:37:30,16:38:00
4147M,スペースワールド,FALSE,16:39:45,16:40:15
4147M,八幡,FALSE,16:42:00,16:42:30
4147M,黒崎,FALSE,16:45:15,16:45:45
4147M,陣原,FALSE,16:48:00,16:48:30
4147M,折尾[4],FALSE,16:52:15,16:58:15
4147M,水巻,FALSE,17:01:30,17:02:00
4147M,遠賀川,FALSE,17:04:15,17:04:45
4147M,海老津,FALSE,17:09:00,17:09:30
4147M,教育大前,FALSE,17:13:45,17:14:15
4147M,赤間,FALSE,17:16:00,17:21:00
4147M,東郷,FALSE,17:25:15,17:25:45
4147M,東福間,FALSE,17:28:30,17:29:00
4147M,福間,FALSE,17:31:45,17:32:15
4147M,千鳥,TRUE,↓,17:33:45
4147M,古賀,FALSE,17:36:00,17:39:00
4147M,ししぶ,TRUE,↓,17:39:45
4147M,新宮中央,TRUE,↓,17:41:15
4147M,福工大前,FALSE,17:43:45,17:44:15
4147M,九産大前,TRUE,↓,17:46:15
4147M,香椎,FALSE,17:48:00,17:48:30
4147M,千早,FALSE,17:50:45,17:51:15
4147M,千早（操）,TRUE,↓,17:53:45
4147M,箱崎,TRUE,↓,17:55:15
4147M,吉塚,FALSE,17:56:00,17:56:30
4147M,博多[5],FALSE,18:00:15,18:04:15
4147M,竹下,TRUE,↓,18:05:45
4147M,笹原,TRUE,↓,18:07:30
4147M,南福岡,FALSE,18:10:30,18:11:00
4147M,春日,TRUE,↓,18:12:30
4147M,大野城,FALSE,18:13:45,18:14:15
4147M,水城,TRUE,↓,18:15:15
4147M,大宰府（信）,TRUE,↓,18:15:45
4147M,都府楼南,TRUE,↓,18:17:00
4147M,二日市,FALSE,18:18:00,18:18:30
4147M,天拝山,TRUE,↓,18:21:00
4147M,原田,FALSE,18:23:45,18:24:15
4147M,けやき台,TRUE,↓,18:25:45
4147M,基山,FALSE,18:27:00,18:27:30
4147M,弥生が丘,TRUE,↓,18:28:45
4147M,田代,TRUE,↓,18:30:45
4147M,鳥栖[6],FALSE,18:33:45,18:34:15
4147M,肥前旭,FALSE,18:38:00,18:38:30
4147M,久留米[1],FALSE,18:42:45,
4153M,小倉[5],FALSE,,17:57:00
4153M,西小倉[4],FALSE,17:58:45,17:59:15
4153M,九州工大前,FALSE,18:02:30,18:03:00
4153M,戸畑,FALSE,18:05:15,18:05:45
4153M,枝光,FALSE,18:08:00,18:08:30
4153M,スペースワールド,FALSE,18:10:15,18:14:15
4153M,八幡,FALSE,18:16:30,18:17:00
4153M,黒崎,FALSE,18:20:15,18:22:15
4153M,陣原,FALSE,18:24:00,18:24:30
4153M,折尾[3],FALSE,18:27:45,18:28:15
4153M,水巻,FALSE,18:30:30,18:31:00
4153M,遠賀川,FALSE,18:33:45,18:34:15
4153M,海老津,FALSE,18:38:00,18:38:30
4153M,教育大前,FALSE,18:43:15,18:43:45
4153M,赤間,FALSE,18:46:00,18:52:00
4153M,東郷,FALSE,18:57:15,18:57:45
4153M,東福間,FALSE,19:00:30,19:01:00
4153M,福間,FALSE,19:04:15,19:04:45
4153M,千鳥,TRUE,↓,19:06:15
4153M,古賀,FALSE,19:09:00,19:09:30
4153M,ししぶ,TRUE,↓,19:10:15
4153M,新宮中央,TRUE,↓,19:11:45
4153M,福工大前,FALSE,19:15:15,19:20:15
4153M,九産大前,TRUE,↓,19:22:15
4153M,香椎,FALSE,19:25:00,19:25:30
4153M,千早,FALSE,19:27:45,19:28:15
4153M,千早（操）,TRUE,↓,19:30:45
4153M,箱崎,TRUE,↓,19:32:15
4153M,吉塚,FALSE,19:33:30,19:34:00
4153M,博多[6],FALSE,19:37:15,19:42:15
4153M,竹下,TRUE,↓,19:43:45
4153M,笹原,TRUE,↓,19:45:30
4153M,南福岡,FALSE,19:48:30,19:49:00
4153M,春日,TRUE,↓,19:50:30
4153M,大野城,FALSE,19:51:45,19:52:15
4153M,水城,TRUE,↓,19:53:15
4153M,大宰府（信）,TRUE,↓,19:53:45
4153M,都府楼南,TRUE,↓,19:55:00
4153M,二日市,FALSE,19:56:30,19:57:00
4153M,天拝山,TRUE,↓,19:59:30
4153M,原田,FALSE,20:01:45,20:02:15
4153M,けやき台,TRUE,↓,20:03:45
4153M,基山,FALSE,20:05:00,20:05:30
4153M,弥生が丘,TRUE,↓,20:06:45
4153M,田代,TRUE,↓,20:08:45
4153M,鳥栖[5],FALSE,20:10:45,20:11:15
4153M,肥前旭,FALSE,20:15:30,20:16:00
4153M,久留米[1],FALSE,20:19:45,
4229M,小倉[5],FALSE,,18:13:00
4229M,西小倉[4],FALSE,18:14:45,18:15:15
4229M,九州工大前,TRUE,↓,18:16:45
4229M,戸畑,FALSE,18:20:00,18:20:30
4229M,枝光,TRUE,↓,18:21:15
4229M,スペースワールド,TRUE,↓,18:22:15
4229M,八幡,FALSE,18:24:45,18:25:15
4229M,黒崎,FALSE,18:28:00,18:28:30
4229M,陣原,TRUE,↓,18:31:00
4229M,折尾[3],FALSE,18:33:45,18:34:15
4229M,水巻,TRUE,↓,18:35:30
4229M,遠賀川,TRUE,↓,18:38:45
4229M,海老津,FALSE,18:41:30,18:42:00
4229M,教育大前,TRUE,↓,18:43:45
4229M,赤間,FALSE,18:48:45,18:49:15
4229M,東郷,FALSE,18:53:00,18:53:30
4229M,東福間,TRUE,↓,18:55:30
4229M,福間,FALSE,18:59:15,18:59:45
4229M,千鳥,TRUE,↓,19:01:15
4229M,古賀,FALSE,19:03:30,19:04:00
4229M,ししぶ,TRUE,↓,19:04:45
4229M,新宮中央,TRUE,↓,19:06:15
4229M,福工大前,FALSE,19:08:15,19:08:45
4229M,九産大前,TRUE,↓,19:10:45
4229M,香椎,FALSE,19:13:30,19:14:00
4229M,千早,FALSE,19:16:15,19:16:45
4229M,千早（操）,TRUE,↓,19:19:15
4229M,箱崎,TRUE,↓,19:20:45
4229M,吉塚,FALSE,19:21:30,19:22:00
4229M,博多[5],FALSE,19:24:15,19:26:15
4229M,竹下,TRUE,↓,19:27:45
4229M,笹原,TRUE,↓,19:29:30
4229M,南福岡,FALSE,19:33:30,19:34:00
4229M,春日,TRUE,↓,19:35:30
4229M,大野城,FALSE,19:37:15,19:37:45
4229M,水城,TRUE,↓,19:38:45
4229M,大宰府（信）,TRUE,↓,19:39:15
4229M,都府楼南,TRUE,↓,19:40:30
4229M,二日市,FALSE,19:42:00,19:42:30
4229M,天拝山,TRUE,↓,19:45:00
4229M,原田,FALSE,19:47:15,19:47:45
4229M,けやき台,TRUE,↓,19:49:15
4229M,基山,FALSE,19:51:30,19:52:00
4229M,弥生が丘,TRUE,↓,19:53:15
4229M,田代,TRUE,↓,19:55:15
4229M,鳥栖[6],FALSE,19:57:45,19:58:15
4229M,肥前旭,TRUE,↓,20:01:00
4229M,久留米[3],FALSE,20:05:30,20:06:00
4229M,荒木,FALSE,20:10:15,20:10:45
4229M,西牟田,TRUE,↓,20:13:45
4229M,羽犬塚,FALSE,20:17:00,20:17:30
4229M,筑後船小屋,FALSE,20:21:15,20:21:45
4229M,瀬高,FALSE,20:24:30,20:25:00
4229M,南瀬高,TRUE,↓,20:27:30
4229M,渡瀬,TRUE,↓,20:29:15
4229M,吉野,TRUE,↓,20:30:45
4229M,銀水,TRUE,↓,20:33:15
4229M,大牟田,FALSE,20:36:45,20:37:15
4229M,荒尾,FALSE,20:41:30,
4157M,小倉[6],FALSE,,19:14:00
4157M,西小倉[4],FALSE,19:16:15,19:16:45
4157M,九州工大前,FALSE,19:19:30,19:20:00
4157M,戸畑,FALSE,19:22:15,19:22:45
4157M,枝光,FALSE,19:25:00,19:25:30
4157M,スペースワールド,FALSE,19:27:15,19:31:15
4157M,八幡,FALSE,19:32:30,19:33:00
4157M,黒崎,FALSE,19:36:15,19:36:45
4157M,陣原,FALSE,19:39:00,19:39:30
4157M,折尾[3],FALSE,19:42:45,19:43:15
4157M,水巻,FALSE,19:45:30,19:46:00
4157M,遠賀川,FALSE,19:48:45,19:49:15
4157M,海老津,FALSE,19:54:00,19:54:30
4157M,教育大前,FALSE,19:59:15,19:59:45
4157M,赤間,FALSE,20:02:00,20:08:00
4157M,東郷,FALSE,20:12:15,20:12:45
4157M,東福間,FALSE,20:15:30,20:16:00
4157M,福間,FALSE,20:18:45,20:19:15
4157M,千鳥,TRUE,↓,20:20:45
4157M,古賀,FALSE,20:22:00,20:22:30
4157M,ししぶ,TRUE,↓,20:23:15
4157M,新宮中央,TRUE,↓,20:24:45
4157M,福工大前,FALSE,20:26:45,20:27:15
4157M,九産大前,TRUE,↓,20:29:15
4157M,香椎,FALSE,20:30:30,20:31:00
4157M,千早,FALSE,20:33:15,20:33:45
4157M,千早（操）,TRUE,↓,20:36:15
4157M,箱崎,TRUE,↓,20:37:45
4157M,吉塚,FALSE,20:38:00,20:38:30
4157M,博多[5],FALSE,20:41:15,20:43:15
4157M,竹下,TRUE,↓,20:44:45
4157M,笹原,TRUE,↓,20:46:30
4157M,南福岡,FALSE,20:50:30,20:51:00
4157M,春日,TRUE,↓,20:52:30
4157M,大野城,FALSE,20:54:15,20:54:45
4157M,水城,TRUE,↓,20:55:45
4157M,大宰府（信）,TRUE,↓,20:56:15
4157M,都府楼南,TRUE,↓,20:57:30
4157M,二日市,FALSE,20:58:30,20:59:00
4157M,天拝山,TRUE,↓,21:01:30
4157M,原田,FALSE,21:03:45,21:04:15
4157M,けやき台,TRUE,↓,21:05:45
4157M,基山,FALSE,21:07:00,21:07:30
4157M,弥生が丘,TRUE,↓,21:08:45
4157M,田代,TRUE,↓,21:10:45
4157M,鳥栖[5],FALSE,21:12:45,21:13:15
4157M,肥前旭,FALSE,21:16:30,21:17:00
4157M,久留米[3],FALSE,21:20:45,21:21:15
4157M,荒木,FALSE,21:26:30,
2233M,小倉[5],FALSE,,19:53:00
2233M,西小倉[4],FALSE,19:54:45,19:55:15
2233M,九州工大前,FALSE,19:58:00,19:58:30
2233M,戸畑,FALSE,20:00:45,20:01:15
2233M,枝光,FALSE,20:03:30,20:04:00
2233M,スペースワールド,FALSE,20:06:15,20:06:45
2233M,八幡,FALSE,20:09:00,20:13:00
2233M,黒崎,FALSE,20:16:45,20:17:15
2233M,陣原,FALSE,20:19:30,20:20:00
2233M,折尾[4],FALSE,20:23:15,20:29:15
2233M,水巻,FALSE,20:32:00,20:32:30
2233M,遠賀川,FALSE,20:35:45,
2353M,小倉[6],FALSE,,20:43:00
2353M,西小倉[4],FALSE,20:45:45,20:46:15
2353M,九州工大前,FALSE,20:49:30,20:50:00
2353M,戸畑,FALSE,20:52:15,20:52:45
2353M,枝光,FALSE,20:55:00,20:55:30
2353M,スペースワールド,FALSE,20:57:45,20:58:15
2353M,八幡,FALSE,21:00:00,21:00:30
2353M,黒崎,FALSE,21:03:15,21:03:45
2353M,陣原,FALSE,21:06:00,21:06:30
2353M,折尾[3],FALSE,21:10:15,21:10:45
2353M,水巻,FALSE,21:13:00,21:13:30
2353M,遠賀川,FALSE,21:16:15,21:16:45
2353M,海老津,FALSE,21:21:00,21:21:30
2353M,教育大前,FALSE,21:26:45,21:27:15
2353M,赤間,FALSE,21:29:30,21:30:00
2353M,東郷,FALSE,21:34:15,21:34:45
2353M,東福間,FALSE,21:38:00,21:38:30
2353M,福間,FALSE,21:41:15,21:41:45
2353M,千鳥,FALSE,21:44:30,21:45:00
2353M,古賀,FALSE,21:48:15,21:52:15
2353M,ししぶ,FALSE,21:54:00,21:54:30
2353M,新宮中央,FALSE,21:56:45,21:57:15
2353M,福工大前,FALSE,21:59:30,22:00:00
2353M,九産大前,FALSE,22:03:15,22:03:45
2353M,香椎,FALSE,22:06:00,22:06:30
2353M,千早,FALSE,22:08:45,22:09:15
2353M,千早（操）,TRUE,↓,22:11:45
2353M,箱崎,FALSE,22:13:00,22:13:30
2353M,吉塚,FALSE,22:15:45,22:16:15
2353M,博多[6],FALSE,22:18:00,22:20:00
2353M,竹下,FALSE,22:24:15,22:24:45
2353M,笹原,FALSE,22:27:00,22:27:30
2353M,南福岡,FALSE,22:30:45,22:31:15
2353M,春日,FALSE,22:32:30,22:33:00
2353M,大野城,FALSE,22:35:45,22:36:15
2353M,水城,FALSE,22:38:00,22:38:30
2353M,大宰府（信）,TRUE,↓,22:39:00
2353M,都府楼南,FALSE,22:41:15,22:41:45
2353M,二日市,FALSE,22:44:00,22:47:00
2353M,天拝山,FALSE,22:50:15,22:50:45
2353M,原田,FALSE,22:54:30,22:55:00
2353M,けやき台,FALSE,22:57:45,22:58:15
2353M,基山,FALSE,23:00:00,23:00:30
2353M,弥生が丘,FALSE,23:03:15,23:03:45
2353M,田代,FALSE,23:06:30,23:07:00
2353M,鳥栖[6],FALSE,23:09:15,23:09:45
2353M,肥前旭,FALSE,23:13:00,23:13:30
2353M,久留米[3],FALSE,23:17:45,
145M,小倉[6],FALSE,,21:01:00
145M,西小倉[4],FALSE,21:02:45,21:03:15
145M,九州工大前,FALSE,21:06:00,21:06:30
145M,戸畑,FALSE,21:08:45,21:09:15
145M,枝光,FALSE,21:11:30,21:12:00
145M,スペースワールド,FALSE,21:14:15,21:14:45
145M,八幡,FALSE,21:16:00,21:16:30
145M,黒崎,FALSE,21:19:45,21:20:15
145M,陣原,FALSE,21:22:30,21:23:00
145M,折尾[4],FALSE,21:26:15,21:32:15
145M,水巻,FALSE,21:34:30,21:35:00
145M,遠賀川,FALSE,21:37:45,21:38:15
145M,海老津,FALSE,21:42:30,21:43:00
145M,教育大前,FALSE,21:47:45,21:48:15
145M,赤間,FALSE,21:50:00,21:50:30
145M,東郷,FALSE,21:54:15,21:54:45
145M,東福間,FALSE,21:57:30,21:58:00
145M,福間,FALSE,22:01:15,22:06:15
145M,千鳥,FALSE,22:08:30,22:09:00
145M,古賀,FALSE,22:11:15,22:11:45
145M,ししぶ,FALSE,22:13:30,22:14:00
145M,新宮中央,FALSE,22:16:15,22:16:45
145M,福工大前,FALSE,22:19:00,22:23:00
145M,九産大前,FALSE,22:26:15,22:26:45
145M,香椎,FALSE,22:29:00,22:29:30
145M,千早,FALSE,22:31:45,22:32:15
145M,千早（操）,TRUE,↓,22:34:45
145M,箱崎,FALSE,22:35:30,22:36:00
145M,吉塚,FALSE,22:38:15,22:38:45
145M,博多[5],FALSE,22:41:00,22:45:00
145M,竹下,FALSE,22:48:45,22:49:15
145M,笹原,FALSE,22:52:00,22:52:30
145M,南福岡,FALSE,22:54:45,22:55:15
145M,春日,FALSE,22:57:00,22:57:30
145M,大野城,FALSE,23:00:15,23:00:45
145M,水城,FALSE,23:02:30,23:03:00
145M,大宰府（信）,TRUE,↓,23:03:30
145M,都府楼南,FALSE,23:05:15,23:05:45
145M,二日市,FALSE,23:08:30,
4159M,小倉[5],FALSE,,21:23:00
4159M,西小倉[4],FALSE,21:24:45,21:25:15
4159M,九州工大前,FALSE,21:28:00,21:28:30
4159M,戸畑,FALSE,21:30:45,21:31:15
4159M,枝光,FALSE,21:33:30,21:34:00
4159M,スペースワールド,FALSE,21:36:15,21:36:45
4159M,八幡,FALSE,21:38:30,21:39:00
4159M,黒崎,FALSE,21:41:45,21:42:15
4159M,陣原,FALSE,21:44:30,21:45:00
4159M,折尾[3],FALSE,21:48:45,21:49:15
4159M,水巻,FALSE,21:51:30,21:52:00
4159M,遠賀川,FALSE,21:54:45,21:55:15
4159M,海老津,FALSE,22:00:00,22:05:00
4159M,教育大前,FALSE,22:10:45,22:11:15
4159M,赤間,FALSE,22:13:00,22:13:30
4159M,東郷,FALSE,22:17:15,22:17:45
4159M,東福間,FALSE,22:21:00,22:21:30
4159M,福間,FALSE,22:24:45,22:25:15
4159M,千鳥,TRUE,↓,22:26:45
4159M,古賀,FALSE,22:28:30,22:29:00
4159M,ししぶ,TRUE,↓,22:29:45
4159M,新宮中央,TRUE,↓,22:31:15
4159M,福工大前,FALSE,22:33:15,22:33:45
4159M,九産大前,TRUE,↓,22:35:45
4159M,香椎,FALSE,22:38:00,22:38:30
4159M,千早,FALSE,22:40:45,22:41:15
4159M,千早（操）,TRUE,↓,22:43:45
4159M,箱崎,TRUE,↓,22:45:15
4159M,吉塚,FALSE,22:45:30,22:46:00
4159M,博多[6],FALSE,22:49:15,22:54:15
4159M,竹下,TRUE,↓,22:55:45
4159M,笹原,TRUE,↓,22:57:30
4159M,南福岡,FALSE,23:00:30,23:01:00
4159M,春日,TRUE,↓,23:02:30
4159M,大野城,FALSE,23:05:15,23:05:45
4159M,水城,TRUE,↓,23:06:45
4159M,大宰府（信）,TRUE,↓,23:07:15
4159M,都府楼南,TRUE,↓,23:08:30
4159M,二日市,FALSE,23:10:00,23:10:30
4159M,天拝山,FALSE,23:13:15,23:13:45
4159M,原田,FALSE,23:16:30,23:17:00
4159M,けやき台,FALSE,23:19:45,23:20:15
4159M,基山,FALSE,23:22:30,23:23:00
4159M,弥生が丘,FALSE,23:26:15,23:26:45
4159M,田代,FALSE,23:29:30,23:30:00
4159M,鳥栖[5],FALSE,23:33:45,23:34:15
4159M,肥前旭,FALSE,23:37:30,23:38:00
4159M,久留米[3],FALSE,23:41:45,23:42:15
4159M,荒木,FALSE,23:46:00,23:46:30
4159M,西牟田,FALSE,23:49:45,23:50:15
4159M,羽犬塚,FALSE,23:53:30,23:54:00
4159M,筑後船小屋,FALSE,23:57:15,23:57:45
4159M,瀬高,FALSE,24:00:00:00,0:00:30
4159M,南瀬高,FALSE,0:03:45,0:04:15
4159M,渡瀬,FALSE,0:07:00,0:07:30
4159M,吉野,FALSE,0:10:45,0:11:15
4159M,銀水,FALSE,0:13:30,0:14:00
4159M,大牟田,FALSE,0:17:45,0:18:15
4159M,荒尾,FALSE,0:21:30,
2357M,小倉[6],FALSE,,22:11:00
2357M,西小倉[4],FALSE,22:13:45,22:14:15
2357M,九州工大前,FALSE,22:17:00,22:17:30
2357M,戸畑,FALSE,22:19:45,22:20:15
2357M,枝光,FALSE,22:22:00,22:22:30
2357M,スペースワールド,FALSE,22:24:45,22:25:15
2357M,八幡,FALSE,22:26:30,22:27:00
2357M,黒崎,FALSE,22:29:45,22:30:15
2357M,陣原,FALSE,22:32:30,22:33:00
2357M,折尾[3],FALSE,22:36:15,22:36:45
2357M,水巻,FALSE,22:39:30,22:40:00
2357M,遠賀川,FALSE,22:42:15,22:42:45
2357M,海老津,FALSE,22:47:00,22:47:30
2357M,教育大前,FALSE,22:52:15,22:52:45
2357M,赤間,FALSE,22:55:00,23:00:00
2357M,東郷,FALSE,23:04:15,23:04:45
2357M,東福間,FALSE,23:07:30,23:08:00
2357M,福間,FALSE,23:10:45,23:11:15
2357M,千鳥,FALSE,23:13:00,23:13:30
2357M,古賀,FALSE,23:15:45,23:16:15
2357M,ししぶ,FALSE,23:18:00,23:18:30
2357M,新宮中央,FALSE,23:20:45,23:21:15
2357M,福工大前,FALSE,23:23:00,23:23:30
2357M,九産大前,FALSE,23:26:45,23:27:15
2357M,香椎,FALSE,23:29:30,23:30:00
2357M,千早,FALSE,23:32:15,23:32:45
2357M,千早（操）,TRUE,↓,23:35:15
2357M,箱崎,FALSE,23:36:30,23:37:00
2357M,吉塚,FALSE,23:39:15,23:39:45
2357M,博多[7],FALSE,23:43:00,23:46:00
2357M,竹下,FALSE,23:49:45,23:50:15
2357M,笹原,FALSE,23:52:30,23:53:00
2357M,南福岡,FALSE,23:55:45,23:56:15
2357M,春日,FALSE,23:57:30,23:58:00
2357M,大野城,FALSE,24:00:00:15,0:00:45
2357M,水城,FALSE,0:02:30,0:03:00
2357M,大宰府（信）,TRUE,↓,0:03:30
2357M,都府楼南,FALSE,0:05:15,0:05:45
2357M,二日市,FALSE,0:07:30,0:08:00
2357M,天拝山,FALSE,0:10:15,0:10:45
2357M,原田,FALSE,0:14:00,0:14:30
2357M,けやき台,FALSE,0:17:15,0:17:45
2357M,基山,FALSE,0:19:00,0:19:30
2357M,弥生が丘,FALSE,0:22:15,0:22:45
2357M,田代,FALSE,0:24:30,0:25:00
2357M,鳥栖[6],FALSE,0:27:45,0:28:15
2357M,肥前旭,FALSE,0:32:00,0:32:30
2357M,久留米[3],FALSE,0:36:45,
2237M,小倉[6],FALSE,,22:24:00
2237M,西小倉[4],FALSE,22:25:45,22:26:15
2237M,九州工大前,FALSE,22:29:00,22:29:30
2237M,戸畑,FALSE,22:31:45,22:32:15
2237M,枝光,FALSE,22:34:30,22:35:00
2237M,スペースワールド,FALSE,22:37:15,22:41:15
2237M,八幡,FALSE,22:42:30,22:43:00
2237M,黒崎,FALSE,22:45:45,22:46:15
2237M,陣原,FALSE,22:48:30,22:49:00
2237M,折尾[3],FALSE,22:52:45,22:53:15
2237M,水巻,FALSE,22:55:30,22:56:00
2237M,遠賀川,FALSE,22:58:15,22:58:45
2237M,海老津,FALSE,23:03:00,23:03:30
2237M,教育大前,FALSE,23:07:45,23:08:15
2237M,赤間,FALSE,23:10:00,23:10:30
2237M,東郷,FALSE,23:14:15,23:14:45
2237M,東福間,FALSE,23:17:30,23:18:00
2237M,福間,FALSE,23:21:45,
147M,小倉[7],FALSE,,22:40:00
147M,西小倉[4],FALSE,22:42:15,22:42:45
147M,九州工大前,FALSE,22:46:00,22:46:30
147M,戸畑,FALSE,22:48:45,22:49:15
147M,枝光,FALSE,22:51:30,22:52:00
147M,スペースワールド,FALSE,22:54:15,22:54:45
147M,八幡,FALSE,22:56:30,22:57:00
147M,黒崎,FALSE,23:00:15,23:00:45
147M,陣原,FALSE,23:03:00,23:03:30
147M,折尾[3],FALSE,23:06:45,23:07:15
147M,水巻,FALSE,23:10:00,23:10:30
147M,遠賀川,FALSE,23:13:15,23:13:45
147M,海老津,FALSE,23:18:00,23:18:30
147M,教育大前,FALSE,23:23:15,23:23:45
147M,赤間,FALSE,23:26:00,23:31:00
147M,東郷,FALSE,23:35:15,23:35:45
147M,東福間,FALSE,23:38:30,23:39:00
147M,福間,FALSE,23:42:15,23:42:45
147M,千鳥,FALSE,23:45:00,23:45:30
147M,古賀,FALSE,23:48:15,23:51:15
147M,ししぶ,FALSE,23:53:00,23:53:30
147M,新宮中央,FALSE,23:55:15,23:55:45
147M,福工大前,FALSE,23:57:30,23:58:00
147M,九産大前,FALSE,0:01:15,0:01:45
147M,香椎,FALSE,0:03:30,0:04:00
147M,千早,FALSE,0:05:45,0:06:15
147M,千早（操）,TRUE,↓,0:08:45
147M,箱崎,FALSE,0:09:30,0:10:00
147M,吉塚,FALSE,0:12:15,0:12:45
147M,博多[6],FALSE,0:15:30,0:16:00
147M,竹下,FALSE,0:19:15,0:19:45
147M,笹原,FALSE,0:22:00,0:22:30
147M,南福岡,FALSE,0:25:45,
2241M,小倉[6],FALSE,,23:22:00
2241M,西小倉[4],FALSE,23:24:15,23:24:45
2241M,九州工大前,FALSE,23:27:30,23:28:00
2241M,戸畑,FALSE,23:30:45,23:31:15
2241M,枝光,FALSE,23:33:30,23:34:00
2241M,スペースワールド,FALSE,23:36:15,23:36:45
2241M,八幡,FALSE,23:38:30,23:39:00
2241M,黒崎,FALSE,23:41:45,23:42:15
2241M,陣原,FALSE,23:45:00,23:45:30
2241M,折尾[3],FALSE,23:49:45,23:50:15
2241M,水巻,FALSE,23:52:30,23:53:00
2241M,遠賀川,FALSE,23:55:15,23:55:45
2241M,海老津,FALSE,24:00:00:00,0:00:30
2241M,教育大前,FALSE,0:05:15,0:05:45
2241M,赤間,FALSE,0:08:30,
2222M,海老津,FALSE,,5:48:00
2222M,遠賀川,FALSE,5:52:45,5:53:15
2222M,水巻,FALSE,5:55:00,5:55:30
2222M,折尾[5],FALSE,5:58:15,5:58:45
2222M,陣原,FALSE,6:02:00,6:02:30
2222M,黒崎,FALSE,6:04:45,6:05:15
2222M,八幡,FALSE,6:08:00,6:08:30
2222M,スペースワールド,FALSE,6:10:45,6:11:15
2222M,枝光,FALSE,6:12:30,6:13:00
2222M,戸畑,FALSE,6:15:45,6:16:15
2222M,九州工大前,FALSE,6:18:00,6:18:30
2222M,西小倉[5],FALSE,6:21:45,6:22:15
2222M,小倉[6],FALSE,6:24:30,
122M,博多[7],FALSE,,5:22:00
122M,吉塚,FALSE,5:25:15,5:25:45
122M,箱崎,FALSE,5:27:00,5:27:30
122M,千早（操）,TRUE,↓,5:30:00
122M,千早,FALSE,5:31:15,5:31:45
122M,香椎,FALSE,5:33:30,5:34:00
122M,九産大前,FALSE,5:36:45,5:37:15
122M,福工大前,FALSE,5:40:30,5:41:00
122M,新宮中央,FALSE,5:43:15,5:43:45
122M,ししぶ,FALSE,5:45:30,5:46:00
122M,古賀,FALSE,5:48:15,5:48:45
122M,千鳥,FALSE,5:51:00,5:51:30
122M,福間,FALSE,5:54:15,5:54:45
122M,東福間,FALSE,5:57:30,5:58:00
122M,東郷,FALSE,6:01:15,6:01:45
122M,赤間,FALSE,6:05:00,6:05:30
122M,教育大前,FALSE,6:08:45,6:09:15
122M,海老津,FALSE,6:13:30,6:14:00
122M,遠賀川,FALSE,6:18:45,6:19:15
122M,水巻,FALSE,6:21:30,6:22:00
122M,折尾[5],FALSE,6:25:15,6:25:45
122M,陣原,FALSE,6:28:30,6:29:00
122M,黒崎,FALSE,6:31:15,6:31:45
122M,八幡,FALSE,6:34:30,6:35:00
122M,スペースワールド,FALSE,6:37:15,6:37:45
122M,枝光,FALSE,6:39:00,6:39:30
122M,戸畑,FALSE,6:42:15,6:42:45
122M,九州工大前,FALSE,6:44:30,6:45:00
122M,西小倉[5],FALSE,6:48:45,6:49:15
122M,小倉[7],FALSE,6:50:30,
2320M,久留米[1],FALSE,,4:51:00
2320M,肥前旭,FALSE,4:54:45,4:55:15
2320M,鳥栖[1],FALSE,4:58:30,4:59:00
2320M,田代,FALSE,5:01:15,5:01:45
2320M,弥生が丘,FALSE,5:03:30,5:04:00
2320M,基山,FALSE,5:06:45,5:07:15
2320M,けやき台,FALSE,5:09:00,5:09:30
2320M,原田,FALSE,5:11:45,5:12:15
2320M,天拝山,FALSE,5:15:30,5:16:00
2320M,二日市,FALSE,5:18:15,5:18:45
2320M,都府楼南,FALSE,5:20:30,5:21:00
2320M,大宰府（信）,TRUE,↓,5:21:30
2320M,水城,FALSE,5:23:15,5:23:45
2320M,大野城,FALSE,5:25:30,5:26:00
2320M,春日,FALSE,5:27:45,5:28:15
2320M,南福岡,FALSE,5:30:30,5:31:00
2320M,笹原,FALSE,5:33:15,5:33:45
2320M,竹下,FALSE,5:36:00,5:36:30
2320M,博多[6],FALSE,5:40:45,5:41:15
2320M,吉塚,FALSE,5:44:30,5:45:00
2320M,箱崎,FALSE,5:46:45,5:47:15
2320M,千早（操）,TRUE,↓,5:49:45
2320M,千早,FALSE,5:50:30,5:51:00
2320M,香椎,FALSE,5:53:45,5:54:15
2320M,九産大前,FALSE,5:57:00,5:57:30
2320M,福工大前,FALSE,6:00:45,6:01:15
2320M,新宮中央,FALSE,6:03:00,6:03:30
2320M,ししぶ,FALSE,6:05:15,6:05:45
2320M,古賀,FALSE,6:07:30,6:08:00
2320M,千鳥,FALSE,6:10:15,6:10:45
2320M,福間,FALSE,6:12:30,6:13:00
2320M,東福間,FALSE,6:16:15,6:16:45
2320M,東郷,FALSE,6:19:30,6:20:00
2320M,赤間,FALSE,6:23:15,6:23:45
2320M,教育大前,FALSE,6:26:00,6:26:30
2320M,海老津,FALSE,6:30:45,6:31:15
2320M,遠賀川,FALSE,6:35:00,6:35:30
2320M,水巻,FALSE,6:38:15,6:38:45
2320M,折尾[5],FALSE,6:41:00,6:41:30
2320M,陣原,FALSE,6:44:45,6:45:15
2320M,黒崎,FALSE,6:47:00,6:47:30
2320M,八幡,FALSE,6:50:45,6:51:15
2320M,スペースワールド,FALSE,6:52:30,6:53:00
2320M,枝光,FALSE,6:54:45,6:55:15
2320M,戸畑,FALSE,6:57:00,6:57:30
2320M,九州工大前,FALSE,6:59:45,7:00:15
2320M,西小倉[5],FALSE,7:03:30,7:04:00
2320M,小倉[8],FALSE,7:05:45,
124M,南福岡,FALSE,,5:40:00
124M,笹原,FALSE,5:43:15,5:43:45
124M,竹下,FALSE,5:46:00,5:46:30
124M,博多[6],FALSE,5:50:45,5:51:15
124M,吉塚,FALSE,5:54:30,5:55:00
124M,箱崎,FALSE,5:57:15,5:57:45
124M,千早（操）,TRUE,↓,6:00:15
124M,千早,FALSE,6:01:30,6:02:00
124M,香椎,FALSE,6:04:15,6:04:45
124M,九産大前,FALSE,6:07:00,6:07:30
124M,福工大前,FALSE,6:11:15,6:11:45
124M,新宮中央,FALSE,6:13:30,6:14:00
124M,ししぶ,FALSE,6:16:15,6:16:45
124M,古賀,FALSE,6:18:30,6:19:00
124M,千鳥,FALSE,6:21:15,6:21:45
124M,福間,FALSE,6:23:30,6:24:00
124M,東福間,FALSE,6:27:15,6:27:45
124M,東郷,FALSE,6:30:30,6:31:00
124M,赤間,FALSE,6:34:15,6:34:45
124M,教育大前,FALSE,6:37:00,6:37:30
124M,海老津,FALSE,6:41:45,6:42:15
124M,遠賀川,FALSE,6:46:00,6:46:30
124M,水巻,FALSE,6:49:15,6:49:45
124M,折尾[4],FALSE,6:52:00,6:59:00
124M,陣原,FALSE,7:02:45,7:03:15
124M,黒崎,FALSE,7:06:00,7:06:30
124M,八幡,FALSE,7:09:45,7:10:15
124M,スペースワールド,FALSE,7:12:00,7:12:30
124M,枝光,FALSE,7:14:45,7:15:15
124M,戸畑,FALSE,7:18:00,7:18:30
124M,九州工大前,FALSE,7:21:15,7:21:45
124M,西小倉[5],FALSE,7:24:30,7:25:00
124M,小倉[8],FALSE,7:27:45,
126M,南福岡,FALSE,,5:52:00
126M,笹原,FALSE,5:54:45,5:55:15
126M,竹下,FALSE,5:58:00,5:58:30
126M,博多[1],FALSE,6:02:45,6:03:15
126M,吉塚,FALSE,6:06:00,6:06:30
126M,箱崎,FALSE,6:08:45,6:09:15
126M,千早（操）,TRUE,↓,6:11:45
126M,千早,FALSE,6:12:30,6:13:00
126M,香椎,FALSE,6:15:15,6:15:45
126M,九産大前,FALSE,6:18:00,6:18:30
126M,福工大前,FALSE,6:21:45,6:22:15
126M,新宮中央,FALSE,6:24:00,6:24:30
126M,ししぶ,FALSE,6:26:15,6:26:45
126M,古賀,FALSE,6:28:30,6:29:00
126M,千鳥,FALSE,6:31:15,6:31:45
126M,福間,FALSE,6:34:00,6:40:00
126M,東福間,FALSE,6:43:15,6:43:45
126M,東郷,FALSE,6:46:30,6:47:00
126M,赤間,FALSE,6:50:45,6:51:15
126M,教育大前,FALSE,6:53:30,6:54:00
126M,海老津,FALSE,6:58:45,6:59:15
126M,遠賀川,FALSE,7:03:30,7:04:00
126M,水巻,FALSE,7:06:45,7:07:15
126M,折尾[5],FALSE,7:10:00,7:10:30
126M,陣原,FALSE,7:13:45,7:14:15
126M,黒崎,FALSE,7:16:30,7:17:00
126M,八幡,FALSE,7:20:45,7:21:15
126M,スペースワールド,FALSE,7:22:30,7:23:00
126M,枝光,FALSE,7:25:15,7:25:45
126M,戸畑,FALSE,7:28:30,7:29:00
126M,九州工大前,FALSE,7:31:45,7:32:15
126M,西小倉[5],FALSE,7:35:30,7:36:00
126M,小倉[6],FALSE,7:38:45,
3120M,博多[3],FALSE,,6:36:00
3120M,吉塚,FALSE,6:39:15,6:39:45
3120M,箱崎,TRUE,↓,6:41:15
3120M,千早（操）,TRUE,↓,6:43:45
3120M,千早,FALSE,6:45:00,6:45:30
3120M,香椎,FALSE,6:48:15,6:48:45
3120M,九産大前,TRUE,↓,6:50:45
3120M,福工大前,FALSE,6:53:00,6:53:30
3120M,新宮中央,TRUE,↓,6:55:00
3120M,ししぶ,TRUE,↓,6:55:45
3120M,古賀,FALSE,6:58:15,6:58:45
3120M,千鳥,TRUE,↓,7:00:15
3120M,福間,FALSE,7:03:00,7:03:30
3120M,東福間,FALSE,7:06:45,7:07:15
3120M,東郷,FALSE,7:10:30,7:11:00
3120M,赤間,FALSE,7:14:45,7:15:15
3120M,教育大前,FALSE,7:17:30,7:18:00
3120M,海老津,FALSE,7:22:45,7:23:15
3120M,遠賀川,FALSE,7:27:00,7:27:30
3120M,水巻,FALSE,7:30:15,7:30:45
3120M,折尾[5],FALSE,7:33:30,7:34:00
3120M,陣原,FALSE,7:37:45,7:38:15
3120M,黒崎,FALSE,7:40:30,7:41:00
3120M,八幡,FALSE,7:44:15,7:44:45
3120M,スペースワールド,FALSE,7:46:00,7:50:00
3120M,枝光,FALSE,7:52:45,7:53:15
3120M,戸畑,FALSE,7:56:00,7:56:30
3120M,九州工大前,FALSE,7:59:15,7:59:45
3120M,西小倉[5],FALSE,8:02:30,8:03:00
3120M,小倉[5],FALSE,8:05:45,
3122M,博多[3],FALSE,,6:55:00
3122M,吉塚,FALSE,6:58:15,6:58:45
3122M,箱崎,TRUE,↓,7:00:15
3122M,千早（操）,TRUE,↓,7:02:45
3122M,千早,FALSE,7:03:00,7:09:00
3122M,香椎,FALSE,7:11:45,7:12:15
3122M,九産大前,TRUE,↓,7:14:15
3122M,福工大前,FALSE,7:16:30,7:17:00
3122M,新宮中央,TRUE,↓,7:18:30
3122M,ししぶ,TRUE,↓,7:19:15
3122M,古賀,FALSE,7:21:45,7:22:15
3122M,千鳥,TRUE,↓,7:23:45
3122M,福間,FALSE,7:25:30,7:26:00
3122M,東福間,FALSE,7:29:15,7:29:45
3122M,東郷,FALSE,7:32:30,7:33:00
3122M,赤間,FALSE,7:36:15,7:42:15
3122M,教育大前,FALSE,7:45:00,7:45:30
3122M,海老津,FALSE,7:49:45,7:50:15
3122M,遠賀川,FALSE,7:54:00,7:54:30
3122M,水巻,FALSE,7:57:15,7:57:45
3122M,折尾[5],FALSE,8:00:00,8:00:30
3122M,陣原,FALSE,8:03:45,8:04:15
3122M,黒崎,FALSE,8:06:30,8:07:00
3122M,八幡,FALSE,8:10:15,8:10:45
3122M,スペースワールド,FALSE,8:12:00,8:12:30
3122M,枝光,FALSE,8:14:15,8:14:45
3122M,戸畑,FALSE,8:17:30,8:18:00
3122M,九州工大前,FALSE,8:20:15,8:20:45
3122M,西小倉[5],FALSE,8:24:00,8:24:30
3122M,小倉[6],FALSE,8:26:45,
130M,鳥栖[4],FALSE,,6:47:00
130M,田代,FALSE,6:49:45,6:50:15
130M,弥生が丘,FALSE,6:52:30,6:53:00
130M,基山,FALSE,6:55:45,6:56:15
130M,けやき台,FALSE,6:58:00,6:58:30
130M,原田,FALSE,7:01:45,7:02:15
130M,天拝山,FALSE,7:05:30,7:06:00
130M,二日市,FALSE,7:08:15,7:12:15
130M,都府楼南,FALSE,7:15:00,7:15:30
130M,大宰府（信）,TRUE,↓,7:16:00
130M,水城,FALSE,7:18:15,7:18:45
130M,大野城,FALSE,7:20:30,7:21:00
130M,春日,FALSE,7:23:15,7:23:45
130M,南福岡,FALSE,7:25:30,7:26:00
130M,笹原,FALSE,7:29:15,7:29:45
130M,竹下,FALSE,7:32:30,7:33:00
130M,博多[3],FALSE,7:36:15,7:38:15
130M,吉塚,FALSE,7:40:30,7:41:00
130M,箱崎,FALSE,7:43:45,7:44:15
130M,千早（操）,TRUE,↓,7:46:45
130M,千早,FALSE,7:48:00,7:48:30
130M,香椎,FALSE,7:50:45,7:51:15
130M,九産大前,FALSE,7:54:00,7:54:30
130M,福工大前,FALSE,7:58:15,8:03:15
130M,新宮中央,FALSE,8:05:30,8:06:00
130M,ししぶ,FALSE,8:08:15,8:08:45
130M,古賀,FALSE,8:10:30,8:11:00
130M,千鳥,FALSE,8:13:45,8:14:15
130M,福間,FALSE,8:17:00,8:20:00
130M,東福間,FALSE,8:23:45,8:24:15
130M,東郷,FALSE,8:27:30,8:28:00
130M,赤間,FALSE,8:32:15,8:32:45
130M,教育大前,FALSE,8:35:00,8:35:30
130M,海老津,FALSE,8:40:45,8:41:15
130M,遠賀川,FALSE,8:45:30,8:46:00
130M,水巻,FALSE,8:48:45,8:49:15
130M,折尾[5],FALSE,8:52:00,8:52:30
130M,陣原,FALSE,8:56:15,8:56:45
130M,黒崎,FALSE,8:59:00,8:59:30
130M,八幡,FALSE,9:02:45,9:03:15
130M,スペースワールド,FALSE,9:05:00,9:08:00
130M,枝光,FALSE,9:10:15,9:10:45
130M,戸畑,FALSE,9:13:00,9:13:30
130M,九州工大前,FALSE,9:16:15,9:16:45
130M,西小倉[5],FALSE,9:20:00,9:20:30
130M,小倉[7],FALSE,9:22:45,
2130M,二日市,FALSE,,8:15:00
2130M,都府楼南,FALSE,8:17:45,8:18:15
2130M,大宰府（信）,TRUE,↓,8:18:45
2130M,水城,FALSE,8:20:00,8:20:30
2130M,大野城,FALSE,8:22:45,8:23:15
2130M,春日,FALSE,8:25:00,8:25:30
2130M,南福岡,FALSE,8:28:15,8:32:15
2130M,笹原,FALSE,8:34:30,8:35:00
2130M,竹下,FALSE,8:38:15,8:38:45
2130M,博多[2],FALSE,8:41:00,8:43:00
2130M,吉塚,FALSE,8:45:45,8:46:15
2130M,箱崎,FALSE,8:48:00,8:48:30
2130M,千早（操）,TRUE,↓,8:51:00
2130M,千早,FALSE,8:52:15,8:52:45
2130M,香椎,FALSE,8:55:00,8:55:30
2130M,九産大前,FALSE,8:58:15,8:58:45
2130M,福工大前,FALSE,9:02:00,9:10:00
2130M,新宮中央,FALSE,9:13:15,9:13:45
2130M,ししぶ,FALSE,9:15:00,9:15:30
2130M,古賀,FALSE,9:17:45,9:18:15
2130M,千鳥,FALSE,9:20:30,9:21:00
2130M,福間,FALSE,9:23:15,9:23:45
2130M,東福間,FALSE,9:26:00,9:26:30
2130M,東郷,FALSE,9:29:45,9:30:15
2130M,赤間,FALSE,9:33:30,9:34:00
2130M,教育大前,FALSE,9:36:15,9:36:45
2130M,海老津,FALSE,9:41:00,9:41:30
2130M,遠賀川,FALSE,9:45:45,9:46:15
2130M,水巻,FALSE,9:48:30,9:49:00
2130M,折尾[4],FALSE,9:52:45,
2134M,博多[2],FALSE,,9:37:00
2134M,吉塚,FALSE,9:40:15,9:40:45
2134M,箱崎,FALSE,9:42:30,9:43:00
2134M,千早（操）,TRUE,↓,9:45:30
2134M,千早,FALSE,9:46:45,9:47:15
2134M,香椎,FALSE,9:49:00,9:49:30
2134M,九産大前,FALSE,9:51:45,9:52:15
2134M,福工大前,FALSE,9:55:30,9:56:00
2134M,新宮中央,FALSE,9:58:15,9:58:45
2134M,ししぶ,FALSE,10:00:30,10:01:00
2134M,古賀,FALSE,10:03:15,10:12:15
2134M,千鳥,FALSE,10:14:30,10:15:00
2134M,福間,FALSE,10:17:15,10:17:45
2134M,東福間,FALSE,10:20:00,10:20:30
2134M,東郷,FALSE,10:24:15,10:24:45
2134M,赤間,FALSE,10:28:00,10:32:00
2134M,教育大前,FALSE,10:34:45,10:35:15
2134M,海老津,FALSE,10:39:30,10:40:00
2134M,遠賀川,FALSE,10:44:15,10:44:45
2134M,水巻,FALSE,10:46:30,10:47:00
2134M,折尾[4],FALSE,10:50:45,
2138M,鳥栖[4],FALSE,,9:26:00
2138M,田代,FALSE,9:28:15,9:28:45
2138M,弥生が丘,FALSE,9:31:00,9:35:00
2138M,基山,FALSE,9:37:45,9:38:15
2138M,けやき台,FALSE,9:40:00,9:40:30
2138M,原田,FALSE,9:43:15,9:43:45
2138M,天拝山,FALSE,9:46:30,9:47:00
2138M,二日市,FALSE,9:49:45,9:50:15
2138M,都府楼南,FALSE,9:51:30,9:52:00
2138M,大宰府（信）,TRUE,↓,9:52:30
2138M,水城,FALSE,9:54:45,9:55:15
2138M,大野城,FALSE,9:56:30,9:57:00
2138M,春日,FALSE,9:59:15,9:59:45
2138M,南福岡,FALSE,10:01:00,10:05:00
2138M,笹原,FALSE,10:08:15,10:08:45
2138M,竹下,FALSE,10:11:30,10:12:00
2138M,博多[1],FALSE,10:15:15,10:22:15
2138M,吉塚,FALSE,10:25:00,10:25:30
2138M,箱崎,FALSE,10:27:45,10:28:15
2138M,千早（操）,TRUE,↓,10:30:45
2138M,千早,FALSE,10:31:30,10:32:00
2138M,香椎,FALSE,10:34:15,10:34:45
2138M,九産大前,FALSE,10:37:00,10:37:30
2138M,福工大前,FALSE,10:40:45,10:41:15
2138M,新宮中央,FALSE,10:43:30,10:44:00
2138M,ししぶ,FALSE,10:45:45,10:46:15
2138M,古賀,FALSE,10:48:00,10:48:30
2138M,千鳥,FALSE,10:51:15,10:51:45
2138M,福間,FALSE,10:54:00,11:00:00
2138M,東福間,FALSE,11:03:45,11:04:15
2138M,東郷,FALSE,11:07:00,11:07:30
2138M,赤間,FALSE,11:11:15,11:11:45
2138M,教育大前,FALSE,11:13:30,11:14:00
2138M,海老津,FALSE,11:19:15,11:23:15
2138M,遠賀川,FALSE,11:28:00,11:28:30
2138M,水巻,FALSE,11:31:15,11:31:45
2138M,折尾[4],FALSE,11:35:30,
2144M,鳥栖[4],FALSE,,10:33:00
2144M,田代,FALSE,10:35:15,10:35:45
2144M,弥生が丘,FALSE,10:38:00,10:38:30
2144M,基山,FALSE,10:40:45,10:41:15
2144M,けやき台,FALSE,10:43:00,10:43:30
2144M,原田,FALSE,10:46:15,10:46:45
2144M,天拝山,FALSE,10:49:30,10:50:00
2144M,二日市,FALSE,10:52:45,10:53:15
2144M,都府楼南,FALSE,10:54:30,10:55:00
2144M,大宰府（信）,TRUE,↓,10:55:30
2144M,水城,FALSE,10:57:45,10:58:15
2144M,大野城,FALSE,10:59:30,11:00:00
2144M,春日,FALSE,11:02:15,11:02:45
2144M,南福岡,FALSE,11:04:00,11:07:00
2144M,笹原,FALSE,11:10:45,11:11:15
2144M,竹下,FALSE,11:14:00,11:18:00
2144M,博多[1],FALSE,11:23:15,11:25:15
2144M,吉塚,FALSE,11:27:30,11:28:00
2144M,箱崎,FALSE,11:29:45,11:30:15
2144M,千早（操）,TRUE,↓,11:32:45
2144M,千早,FALSE,11:33:30,11:34:00
2144M,香椎,FALSE,11:36:15,11:36:45
2144M,九産大前,FALSE,11:39:00,11:39:30
2144M,福工大前,FALSE,11:42:45,11:43:15
2144M,新宮中央,FALSE,11:45:00,11:45:30
2144M,ししぶ,FALSE,11:47:15,11:47:45
2144M,古賀,FALSE,11:49:30,11:50:00
2144M,千鳥,FALSE,11:52:45,11:53:15
2144M,福間,FALSE,11:55:00,12:01:00
2144M,東福間,FALSE,12:04:15,12:04:45
2144M,東郷,FALSE,12:07:30,12:08:00
2144M,赤間,FALSE,12:11:45,12:12:15
2144M,教育大前,FALSE,12:14:00,12:14:30
2144M,海老津,FALSE,12:19:15,12:23:15
2144M,遠賀川,FALSE,12:28:00,12:28:30
2144M,水巻,FALSE,12:31:15,12:31:45
2144M,折尾[4],FALSE,12:35:30,
2146M,二日市,FALSE,,11:56:00
2146M,都府楼南,FALSE,11:58:45,11:59:15
2146M,大宰府（信）,TRUE,↓,11:59:45
2146M,水城,FALSE,12:01:00,12:01:30
2146M,大野城,FALSE,12:03:45,12:04:15
2146M,春日,FALSE,12:05:30,12:06:00
2146M,南福岡,FALSE,12:08:15,12:11:15
2146M,笹原,FALSE,12:14:00,12:14:30
2146M,竹下,FALSE,12:17:45,12:18:15
2146M,博多[1],FALSE,12:21:30,12:22:00
2146M,吉塚,FALSE,12:25:15,12:25:45
2146M,箱崎,FALSE,12:27:00,12:27:30
2146M,千早（操）,TRUE,↓,12:30:00
2146M,千早,FALSE,12:31:45,12:32:15
2146M,香椎,FALSE,12:34:00,12:34:30
2146M,九産大前,FALSE,12:37:15,12:37:45
2146M,福工大前,FALSE,12:40:30,12:41:00
2146M,新宮中央,FALSE,12:43:15,12:43:45
2146M,ししぶ,FALSE,12:45:00,12:45:30
2146M,古賀,FALSE,12:47:45,12:48:15
2146M,千鳥,FALSE,12:50:00,12:50:30
2146M,福間,FALSE,12:53:15,13:00:15
2146M,東福間,FALSE,13:03:00,13:03:30
2146M,東郷,FALSE,13:06:45,13:07:15
2146M,赤間,FALSE,13:10:00,13:10:30
2146M,教育大前,FALSE,13:13:15,13:13:45
2146M,海老津,FALSE,13:18:00,13:23:00
2146M,遠賀川,FALSE,13:28:15,13:28:45
2146M,水巻,FALSE,13:31:00,13:31:30
2146M,折尾[4],FALSE,13:35:45,
2150M,二日市,FALSE,,12:56:00
2150M,都府楼南,FALSE,12:58:15,12:58:45
2150M,大宰府（信）,TRUE,↓,12:59:15
2150M,水城,FALSE,13:01:00,13:01:30
2150M,大野城,FALSE,13:03:15,13:03:45
2150M,春日,FALSE,13:05:30,13:06:00
2150M,南福岡,FALSE,13:08:15,13:10:15
2150M,笹原,FALSE,13:13:30,13:14:00
2150M,竹下,FALSE,13:16:45,13:17:15
2150M,博多[1],FALSE,13:20:00,13:23:00
2150M,吉塚,FALSE,13:25:45,13:26:15
2150M,箱崎,FALSE,13:28:00,13:28:30
2150M,千早（操）,TRUE,↓,13:31:00
2150M,千早,FALSE,13:32:15,13:32:45
2150M,香椎,FALSE,13:34:30,13:35:00
2150M,九産大前,FALSE,13:37:45,13:38:15
2150M,福工大前,FALSE,13:41:00,13:41:30
2150M,新宮中央,FALSE,13:43:45,13:44:15
2150M,ししぶ,FALSE,13:46:00,13:46:30
2150M,古賀,FALSE,13:48:15,13:48:45
2150M,千鳥,FALSE,13:51:00,13:51:30
2150M,福間,FALSE,13:54:15,14:00:15
2150M,東福間,FALSE,14:03:00,14:03:30
2150M,東郷,FALSE,14:06:45,14:07:15
2150M,赤間,FALSE,14:10:00,14:10:30
2150M,教育大前,FALSE,14:13:15,14:13:45
2150M,海老津,FALSE,14:18:00,14:23:00
2150M,遠賀川,FALSE,14:28:15,14:28:45
2150M,水巻,FALSE,14:31:00,14:31:30
2150M,折尾[4],FALSE,14:35:45,
2154M,二日市,FALSE,,13:55:00
2154M,都府楼南,FALSE,13:57:15,13:57:45
2154M,大宰府（信）,TRUE,↓,13:58:15
2154M,水城,FALSE,14:00:00,14:00:30
2154M,大野城,FALSE,14:02:15,14:02:45
2154M,春日,FALSE,14:04:30,14:05:00
2154M,南福岡,FALSE,14:07:15,14:14:15
2154M,笹原,FALSE,14:16:30,14:17:00
2154M,竹下,FALSE,14:19:45,14:20:15
2154M,博多[1],FALSE,14:23:30,14:24:00
2154M,吉塚,FALSE,14:26:45,14:27:15
2154M,箱崎,FALSE,14:29:00,14:29:30
2154M,千早（操）,TRUE,↓,14:32:00
2154M,千早,FALSE,14:33:15,14:33:45
2154M,香椎,FALSE,14:35:30,14:36:00
2154M,九産大前,FALSE,14:38:15,14:38:45
2154M,福工大前,FALSE,14:41:30,14:42:00
2154M,新宮中央,FALSE,14:44:15,14:44:45
2154M,ししぶ,FALSE,14:46:30,14:47:00
2154M,古賀,FALSE,14:48:45,14:49:15
2154M,千鳥,FALSE,14:51:30,14:52:00
2154M,福間,FALSE,14:54:15,15:01:15
2154M,東福間,FALSE,15:04:00,15:04:30
2154M,東郷,FALSE,15:07:45,15:08:15
2154M,赤間,FALSE,15:11:30,15:12:00
2154M,教育大前,FALSE,15:14:15,15:14:45
2154M,海老津,FALSE,15:19:00,15:23:00
2154M,遠賀川,FALSE,15:28:45,15:29:15
2154M,水巻,FALSE,15:31:30,15:32:00
2154M,折尾[4],FALSE,15:35:45,
2158M,二日市,FALSE,,14:55:00
2158M,都府楼南,FALSE,14:57:45,14:58:15
2158M,大宰府（信）,TRUE,↓,14:58:45
2158M,水城,FALSE,15:00:00,15:00:30
2158M,大野城,FALSE,15:02:45,15:03:15
2158M,春日,FALSE,15:04:30,15:05:00
2158M,南福岡,FALSE,15:07:15,15:14:15
2158M,笹原,FALSE,15:16:30,15:17:00
2158M,竹下,FALSE,15:19:45,15:20:15
2158M,博多[1],FALSE,15:23:30,15:24:00
2158M,吉塚,FALSE,15:26:45,15:27:15
2158M,箱崎,FALSE,15:29:00,15:29:30
2158M,千早（操）,TRUE,↓,15:32:00
2158M,千早,FALSE,15:33:15,15:33:45
2158M,香椎,FALSE,15:35:30,15:36:00
2158M,九産大前,FALSE,15:38:15,15:38:45
2158M,福工大前,FALSE,15:41:30,15:42:00
2158M,新宮中央,FALSE,15:44:15,15:44:45
2158M,ししぶ,FALSE,15:46:30,15:47:00
2158M,古賀,FALSE,15:48:45,15:49:15
2158M,千鳥,FALSE,15:51:30,15:52:00
2158M,福間,FALSE,15:54:15,16:00:15
2158M,東福間,FALSE,16:03:30,16:04:00
2158M,東郷,FALSE,16:07:15,16:07:45
2158M,赤間,FALSE,16:11:00,16:11:30
2158M,教育大前,FALSE,16:14:15,16:14:45
2158M,海老津,FALSE,16:19:00,16:23:00
2158M,遠賀川,FALSE,16:27:45,16:28:15
2158M,水巻,FALSE,16:30:30,16:31:00
2158M,折尾[4],FALSE,16:33:45,
4146M,羽犬塚,FALSE,,15:40:00
4146M,西牟田,TRUE,↓,15:43:00
4146M,荒木,FALSE,15:46:45,15:47:15
4146M,久留米[4],FALSE,15:51:30,15:52:00
4146M,肥前旭,TRUE,↓,15:54:45
4146M,鳥栖[1],FALSE,15:58:45,15:59:15
4146M,田代,TRUE,↓,16:01:15
4146M,弥生が丘,TRUE,↓,16:02:30
4146M,基山,FALSE,16:04:30,16:05:00
4146M,けやき台,TRUE,↓,16:06:30
4146M,原田,FALSE,16:08:15,16:08:45
4146M,天拝山,TRUE,↓,16:11:15
4146M,二日市,FALSE,16:13:00,16:13:30
4146M,都府楼南,TRUE,↓,16:14:45
4146M,大宰府（信）,TRUE,↓,16:15:15
4146M,水城,TRUE,↓,16:16:15
4146M,大野城,FALSE,16:17:45,16:18:15
4146M,春日,TRUE,↓,16:19:45
4146M,南福岡,FALSE,16:21:30,16:22:00
4146M,笹原,TRUE,↓,16:23:45
4146M,竹下,TRUE,↓,16:25:15
4146M,博多[2],FALSE,16:28:15,16:31:15
4146M,吉塚,FALSE,16:34:00,16:34:30
4146M,箱崎,TRUE,↓,16:36:00
4146M,千早（操）,TRUE,↓,16:38:30
4146M,千早,FALSE,16:38:45,16:39:15
4146M,香椎,FALSE,16:41:00,16:41:30
4146M,九産大前,TRUE,↓,16:43:30
4146M,福工大前,FALSE,16:45:45,16:46:15
4146M,新宮中央,TRUE,↓,16:47:45
4146M,ししぶ,TRUE,↓,16:48:30
4146M,古賀,FALSE,16:50:00,16:50:30
4146M,千鳥,TRUE,↓,16:52:00
4146M,福間,FALSE,16:54:15,16:54:45
4146M,東福間,FALSE,16:57:30,16:58:00
4146M,東郷,FALSE,17:01:15,17:01:45
4146M,赤間,FALSE,17:05:00,17:05:30
4146M,教育大前,FALSE,17:07:45,17:08:15
4146M,海老津,FALSE,17:12:30,17:13:00
4146M,遠賀川,FALSE,17:17:15,17:17:45
4146M,水巻,FALSE,17:19:30,17:20:00
4146M,折尾[5],FALSE,17:22:45,17:23:15
4146M,陣原,FALSE,17:26:00,17:26:30
4146M,黒崎,FALSE,17:29:15,17:29:45
4146M,八幡,FALSE,17:32:00,17:36:00
4146M,スペースワールド,FALSE,17:38:15,17:38:45
4146M,枝光,FALSE,17:40:00,17:40:30
4146M,戸畑,FALSE,17:42:45,17:43:15
4146M,九州工大前,FALSE,17:45:00,17:45:30
4146M,西小倉[5],FALSE,17:48:45,17:49:15
4146M,小倉[8],FALSE,17:50:30,
2234M,遠賀川,FALSE,,19:30:00
2234M,水巻,FALSE,19:34:15,19:34:45
2234M,折尾[4],FALSE,19:37:00,19:44:00
2234M,陣原,FALSE,19:48:45,19:49:15
2234M,黒崎,FALSE,19:52:00,19:52:30
2234M,八幡,FALSE,19:56:15,19:56:45
2234M,スペースワールド,FALSE,19:59:00,20:04:00
2234M,枝光,FALSE,20:06:15,20:06:45
2234M,戸畑,FALSE,20:09:00,20:09:30
2234M,九州工大前,FALSE,20:12:15,20:12:45
2234M,西小倉[5],FALSE,20:16:30,20:17:00
2234M,小倉[6],FALSE,20:19:45,
4154M,羽犬塚,FALSE,,18:31:00
4154M,西牟田,FALSE,18:34:45,18:35:15
4154M,荒木,FALSE,18:38:00,18:38:30
4154M,久留米[4],FALSE,18:43:15,18:43:45
4154M,肥前旭,FALSE,18:46:30,18:47:00
4154M,鳥栖[1],FALSE,18:51:15,18:51:45
4154M,田代,TRUE,↓,18:53:45
4154M,弥生が丘,TRUE,↓,18:55:00
4154M,基山,FALSE,18:56:00,18:56:30
4154M,けやき台,TRUE,↓,18:58:00
4154M,原田,FALSE,19:00:15,19:03:15
4154M,天拝山,TRUE,↓,19:05:45
4154M,二日市,FALSE,19:08:30,19:09:00
4154M,都府楼南,TRUE,↓,19:10:15
4154M,大宰府（信）,TRUE,↓,19:10:45
4154M,水城,TRUE,↓,19:11:45
4154M,大野城,FALSE,19:13:15,19:13:45
4154M,春日,TRUE,↓,19:15:15
4154M,南福岡,FALSE,19:17:30,19:18:00
4154M,笹原,TRUE,↓,19:19:45
4154M,竹下,TRUE,↓,19:21:15
4154M,博多[1],FALSE,19:24:15,19:28:15
4154M,吉塚,FALSE,19:31:30,19:32:00
4154M,箱崎,TRUE,↓,19:33:30
4154M,千早（操）,TRUE,↓,19:36:00
4154M,千早,FALSE,19:36:45,19:37:15
4154M,香椎,FALSE,19:39:00,19:39:30
4154M,九産大前,TRUE,↓,19:41:30
4154M,福工大前,FALSE,19:44:15,19:44:45
4154M,新宮中央,TRUE,↓,19:46:15
4154M,ししぶ,TRUE,↓,19:47:00
4154M,古賀,FALSE,19:49:00,19:53:00
4154M,千鳥,TRUE,↓,19:54:30
4154M,福間,FALSE,19:57:15,19:57:45
4154M,東福間,FALSE,20:00:30,20:01:00
4154M,東郷,FALSE,20:04:15,20:04:45
4154M,赤間,FALSE,20:07:30,20:08:00
4154M,教育大前,FALSE,20:10:45,20:11:15
4154M,海老津,FALSE,20:15:30,20:16:00
4154M,遠賀川,FALSE,20:20:15,20:20:45
4154M,水巻,FALSE,20:23:00,20:23:30
4154M,折尾[5],FALSE,20:26:15,20:26:45
4154M,陣原,FALSE,20:30:00,20:30:30
4154M,黒崎,FALSE,20:32:45,20:33:15
4154M,八幡,FALSE,20:36:00,20:36:30
4154M,スペースワールド,FALSE,20:38:15,20:42:15
4154M,枝光,FALSE,20:44:00,20:44:30
4154M,戸畑,FALSE,20:46:45,20:47:15
4154M,九州工大前,FALSE,20:49:30,20:50:00
4154M,西小倉[5],FALSE,20:53:15,20:53:45
4154M,小倉[6],FALSE,20:55:30,
4156M,鳥栖[4],FALSE,,19:58:00
4156M,田代,TRUE,↓,20:00:00
4156M,弥生が丘,TRUE,↓,20:01:15
4156M,基山,FALSE,20:03:15,20:03:45
4156M,けやき台,TRUE,↓,20:05:15
4156M,原田,FALSE,20:06:30,20:07:00
4156M,天拝山,TRUE,↓,20:09:30
4156M,二日市,FALSE,20:11:45,20:12:15
4156M,都府楼南,TRUE,↓,20:13:30
4156M,大宰府（信）,TRUE,↓,20:14:00
4156M,水城,TRUE,↓,20:15:00
4156M,大野城,FALSE,20:16:00,20:16:30
4156M,春日,TRUE,↓,20:18:00
4156M,南福岡,FALSE,20:19:45,20:20:15
4156M,笹原,TRUE,↓,20:22:00
4156M,竹下,TRUE,↓,20:23:30
4156M,博多[1],FALSE,20:27:30,20:28:00
4156M,吉塚,FALSE,20:31:45,20:32:15
4156M,箱崎,TRUE,↓,20:33:45
4156M,千早（操）,TRUE,↓,20:36:15
4156M,千早,FALSE,20:37:00,20:37:30
4156M,香椎,FALSE,20:39:45,20:40:15
4156M,九産大前,TRUE,↓,20:42:15
4156M,福工大前,FALSE,20:44:30,20:45:00
4156M,新宮中央,TRUE,↓,20:46:30
4156M,ししぶ,TRUE,↓,20:47:15
4156M,古賀,FALSE,20:50:15,20:54:15
4156M,千鳥,TRUE,↓,20:55:45
4156M,福間,FALSE,20:58:30,20:59:00
4156M,東福間,FALSE,21:01:45,21:02:15
4156M,東郷,FALSE,21:05:00,21:05:30
4156M,赤間,FALSE,21:09:15,21:13:15
4156M,教育大前,FALSE,21:16:00,21:16:30
4156M,海老津,FALSE,21:20:45,21:21:15
4156M,遠賀川,FALSE,21:25:30,21:26:00
4156M,水巻,FALSE,21:28:45,21:29:15
4156M,折尾[5],FALSE,21:31:30,21:32:00
4156M,陣原,FALSE,21:35:45,21:36:15
4156M,黒崎,FALSE,21:38:00,21:38:30
4156M,八幡,FALSE,21:41:45,21:42:15
4156M,スペースワールド,FALSE,21:44:00,21:47:00
4156M,枝光,FALSE,21:49:15,21:49:45
4156M,戸畑,FALSE,21:51:30,21:52:00
4156M,九州工大前,FALSE,21:54:15,21:54:45
4156M,西小倉[5],FALSE,21:58:00,21:58:30
4156M,小倉[6],FALSE,22:00:45,
138M,鳥栖[4],FALSE,,19:43:00
138M,田代,FALSE,19:45:45,19:46:15
138M,弥生が丘,FALSE,19:48:30,19:49:00
138M,基山,FALSE,19:51:15,19:51:45
138M,けやき台,FALSE,19:53:30,19:54:00
138M,原田,FALSE,19:56:45,19:57:15
138M,天拝山,FALSE,20:00:00,20:00:30
138M,二日市,FALSE,20:03:15,20:14:15
138M,都府楼南,FALSE,20:16:00,20:16:30
138M,大宰府（信）,TRUE,↓,20:17:00
138M,水城,FALSE,20:18:45,20:19:15
138M,大野城,FALSE,20:21:00,20:21:30
138M,春日,FALSE,20:23:45,20:24:15
138M,南福岡,FALSE,20:26:00,20:31:00
138M,笹原,FALSE,20:33:45,20:34:15
138M,竹下,FALSE,20:37:00,20:37:30
138M,博多[4],FALSE,20:41:15,20:43:15
138M,吉塚,FALSE,20:46:30,20:47:00
138M,箱崎,FALSE,20:49:15,20:49:45
138M,千早（操）,TRUE,↓,20:52:15
138M,千早,FALSE,20:53:30,20:54:00
138M,香椎,FALSE,20:56:45,20:57:15
138M,九産大前,FALSE,20:59:00,20:59:30
138M,福工大前,FALSE,21:03:15,21:08:15
138M,新宮中央,FALSE,21:10:00,21:10:30
138M,ししぶ,FALSE,21:12:45,21:13:15
138M,古賀,FALSE,21:15:00,21:19:00
138M,千鳥,FALSE,21:22:15,21:22:45
138M,福間,FALSE,21:24:30,21:25:00
138M,東福間,FALSE,21:28:15,21:28:45
138M,東郷,FALSE,21:32:00,21:32:30
138M,赤間,FALSE,21:36:15,21:36:45
138M,教育大前,FALSE,21:39:00,21:39:30
138M,海老津,FALSE,21:44:15,21:44:45
138M,遠賀川,FALSE,21:48:30,21:49:00
138M,水巻,FALSE,21:51:45,21:52:15
138M,折尾[5],FALSE,21:55:00,21:55:30
138M,陣原,FALSE,21:58:45,21:59:15
138M,黒崎,FALSE,22:01:30,22:02:00
138M,八幡,FALSE,22:05:15,22:05:45
138M,スペースワールド,FALSE,22:07:00,22:07:30
138M,枝光,FALSE,22:09:15,22:09:45
138M,戸畑,FALSE,22:11:30,22:12:00
138M,九州工大前,FALSE,22:14:15,22:14:45
138M,西小倉[5],FALSE,22:17:30,22:18:00
138M,小倉[7],FALSE,22:20:45,
2366M,久留米[1],FALSE,,20:35:00
2366M,肥前旭,FALSE,20:39:15,20:39:45
2366M,鳥栖[1],FALSE,20:43:30,20:44:00
2366M,田代,FALSE,20:45:45,20:46:15
2366M,弥生が丘,FALSE,20:48:30,20:49:00
2366M,基山,FALSE,20:51:15,20:51:45
2366M,けやき台,FALSE,20:53:30,20:54:00
2366M,原田,FALSE,20:56:45,20:57:15
2366M,天拝山,FALSE,21:00:00,21:00:30
2366M,二日市,FALSE,21:03:15,21:07:15
2366M,都府楼南,FALSE,21:09:30,21:10:00
2366M,大宰府（信）,TRUE,↓,21:10:30
2366M,水城,FALSE,21:12:15,21:12:45
2366M,大野城,FALSE,21:14:30,21:15:00
2366M,春日,FALSE,21:16:45,21:17:15
2366M,南福岡,FALSE,21:19:30,21:20:00
2366M,笹原,FALSE,21:22:15,21:22:45
2366M,竹下,FALSE,21:25:00,21:25:30
2366M,博多[1],FALSE,21:29:15,21:32:15
2366M,吉塚,FALSE,21:35:00,21:35:30
2366M,箱崎,FALSE,21:37:15,21:37:45
2366M,千早（操）,TRUE,↓,21:40:15
2366M,千早,FALSE,21:41:00,21:41:30
2366M,香椎,FALSE,21:43:45,21:44:15
2366M,九産大前,FALSE,21:46:30,21:47:00
2366M,福工大前,FALSE,21:50:15,21:56:15
2366M,新宮中央,FALSE,21:58:30,21:59:00
2366M,ししぶ,FALSE,22:01:15,22:01:45
2366M,古賀,FALSE,22:03:30,22:04:00
2366M,千鳥,FALSE,22:06:15,22:06:45
2366M,福間,FALSE,22:08:30,22:09:00
2366M,東福間,FALSE,22:12:15,22:12:45
2366M,東郷,FALSE,22:15:30,22:16:00
2366M,赤間,FALSE,22:19:45,22:20:15
2366M,教育大前,FALSE,22:22:30,22:23:00
2366M,海老津,FALSE,22:27:15,22:27:45
2366M,遠賀川,FALSE,22:31:30,22:32:00
2366M,水巻,FALSE,22:34:45,22:35:15
2366M,折尾[4],FALSE,22:38:00,22:44:00
2366M,陣原,FALSE,22:47:15,22:47:45
2366M,黒崎,FALSE,22:49:30,22:50:00
2366M,八幡,FALSE,22:53:15,22:53:45
2366M,スペースワールド,FALSE,22:55:00,22:55:30
2366M,枝光,FALSE,22:57:15,22:57:45
2366M,戸畑,FALSE,23:00:00,23:00:30
2366M,九州工大前,FALSE,23:02:45,23:03:15
2366M,西小倉[5],FALSE,23:06:00,23:06:30
2366M,小倉[6],FALSE,23:08:45,
2182M,南福岡,FALSE,,23:18:00
2182M,笹原,FALSE,23:20:45,23:21:15
2182M,竹下,FALSE,23:23:30,23:24:00
2182M,博多[6],FALSE,23:28:15,23:30:15
2182M,吉塚,FALSE,23:32:30,23:33:00
2182M,箱崎,FALSE,23:35:15,23:35:45
2182M,千早（操）,TRUE,↓,23:38:15
2182M,千早,FALSE,23:39:00,23:39:30
2182M,香椎,FALSE,23:41:45,23:42:15
2182M,九産大前,FALSE,23:44:00,23:44:30
2182M,福工大前,FALSE,23:47:45,23:48:15
2182M,新宮中央,FALSE,23:50:00,23:50:30
2182M,ししぶ,FALSE,23:52:45,23:53:15
2182M,古賀,FALSE,23:55:00,23:58:00
2182M,千鳥,FALSE,24:00:00:45,0:01:15
2182M,福間,FALSE,0:03:00,0:03:30
2182M,東福間,FALSE,0:06:15,0:06:45
2182M,東郷,FALSE,0:09:30,0:10:00
2182M,赤間,FALSE,0:13:45,0:14:15
2182M,教育大前,FALSE,0:16:00,0:16:30
2182M,海老津,FALSE,0:21:15,0:21:45
2182M,遠賀川,FALSE,0:25:30,0:26:00
2182M,水巻,FALSE,0:28:15,0:28:45
2182M,折尾[4],FALSE,0:31:30,
2327M,折尾[4],FALSE,,6:36:00
2327M,水巻,FALSE,6:38:45,6:39:15
2327M,遠賀川,FALSE,6:41:30,6:42:00
2327M,海老津,FALSE,6:46:15,6:46:45
2327M,教育大前,FALSE,6:51:00,6:51:30
2327M,赤間,FALSE,6:54:15,6:59:15
2327M,東郷,FALSE,7:03:30,7:04:00
2327M,東福間,FALSE,7:07:15,7:07:45
2327M,福間,FALSE,7:11:00,7:11:30
2327M,千鳥,FALSE,7:14:15,7:14:45
2327M,古賀,FALSE,7:16:30,7:17:00
2327M,ししぶ,FALSE,7:18:45,7:19:15
2327M,新宮中央,FALSE,7:21:00,7:21:30
2327M,福工大前,FALSE,7:23:15,7:27:15
2327M,九産大前,FALSE,7:30:00,7:30:30
2327M,香椎,FALSE,7:32:45,7:33:15
2327M,千早,FALSE,7:35:30,7:36:00
2327M,千早（操）,TRUE,↓,7:38:30
2327M,箱崎,FALSE,7:40:45,7:41:15
2327M,吉塚,FALSE,7:43:30,7:44:00
2327M,博多[6],FALSE,7:48:15,7:59:15
2327M,竹下,FALSE,8:02:00,8:02:30
2327M,笹原,FALSE,8:05:15,8:05:45
2327M,南福岡,FALSE,8:07:30,8:08:00
2327M,春日,FALSE,8:10:45,8:11:15
2327M,大野城,FALSE,8:13:00,8:13:30
2327M,水城,FALSE,8:15:45,8:16:15
2327M,大宰府（信）,TRUE,↓,8:16:45
2327M,都府楼南,FALSE,8:18:30,8:19:00
2327M,二日市,FALSE,8:20:45,8:21:15
2327M,天拝山,FALSE,8:23:30,8:24:00
2327M,原田,FALSE,8:27:15,8:27:45
2327M,けやき台,FALSE,8:30:00,8:30:30
2327M,基山,FALSE,8:33:15,8:37:15
2327M,弥生が丘,FALSE,8:40:00,8:40:30
2327M,田代,FALSE,8:42:45,8:43:15
2327M,鳥栖[6],FALSE,8:45:30,8:46:00
2327M,肥前旭,FALSE,8:49:45,8:50:15
2327M,久留米[1],FALSE,8:53:30,
2139M,折尾[4],FALSE,,10:02:00
2139M,水巻,FALSE,10:04:45,10:05:15
2139M,遠賀川,FALSE,10:07:30,10:08:00
2139M,海老津,FALSE,10:12:15,10:12:45
2139M,教育大前,FALSE,10:17:00,10:17:30
2139M,赤間,FALSE,10:19:45,10:20:15
2139M,東郷,FALSE,10:23:30,10:24:00
2139M,東福間,FALSE,10:27:15,10:27:45
2139M,福間,FALSE,10:30:00,10:30:30
2139M,千鳥,FALSE,10:32:45,10:33:15
2139M,古賀,FALSE,10:36:00,10:39:00
2139M,ししぶ,FALSE,10:41:15,10:41:45
2139M,新宮中央,FALSE,10:43:30,10:44:00
2139M,福工大前,FALSE,10:46:45,10:47:15
2139M,九産大前,FALSE,10:49:30,10:50:00
2139M,香椎,FALSE,10:52:15,10:52:45
2139M,千早,FALSE,10:54:30,10:55:00
2139M,千早（操）,TRUE,↓,10:57:30
2139M,箱崎,FALSE,10:59:45,11:00:15
2139M,吉塚,FALSE,11:02:00,11:02:30
2139M,博多[6],FALSE,11:05:45,11:06:15
2139M,竹下,FALSE,11:09:30,11:10:00
2139M,笹原,FALSE,11:12:45,11:13:15
2139M,南福岡,FALSE,11:15:30,11:16:00
2139M,春日,FALSE,11:18:15,11:18:45
2139M,大野城,FALSE,11:20:30,11:21:00
2139M,水城,FALSE,11:23:15,11:23:45
2139M,大宰府（信）,TRUE,↓,11:24:15
2139M,都府楼南,FALSE,11:26:00,11:26:30
2139M,二日市,FALSE,11:28:45,
2143M,折尾[4],FALSE,,10:58:00
2143M,水巻,FALSE,11:01:15,11:01:45
2143M,遠賀川,FALSE,11:04:00,11:08:00
2143M,海老津,FALSE,11:13:15,11:13:45
2143M,教育大前,FALSE,11:18:00,11:18:30
2143M,赤間,FALSE,11:20:45,11:21:15
2143M,東郷,FALSE,11:24:30,11:25:00
2143M,東福間,FALSE,11:28:15,11:28:45
2143M,福間,FALSE,11:31:00,11:38:00
2143M,千鳥,FALSE,11:40:45,11:41:15
2143M,古賀,FALSE,11:43:30,11:44:00
2143M,ししぶ,FALSE,11:45:45,11:46:15
2143M,新宮中央,FALSE,11:48:00,11:48:30
2143M,福工大前,FALSE,11:50:45,11:51:15
2143M,九産大前,FALSE,11:53:30,11:54:00
2143M,香椎,FALSE,11:56:15,11:56:45
2143M,千早,FALSE,11:58:30,11:59:00
2143M,千早（操）,TRUE,↓,12:01:30
2143M,箱崎,FALSE,12:02:45,12:03:15
2143M,吉塚,FALSE,12:04:30,12:05:00
2143M,博多[6],FALSE,12:07:15,12:09:15
2143M,竹下,FALSE,12:12:00,12:12:30
2143M,笹原,FALSE,12:15:15,12:15:45
2143M,南福岡,FALSE,12:18:00,12:20:00
2143M,春日,FALSE,12:22:45,12:23:15
2143M,大野城,FALSE,12:25:00,12:25:30
2143M,水城,FALSE,12:27:45,12:28:15
2143M,大宰府（信）,TRUE,↓,12:28:45
2143M,都府楼南,FALSE,12:30:00,12:30:30
2143M,二日市,FALSE,12:33:45,
2147M,折尾[4],FALSE,,11:58:00
2147M,水巻,FALSE,12:01:15,12:01:45
2147M,遠賀川,FALSE,12:04:00,12:04:30
2147M,海老津,FALSE,12:09:15,12:09:45
2147M,教育大前,FALSE,12:14:00,12:14:30
2147M,赤間,FALSE,12:16:45,12:17:15
2147M,東郷,FALSE,12:21:00,12:21:30
2147M,東福間,FALSE,12:25:15,12:25:45
2147M,福間,FALSE,12:29:00,12:38:00
2147M,千鳥,FALSE,12:40:45,12:41:15
2147M,古賀,FALSE,12:43:30,12:44:00
2147M,ししぶ,FALSE,12:46:15,12:46:45
2147M,新宮中央,FALSE,12:48:00,12:48:30
2147M,福工大前,FALSE,12:51:15,12:51:45
2147M,九産大前,FALSE,12:54:30,12:55:00
2147M,香椎,FALSE,12:57:15,12:57:45
2147M,千早,FALSE,12:59:00,12:59:30
2147M,千早（操）,TRUE,↓,13:02:00
2147M,箱崎,FALSE,13:03:45,13:04:15
2147M,吉塚,FALSE,13:05:30,13:06:00
2147M,博多[5],FALSE,13:09:15,13:13:15
2147M,竹下,FALSE,13:17:00,13:21:00
2147M,笹原,FALSE,13:24:15,13:24:45
2147M,南福岡,FALSE,13:26:30,13:27:00
2147M,春日,FALSE,13:29:15,13:29:45
2147M,大野城,FALSE,13:31:30,13:32:00
2147M,水城,FALSE,13:34:15,13:34:45
2147M,大宰府（信）,TRUE,↓,13:35:15
2147M,都府楼南,FALSE,13:36:30,13:37:00
2147M,二日市,FALSE,13:39:45,
2151M,折尾[4],FALSE,,12:58:00
2151M,水巻,FALSE,13:01:15,13:01:45
2151M,遠賀川,FALSE,13:04:00,13:04:30
2151M,海老津,FALSE,13:09:15,13:09:45
2151M,教育大前,FALSE,13:14:00,13:14:30
2151M,赤間,FALSE,13:16:45,13:17:15
2151M,東郷,FALSE,13:21:00,13:21:30
2151M,東福間,FALSE,13:25:15,13:25:45
2151M,福間,FALSE,13:29:00,13:38:00
2151M,千鳥,FALSE,13:40:15,13:40:45
2151M,古賀,FALSE,13:42:30,13:43:00
2151M,ししぶ,FALSE,13:45:15,13:45:45
2151M,新宮中央,FALSE,13:47:00,13:47:30
2151M,福工大前,FALSE,13:49:45,13:50:15
2151M,九産大前,FALSE,13:53:00,13:53:30
2151M,香椎,FALSE,13:55:45,13:56:15
2151M,千早,FALSE,13:58:00,13:58:30
2151M,千早（操）,TRUE,↓,14:01:00
2151M,箱崎,FALSE,14:02:45,14:03:15
2151M,吉塚,FALSE,14:05:30,14:06:00
2151M,博多[5],FALSE,14:09:15,14:13:15
2151M,竹下,FALSE,14:17:00,14:17:30
2151M,笹原,FALSE,14:20:15,14:20:45
2151M,南福岡,FALSE,14:23:00,14:27:00
2151M,春日,FALSE,14:29:15,14:29:45
2151M,大野城,FALSE,14:31:30,14:32:00
2151M,水城,FALSE,14:34:15,14:34:45
2151M,大宰府（信）,TRUE,↓,14:35:15
2151M,都府楼南,FALSE,14:36:30,14:37:00
2151M,二日市,FALSE,14:39:45,
2155M,折尾[4],FALSE,,13:58:00
2155M,水巻,FALSE,14:01:15,14:01:45
2155M,遠賀川,FALSE,14:04:00,14:04:30
2155M,海老津,FALSE,14:09:15,14:09:45
2155M,教育大前,FALSE,14:14:00,14:14:30
2155M,赤間,FALSE,14:16:45,14:17:15
2155M,東郷,FALSE,14:21:00,14:21:30
2155M,東福間,FALSE,14:25:15,14:25:45
2155M,福間,FALSE,14:29:00,14:38:00
2155M,千鳥,FALSE,14:40:15,14:40:45
2155M,古賀,FALSE,14:42:30,14:43:00
2155M,ししぶ,FALSE,14:45:15,14:45:45
2155M,新宮中央,FALSE,14:47:00,14:47:30
2155M,福工大前,FALSE,14:49:45,14:50:15
2155M,九産大前,FALSE,14:53:00,14:53:30
2155M,香椎,FALSE,14:55:45,14:56:15
2155M,千早,FALSE,14:58:00,14:58:30
2155M,千早（操）,TRUE,↓,15:01:00
2155M,箱崎,FALSE,15:02:45,15:03:15
2155M,吉塚,FALSE,15:05:30,15:06:00
2155M,博多[5],FALSE,15:09:15,15:13:15
2155M,竹下,FALSE,15:17:00,15:17:30
2155M,笹原,FALSE,15:20:15,15:20:45
2155M,南福岡,FALSE,15:22:30,15:23:00
2155M,春日,FALSE,15:25:15,15:25:45
2155M,大野城,FALSE,15:28:00,15:28:30
2155M,水城,FALSE,15:30:45,15:31:15
2155M,大宰府（信）,TRUE,↓,15:31:45
2155M,都府楼南,FALSE,15:33:00,15:33:30
2155M,二日市,FALSE,15:36:45,
2161M,折尾[4],FALSE,,14:57:00
2161M,水巻,FALSE,14:59:45,15:00:15
2161M,遠賀川,FALSE,15:02:00,15:06:00
2161M,海老津,FALSE,15:11:45,15:12:15
2161M,教育大前,FALSE,15:16:00,15:16:30
2161M,赤間,FALSE,15:18:45,15:19:15
2161M,東郷,FALSE,15:23:00,15:23:30
2161M,東福間,FALSE,15:26:45,15:27:15
2161M,福間,FALSE,15:30:00,15:38:00
2161M,千鳥,FALSE,15:40:45,15:41:15
2161M,古賀,FALSE,15:43:30,15:44:00
2161M,ししぶ,FALSE,15:46:15,15:46:45
2161M,新宮中央,FALSE,15:48:00,15:48:30
2161M,福工大前,FALSE,15:51:15,15:51:45
2161M,九産大前,FALSE,15:54:30,15:55:00
2161M,香椎,FALSE,15:57:15,15:57:45
2161M,千早,FALSE,15:59:00,15:59:30
2161M,千早（操）,TRUE,↓,16:02:00
2161M,箱崎,FALSE,16:03:15,16:03:45
2161M,吉塚,FALSE,16:05:30,16:06:00
2161M,博多[6],FALSE,16:08:45,
2343M,折尾[4],FALSE,,15:58:00
2343M,水巻,FALSE,16:00:45,16:01:15
2343M,遠賀川,FALSE,16:03:00,16:03:30
2343M,海老津,FALSE,16:08:15,16:08:45
2343M,教育大前,FALSE,16:12:30,16:13:00
2343M,赤間,FALSE,16:15:15,16:19:15
2343M,東郷,FALSE,16:23:00,16:23:30
2343M,東福間,FALSE,16:26:45,16:27:15
2343M,福間,FALSE,16:30:00,16:38:00
2343M,千鳥,FALSE,16:40:45,16:41:15
2343M,古賀,FALSE,16:43:00,16:43:30
2343M,ししぶ,FALSE,16:45:45,16:46:15
2343M,新宮中央,FALSE,16:48:00,16:48:30
2343M,福工大前,FALSE,16:50:45,16:51:15
2343M,九産大前,FALSE,16:54:00,16:54:30
2343M,香椎,FALSE,16:57:15,16:57:45
2343M,千早,FALSE,16:59:30,17:00:00
2343M,千早（操）,TRUE,↓,17:02:30
2343M,箱崎,FALSE,17:04:15,17:04:45
2343M,吉塚,FALSE,17:06:30,17:07:00
2343M,博多[7],FALSE,17:10:15,17:12:15
2343M,竹下,FALSE,17:15:30,17:16:00
2343M,笹原,FALSE,17:18:45,17:19:15
2343M,南福岡,FALSE,17:21:00,17:29:00
2343M,春日,FALSE,17:31:15,17:31:45
2343M,大野城,FALSE,17:34:00,17:34:30
2343M,水城,FALSE,17:36:45,17:37:15
2343M,大宰府（信）,TRUE,↓,17:37:45
2343M,都府楼南,FALSE,17:39:30,17:40:00
2343M,二日市,FALSE,17:42:15,17:47:15
2343M,天拝山,FALSE,17:49:30,17:50:00
2343M,原田,FALSE,17:53:45,17:54:15
2343M,けやき台,FALSE,17:56:00,17:56:30
2343M,基山,FALSE,17:58:45,17:59:15
2343M,弥生が丘,FALSE,18:01:30,18:02:00
2343M,田代,FALSE,18:04:45,18:05:15
2343M,鳥栖[5],FALSE,18:07:00,18:07:30
2343M,肥前旭,FALSE,18:11:45,18:12:15
2343M,久留米[3],FALSE,18:15:00,18:17:00
2343M,荒木,FALSE,18:22:45,
2345M,折尾[4],FALSE,,16:39:00
2345M,水巻,FALSE,16:41:45,16:42:15
2345M,遠賀川,FALSE,16:44:30,16:45:00
2345M,海老津,FALSE,16:49:15,16:49:45
2345M,教育大前,FALSE,16:54:00,16:54:30
2345M,赤間,FALSE,16:56:45,16:57:15
2345M,東郷,FALSE,17:00:30,17:01:00
2345M,東福間,FALSE,17:04:15,17:04:45
2345M,福間,FALSE,17:07:00,17:07:30
2345M,千鳥,FALSE,17:10:15,17:10:45
2345M,古賀,FALSE,17:13:00,17:17:00
2345M,ししぶ,FALSE,17:19:15,17:19:45
2345M,新宮中央,FALSE,17:21:30,17:22:00
2345M,福工大前,FALSE,17:24:15,17:24:45
2345M,九産大前,FALSE,17:27:30,17:28:00
2345M,香椎,FALSE,17:30:45,17:31:15
2345M,千早,FALSE,17:33:00,17:33:30
2345M,千早（操）,TRUE,↓,17:36:00
2345M,箱崎,FALSE,17:37:45,17:38:15
2345M,吉塚,FALSE,17:40:00,17:40:30
2345M,博多[5],FALSE,17:43:15,17:45:15
2345M,竹下,FALSE,17:48:30,17:49:00
2345M,笹原,FALSE,17:51:45,17:52:15
2345M,南福岡,FALSE,17:54:30,17:55:00
2345M,春日,FALSE,17:56:45,17:57:15
2345M,大野城,FALSE,17:59:00,17:59:30
2345M,水城,FALSE,18:01:45,18:02:15
2345M,大宰府（信）,TRUE,↓,18:02:45
2345M,都府楼南,FALSE,18:04:30,18:05:00
2345M,二日市,FALSE,18:06:45,18:07:15
2345M,天拝山,FALSE,18:09:00,18:09:30
2345M,原田,FALSE,18:13:15,18:16:15
2345M,けやき台,FALSE,18:18:30,18:19:00
2345M,基山,FALSE,18:21:15,18:21:45
2345M,弥生が丘,FALSE,18:24:00,18:24:30
2345M,田代,FALSE,18:27:15,18:27:45
2345M,鳥栖[5],FALSE,18:29:30,18:30:00
2345M,肥前旭,FALSE,18:34:15,18:34:45
2345M,久留米[3],FALSE,18:37:00,18:43:00
2345M,荒木,FALSE,18:47:45,18:48:15
2345M,西牟田,FALSE,18:51:00,18:51:30
2345M,羽犬塚,FALSE,18:55:15,18:55:45
2345M,筑後船小屋,FALSE,18:58:30,18:59:00
2345M,瀬高,FALSE,19:01:45,19:02:15
2345M,南瀬高,FALSE,19:05:00,19:05:30
2345M,渡瀬,FALSE,19:08:45,19:09:15
2345M,吉野,FALSE,19:12:00,19:12:30
2345M,銀水,FALSE,19:15:15,19:15:45
2345M,大牟田,FALSE,19:19:30,
2120M,博多[1],FALSE,,6:23:00
2120M,吉塚,FALSE,6:26:15,6:26:45
2120M,箱崎,FALSE,6:28:30,6:29:00
2120M,千早（操）,TRUE,↓,6:31:30
2120M,千早,FALSE,6:33:15,6:33:45
2120M,香椎,FALSE,6:35:30,6:36:00
2120M,九産大前,FALSE,6:38:45,6:39:15
2120M,福工大前,FALSE,6:42:00,6:42:30
2120M,新宮中央,FALSE,6:45:15,6:45:45
2120M,ししぶ,FALSE,6:47:30,6:48:00
2120M,古賀,FALSE,6:50:15,6:50:45
2120M,千鳥,FALSE,6:53:00,6:53:30
2120M,福間,FALSE,6:56:15,6:56:45
2120M,東福間,FALSE,6:59:30,7:00:00
2120M,東郷,FALSE,7:03:45,7:04:15
2120M,赤間,FALSE,7:07:30,7:08:00
2120M,教育大前,FALSE,7:10:45,7:11:15
2120M,海老津,FALSE,7:16:30,
2122M,南福岡,FALSE,,6:23:00
2122M,笹原,FALSE,6:26:15,6:26:45
2122M,竹下,FALSE,6:29:00,6:29:30
2122M,博多[1],FALSE,6:33:15,6:40:15
2122M,吉塚,FALSE,6:43:00,6:43:30
2122M,箱崎,FALSE,6:45:45,6:46:15
2122M,千早（操）,TRUE,↓,6:48:45
2122M,千早,FALSE,6:50:00,6:50:30
2122M,香椎,FALSE,6:53:15,6:53:45
2122M,九産大前,FALSE,6:56:00,6:56:30
2122M,福工大前,FALSE,7:00:15,7:00:45
2122M,新宮中央,FALSE,7:03:00,7:03:30
2122M,ししぶ,FALSE,7:05:15,7:05:45
2122M,古賀,FALSE,7:07:30,7:08:00
2122M,千鳥,FALSE,7:10:15,7:10:45
2122M,福間,FALSE,7:12:30,7:13:00
2122M,東福間,FALSE,7:16:15,7:16:45
2122M,東郷,FALSE,7:20:00,7:20:30
2122M,赤間,FALSE,7:24:15,7:30:15
2122M,教育大前,FALSE,7:32:30,7:33:00
2122M,海老津,FALSE,7:38:45,
3220M,博多[1],FALSE,,7:46:00
3220M,吉塚,FALSE,7:48:45,7:49:15
3220M,箱崎,TRUE,↓,7:50:45
3220M,千早（操）,TRUE,↓,7:53:15
3220M,千早,FALSE,7:53:00,7:53:30
3220M,香椎,FALSE,7:55:45,7:56:15
3220M,九産大前,TRUE,↓,7:58:15
3220M,福工大前,FALSE,8:00:30,8:01:00
3220M,新宮中央,TRUE,↓,8:02:30
3220M,ししぶ,TRUE,↓,8:03:15
3220M,古賀,FALSE,8:05:45,8:06:15
3220M,千鳥,TRUE,↓,8:07:45
3220M,福間,FALSE,8:09:30,8:10:00
3220M,東福間,TRUE,↓,8:12:00
3220M,東郷,FALSE,8:15:15,8:15:45
3220M,赤間,FALSE,8:18:30,8:19:00
3220M,教育大前,TRUE,↓,8:20:45
3220M,海老津,FALSE,8:24:45,8:25:15
3220M,遠賀川,TRUE,↓,8:28:30
3220M,水巻,TRUE,↓,8:29:45
3220M,折尾[5],FALSE,8:32:00,8:32:30
3220M,陣原,TRUE,↓,8:35:00
3220M,黒崎,FALSE,8:37:45,8:38:15
3220M,八幡,FALSE,8:41:00,8:41:30
3220M,スペースワールド,TRUE,↓,8:42:30
3220M,枝光,TRUE,↓,8:43:15
3220M,戸畑,FALSE,8:45:15,8:45:45
3220M,九州工大前,TRUE,↓,8:47:15
3220M,西小倉[5],FALSE,8:50:00,8:50:30
3220M,小倉[6],FALSE,8:53:45,
4224M,羽犬塚,FALSE,,8:55:00
4224M,西牟田,TRUE,↓,8:58:00
4224M,荒木,FALSE,9:01:15,9:01:45
4224M,久留米[4],FALSE,9:06:00,9:06:30
4224M,肥前旭,TRUE,↓,9:09:15
4224M,鳥栖[1],FALSE,9:13:45,9:14:15
4224M,田代,TRUE,↓,9:16:15
4224M,弥生が丘,TRUE,↓,9:17:30
4224M,基山,FALSE,9:19:00,9:19:30
4224M,けやき台,TRUE,↓,9:21:00
4224M,原田,FALSE,9:23:15,9:23:45
4224M,天拝山,TRUE,↓,9:26:15
4224M,二日市,FALSE,9:28:30,9:29:00
4224M,都府楼南,TRUE,↓,9:30:15
4224M,大宰府（信）,TRUE,↓,9:30:45
4224M,水城,TRUE,↓,9:31:45
4224M,大野城,FALSE,9:34:15,9:34:45
4224M,春日,TRUE,↓,9:36:15
4224M,南福岡,FALSE,9:38:30,9:39:00
4224M,笹原,TRUE,↓,9:40:45
4224M,竹下,TRUE,↓,9:42:15
4224M,博多[3],FALSE,9:45:45,9:46:15
4224M,吉塚,FALSE,9:48:30,9:49:00
4224M,箱崎,TRUE,↓,9:50:30
4224M,千早（操）,TRUE,↓,9:53:00
4224M,千早,FALSE,9:53:45,9:54:15
4224M,香椎,FALSE,9:56:00,9:56:30
4224M,九産大前,TRUE,↓,9:58:30
4224M,福工大前,FALSE,10:01:15,10:01:45
4224M,新宮中央,TRUE,↓,10:03:15
4224M,ししぶ,TRUE,↓,10:04:00
4224M,古賀,FALSE,10:05:30,10:06:00
4224M,千鳥,TRUE,↓,10:07:30
4224M,福間,FALSE,10:09:15,10:13:15
4224M,東福間,TRUE,↓,10:15:15
4224M,東郷,FALSE,10:19:00,10:19:30
4224M,赤間,FALSE,10:23:15,10:23:45
4224M,教育大前,TRUE,↓,10:25:30
4224M,海老津,FALSE,10:29:00,10:29:30
4224M,遠賀川,TRUE,↓,10:32:45
4224M,水巻,TRUE,↓,10:34:00
4224M,折尾[5],FALSE,10:36:45,10:37:15
4224M,陣原,TRUE,↓,10:39:45
4224M,黒崎,FALSE,10:41:30,10:42:00
4224M,八幡,FALSE,10:45:15,10:45:45
4224M,スペースワールド,TRUE,↓,10:46:45
4224M,枝光,TRUE,↓,10:47:30
4224M,戸畑,FALSE,10:49:00,10:49:30
4224M,九州工大前,TRUE,↓,10:51:00
4224M,西小倉[5],FALSE,10:54:15,10:54:45
4224M,小倉[7],FALSE,10:56:30,
4130M,羽犬塚,FALSE,,11:39:00
4130M,西牟田,TRUE,↓,11:42:00
4130M,荒木,FALSE,11:46:15,11:46:45
4130M,久留米[4],FALSE,11:51:30,11:52:00
4130M,肥前旭,TRUE,↓,11:54:45
4130M,鳥栖[1],FALSE,11:59:15,11:59:45
4130M,田代,TRUE,↓,12:01:45
4130M,弥生が丘,TRUE,↓,12:03:00
4130M,基山,FALSE,12:04:30,12:05:00
4130M,けやき台,TRUE,↓,12:06:30
4130M,原田,FALSE,12:08:45,12:09:15
4130M,天拝山,TRUE,↓,12:11:45
4130M,二日市,FALSE,12:13:30,12:14:00
4130M,都府楼南,TRUE,↓,12:15:15
4130M,大宰府（信）,TRUE,↓,12:15:45
4130M,水城,TRUE,↓,12:16:45
4130M,大野城,FALSE,12:18:15,12:18:45
4130M,春日,TRUE,↓,12:20:15
4130M,南福岡,FALSE,12:22:00,12:24:00
4130M,笹原,TRUE,↓,12:25:45
4130M,竹下,TRUE,↓,12:27:15
4130M,博多[2],FALSE,12:29:15,12:32:15
4130M,吉塚,FALSE,12:34:30,12:35:00
4130M,箱崎,TRUE,↓,12:36:30
4130M,千早（操）,TRUE,↓,12:39:00
4130M,千早,FALSE,12:39:45,12:40:15
4130M,香椎,FALSE,12:42:30,12:43:00
4130M,九産大前,TRUE,↓,12:45:00
4130M,福工大前,FALSE,12:47:45,12:48:15
4130M,新宮中央,TRUE,↓,12:49:45
4130M,ししぶ,TRUE,↓,12:50:30
4130M,古賀,FALSE,12:52:00,12:52:30
4130M,千鳥,TRUE,↓,12:54:00
4130M,福間,FALSE,12:56:45,12:57:15
4130M,東福間,TRUE,↓,12:59:15
4130M,東郷,FALSE,13:02:00,13:02:30
4130M,赤間,FALSE,13:06:15,13:06:45
4130M,教育大前,TRUE,↓,13:08:30
4130M,海老津,FALSE,13:12:00,13:12:30
4130M,遠賀川,TRUE,↓,13:15:45
4130M,水巻,TRUE,↓,13:17:00
4130M,折尾[5],FALSE,13:20:15,13:20:45
4130M,陣原,FALSE,13:23:30,13:24:00
4130M,黒崎,FALSE,13:26:15,13:26:45
4130M,八幡,FALSE,13:29:30,13:30:00
4130M,スペースワールド,FALSE,13:32:15,13:36:15
4130M,枝光,FALSE,13:38:30,13:39:00
4130M,戸畑,FALSE,13:41:15,13:41:45
4130M,九州工大前,FALSE,13:44:00,13:44:30
4130M,西小倉[5],FALSE,13:47:45,13:48:15
4130M,小倉[8],FALSE,13:50:30,
2162M,二日市,FALSE,,15:55:00
2162M,都府楼南,FALSE,15:57:15,15:57:45
2162M,大宰府（信）,TRUE,↓,15:58:15
2162M,水城,FALSE,15:59:30,16:00:00
2162M,大野城,FALSE,16:02:15,16:02:45
2162M,春日,FALSE,16:04:00,16:04:30
2162M,南福岡,FALSE,16:07:15,16:13:15
2162M,笹原,FALSE,16:15:30,16:16:00
2162M,竹下,FALSE,16:18:45,16:19:15
2162M,博多[1],FALSE,16:22:30,16:23:00
2162M,吉塚,FALSE,16:25:45,16:26:15
2162M,箱崎,FALSE,16:28:00,16:28:30
2162M,千早（操）,TRUE,↓,16:31:00
2162M,千早,FALSE,16:32:15,16:32:45
2162M,香椎,FALSE,16:34:30,16:35:00
2162M,九産大前,FALSE,16:37:45,16:38:15
2162M,福工大前,FALSE,16:42:00,16:48:00
2162M,新宮中央,FALSE,16:50:45,16:51:15
2162M,ししぶ,FALSE,16:53:00,16:53:30
2162M,古賀,FALSE,16:55:15,16:55:45
2162M,千鳥,FALSE,16:58:00,16:58:30
2162M,福間,FALSE,17:00:45,17:01:15
2162M,東福間,FALSE,17:04:00,17:04:30
2162M,東郷,FALSE,17:07:45,17:08:15
2162M,赤間,FALSE,17:11:00,17:11:30
2162M,教育大前,FALSE,17:14:15,17:14:45
2162M,海老津,FALSE,17:19:30,
4226M,鳥栖[4],FALSE,,16:25:00
4226M,田代,TRUE,↓,16:27:00
4226M,弥生が丘,TRUE,↓,16:28:15
4226M,基山,FALSE,16:30:15,16:30:45
4226M,けやき台,TRUE,↓,16:32:15
4226M,原田,FALSE,16:33:30,16:34:00
4226M,天拝山,TRUE,↓,16:36:30
4226M,二日市,FALSE,16:38:45,16:39:15
4226M,都府楼南,TRUE,↓,16:40:30
4226M,大宰府（信）,TRUE,↓,16:41:00
4226M,水城,TRUE,↓,16:42:00
4226M,大野城,FALSE,16:43:00,16:43:30
4226M,春日,TRUE,↓,16:45:00
4226M,南福岡,FALSE,16:46:45,16:47:15
4226M,笹原,TRUE,↓,16:49:00
4226M,竹下,TRUE,↓,16:50:30
4226M,博多[1],FALSE,16:53:30,16:54:00
4226M,吉塚,FALSE,16:56:45,16:57:15
4226M,箱崎,TRUE,↓,16:58:45
4226M,千早（操）,TRUE,↓,17:01:15
4226M,千早,FALSE,17:01:30,17:02:00
4226M,香椎,FALSE,17:04:15,17:07:15
4226M,九産大前,TRUE,↓,17:09:15
4226M,福工大前,FALSE,17:11:00,17:11:30
4226M,新宮中央,TRUE,↓,17:13:00
4226M,ししぶ,TRUE,↓,17:13:45
4226M,古賀,FALSE,17:15:45,17:16:15
4226M,千鳥,TRUE,↓,17:17:45
4226M,福間,FALSE,17:19:00,17:19:30
4226M,東福間,TRUE,↓,17:21:30
4226M,東郷,FALSE,17:24:45,17:25:15
4226M,赤間,FALSE,17:28:30,17:29:00
4226M,教育大前,TRUE,↓,17:30:45
4226M,海老津,FALSE,17:35:15,17:35:45
4226M,遠賀川,TRUE,↓,17:39:00
4226M,水巻,TRUE,↓,17:40:15
4226M,折尾[5],FALSE,17:43:00,17:43:30
4226M,陣原,TRUE,↓,17:46:00
4226M,黒崎,FALSE,17:48:15,17:48:45
4226M,八幡,FALSE,17:51:30,17:52:00
4226M,スペースワールド,TRUE,↓,17:53:00
4226M,枝光,TRUE,↓,17:53:45
4226M,戸畑,FALSE,17:56:15,17:56:45
4226M,九州工大前,TRUE,↓,17:58:15
4226M,西小倉[5],FALSE,18:00:30,18:01:00
4226M,小倉[8],FALSE,18:03:45,
4228M,久留米[1],FALSE,,17:09:00
4228M,肥前旭,TRUE,↓,17:11:45
4228M,鳥栖[1],FALSE,17:15:45,17:16:15
4228M,田代,TRUE,↓,17:18:15
4228M,弥生が丘,TRUE,↓,17:19:30
4228M,基山,FALSE,17:21:30,17:22:00
4228M,けやき台,TRUE,↓,17:23:30
4228M,原田,FALSE,17:25:45,17:26:15
4228M,天拝山,TRUE,↓,17:28:45
4228M,二日市,FALSE,17:31:00,17:31:30
4228M,都府楼南,TRUE,↓,17:32:45
4228M,大宰府（信）,TRUE,↓,17:33:15
4228M,水城,TRUE,↓,17:34:15
4228M,大野城,FALSE,17:35:45,17:36:15
4228M,春日,TRUE,↓,17:37:45
4228M,南福岡,FALSE,17:39:00,17:43:00
4228M,笹原,TRUE,↓,17:44:45
4228M,竹下,TRUE,↓,17:46:15
4228M,博多[2],FALSE,17:49:45,17:50:15
4228M,吉塚,FALSE,17:52:30,17:53:00
4228M,箱崎,TRUE,↓,17:54:30
4228M,千早（操）,TRUE,↓,17:57:00
4228M,千早,FALSE,17:57:45,17:58:15
4228M,香椎,FALSE,18:00:00,18:00:30
4228M,九産大前,TRUE,↓,18:02:30
4228M,福工大前,FALSE,18:04:45,18:05:15
4228M,新宮中央,TRUE,↓,18:06:45
4228M,ししぶ,TRUE,↓,18:07:30
4228M,古賀,FALSE,18:09:00,18:13:00
4228M,千鳥,TRUE,↓,18:14:30
4228M,福間,FALSE,18:17:15,18:17:45
4228M,東福間,TRUE,↓,18:19:45
4228M,東郷,FALSE,18:22:30,18:23:00
4228M,赤間,FALSE,18:26:15,18:26:45
4228M,教育大前,TRUE,↓,18:28:30
4228M,海老津,FALSE,18:32:00,18:32:30
4228M,遠賀川,TRUE,↓,18:35:45
4228M,水巻,TRUE,↓,18:37:00
4228M,折尾[5],FALSE,18:40:15,18:40:45
4228M,陣原,TRUE,↓,18:43:15
4228M,黒崎,FALSE,18:45:00,18:45:30
4228M,八幡,FALSE,18:48:45,18:49:15
4228M,スペースワールド,TRUE,↓,18:50:15
4228M,枝光,TRUE,↓,18:51:00
4228M,戸畑,FALSE,18:52:30,18:53:00
4228M,九州工大前,TRUE,↓,18:54:30
4228M,西小倉[5],FALSE,18:57:45,18:58:15
4228M,小倉[6],FALSE,19:00:30,
2166M,二日市,FALSE,,17:04:00
2166M,都府楼南,FALSE,17:06:45,17:07:15
2166M,大宰府（信）,TRUE,↓,17:07:45
2166M,水城,FALSE,17:09:00,17:09:30
2166M,大野城,FALSE,17:11:45,17:12:15
2166M,春日,FALSE,17:13:30,17:14:00
2166M,南福岡,FALSE,17:16:45,17:17:15
2166M,笹原,FALSE,17:19:00,17:19:30
2166M,竹下,FALSE,17:22:15,17:22:45
2166M,博多[2],FALSE,17:26:30,17:27:00
2166M,吉塚,FALSE,17:30:15,17:30:45
2166M,箱崎,FALSE,17:32:30,17:33:00
2166M,千早（操）,TRUE,↓,17:35:30
2166M,千早,FALSE,17:36:45,17:37:15
2166M,香椎,FALSE,17:39:00,17:39:30
2166M,九産大前,FALSE,17:42:15,17:42:45
2166M,福工大前,FALSE,17:46:00,17:55:00
2166M,新宮中央,FALSE,17:57:45,17:58:15
2166M,ししぶ,FALSE,18:00:00,18:00:30
2166M,古賀,FALSE,18:02:45,18:03:15
2166M,千鳥,FALSE,18:05:30,18:06:00
2166M,福間,FALSE,18:09:15,18:20:15
2166M,東福間,FALSE,18:23:00,18:23:30
2166M,東郷,FALSE,18:26:45,18:27:15
2166M,赤間,FALSE,18:30:00,18:30:30
2166M,教育大前,FALSE,18:33:15,18:33:45
2166M,海老津,FALSE,18:38:30,
2172M,鳥栖[4],FALSE,,17:29:00
2172M,田代,FALSE,17:31:45,17:32:15
2172M,弥生が丘,FALSE,17:34:30,17:35:00
2172M,基山,FALSE,17:37:15,17:37:45
2172M,けやき台,FALSE,17:40:00,17:40:30
2172M,原田,FALSE,17:42:45,17:43:15
2172M,天拝山,FALSE,17:46:30,17:47:00
2172M,二日市,FALSE,17:49:45,17:50:15
2172M,都府楼南,FALSE,17:52:00,17:52:30
2172M,大宰府（信）,TRUE,↓,17:53:00
2172M,水城,FALSE,17:54:45,17:55:15
2172M,大野城,FALSE,17:57:00,17:57:30
2172M,春日,FALSE,17:59:15,17:59:45
2172M,南福岡,FALSE,18:02:00,18:10:00
2172M,笹原,FALSE,18:13:15,18:13:45
2172M,竹下,FALSE,18:16:00,18:16:30
2172M,博多[1],FALSE,18:21:15,18:23:15
2172M,吉塚,FALSE,18:25:30,18:26:00
2172M,箱崎,FALSE,18:28:15,18:28:45
2172M,千早（操）,TRUE,↓,18:31:15
2172M,千早,FALSE,18:32:30,18:33:00
2172M,香椎,FALSE,18:35:15,18:35:45
2172M,九産大前,FALSE,18:38:00,18:38:30
2172M,福工大前,FALSE,18:42:15,18:50:15
2172M,新宮中央,FALSE,18:53:00,18:53:30
2172M,ししぶ,FALSE,18:55:45,18:56:15
2172M,古賀,FALSE,18:58:00,18:58:30
2172M,千鳥,FALSE,19:00:45,19:01:15
2172M,福間,FALSE,19:03:00,19:03:30
2172M,東福間,FALSE,19:06:45,19:07:15
2172M,東郷,FALSE,19:10:00,19:10:30
2172M,赤間,FALSE,19:14:15,19:14:45
2172M,教育大前,FALSE,19:17:00,19:17:30
2172M,海老津,FALSE,19:22:45,
2358M,羽犬塚,FALSE,,18:00:00
2358M,西牟田,FALSE,18:04:45,18:05:15
2358M,荒木,FALSE,18:08:00,18:08:30
2358M,久留米[4],FALSE,18:12:45,18:13:15
2358M,肥前旭,FALSE,18:16:30,18:17:00
2358M,鳥栖[1],FALSE,18:20:15,18:33:15
2358M,田代,FALSE,18:35:30,18:36:00
2358M,弥生が丘,FALSE,18:38:15,18:38:45
2358M,基山,FALSE,18:41:00,18:41:30
2358M,けやき台,FALSE,18:44:15,18:44:45
2358M,原田,FALSE,18:46:30,18:47:00
2358M,天拝山,FALSE,18:50:45,18:51:15
2358M,二日市,FALSE,18:53:30,18:54:00
2358M,都府楼南,FALSE,18:56:15,18:56:45
2358M,大宰府（信）,TRUE,↓,18:57:15
2358M,水城,FALSE,18:59:00,18:59:30
2358M,大野城,FALSE,19:01:45,19:02:15
2358M,春日,FALSE,19:04:00,19:04:30
2358M,南福岡,FALSE,19:07:15,19:11:15
2358M,笹原,FALSE,19:14:00,19:14:30
2358M,竹下,FALSE,19:17:15,19:17:45
2358M,博多[4],FALSE,19:21:00,19:23:00
2358M,吉塚,FALSE,19:25:45,19:26:15
2358M,箱崎,FALSE,19:27:30,19:28:00
2358M,千早（操）,TRUE,↓,19:30:30
2358M,千早,FALSE,19:32:15,19:32:45
2358M,香椎,FALSE,19:34:30,19:35:00
2358M,九産大前,FALSE,19:37:45,19:38:15
2358M,福工大前,FALSE,19:41:00,19:50:00
2358M,新宮中央,FALSE,19:53:15,19:53:45
2358M,ししぶ,FALSE,19:55:30,19:56:00
2358M,古賀,FALSE,19:58:15,19:58:45
2358M,千鳥,FALSE,20:01:00,20:01:30
2358M,福間,FALSE,20:04:15,20:04:45
2358M,東福間,FALSE,20:07:00,20:07:30
2358M,東郷,FALSE,20:10:45,20:11:15
2358M,赤間,FALSE,20:14:30,20:15:00
2358M,教育大前,FALSE,20:17:45,20:18:15
2358M,海老津,FALSE,20:23:30,
4234M,荒木,FALSE,,20:08:00
4234M,久留米[4],FALSE,20:13:15,20:13:45
4234M,肥前旭,TRUE,↓,20:16:30
4234M,鳥栖[1],FALSE,20:19:30,20:20:00
4234M,田代,TRUE,↓,20:22:00
4234M,弥生が丘,TRUE,↓,20:23:15
4234M,基山,FALSE,20:24:45,20:25:15
4234M,けやき台,TRUE,↓,20:26:45
4234M,原田,FALSE,20:28:30,20:29:00
4234M,天拝山,TRUE,↓,20:31:30
4234M,二日市,FALSE,20:33:15,20:33:45
4234M,都府楼南,TRUE,↓,20:35:00
4234M,大宰府（信）,TRUE,↓,20:35:30
4234M,水城,TRUE,↓,20:36:30
4234M,大野城,FALSE,20:38:30,20:39:00
4234M,春日,TRUE,↓,20:40:30
4234M,南福岡,FALSE,20:41:45,20:42:15
4234M,笹原,TRUE,↓,20:44:00
4234M,竹下,TRUE,↓,20:45:30
4234M,博多[1],FALSE,20:48:00,20:50:00
4234M,吉塚,FALSE,20:52:45,20:53:15
4234M,箱崎,TRUE,↓,20:54:45
4234M,千早（操）,TRUE,↓,20:57:15
4234M,千早,FALSE,20:57:30,20:58:00
4234M,香椎,FALSE,21:00:45,21:01:15
4234M,九産大前,TRUE,↓,21:03:15
4234M,福工大前,FALSE,21:05:30,21:06:00
4234M,新宮中央,TRUE,↓,21:07:30
4234M,ししぶ,TRUE,↓,21:08:15
4234M,古賀,FALSE,21:10:15,21:10:45
4234M,千鳥,TRUE,↓,21:12:15
4234M,福間,FALSE,21:14:00,21:14:30
4234M,東福間,TRUE,↓,21:16:30
4234M,東郷,FALSE,21:19:45,21:20:15
4234M,赤間,FALSE,21:23:00,21:28:00
4234M,教育大前,TRUE,↓,21:29:45
4234M,海老津,FALSE,21:35:15,21:35:45
4234M,遠賀川,TRUE,↓,21:39:00
4234M,水巻,TRUE,↓,21:40:15
4234M,折尾[5],FALSE,21:43:30,21:44:00
4234M,陣原,TRUE,↓,21:46:30
4234M,黒崎,FALSE,21:49:15,21:49:45
4234M,八幡,FALSE,21:52:30,21:53:00
4234M,スペースワールド,TRUE,↓,21:54:00
4234M,枝光,TRUE,↓,21:54:45
4234M,戸畑,FALSE,21:56:45,21:57:15
4234M,九州工大前,TRUE,↓,21:58:45
4234M,西小倉[5],FALSE,22:01:30,22:02:00
4234M,小倉[8],FALSE,22:03:45,
2180M,博多[2],FALSE,,22:44:00
2180M,吉塚,FALSE,22:46:45,22:47:15
2180M,箱崎,FALSE,22:49:00,22:49:30
2180M,千早（操）,TRUE,↓,22:52:00
2180M,千早,FALSE,22:53:15,22:53:45
2180M,香椎,FALSE,22:55:30,22:56:00
2180M,九産大前,FALSE,22:58:15,22:58:45
2180M,福工大前,FALSE,23:01:30,23:02:00
2180M,新宮中央,FALSE,23:04:15,23:04:45
2180M,ししぶ,FALSE,23:06:30,23:07:00
2180M,古賀,FALSE,23:09:15,23:13:15
2180M,千鳥,FALSE,23:15:30,23:16:00
2180M,福間,FALSE,23:18:15,23:18:45
2180M,東福間,FALSE,23:21:00,23:21:30
2180M,東郷,FALSE,23:24:45,23:25:15
2180M,赤間,FALSE,23:29:30,
2121M,福間,FALSE,,5:16:00
2121M,千鳥,FALSE,5:19:15,5:19:45
2121M,古賀,FALSE,5:22:00,5:22:30
2121M,ししぶ,FALSE,5:24:45,5:25:15
2121M,新宮中央,FALSE,5:27:00,5:27:30
2121M,福工大前,FALSE,5:29:45,5:30:15
2121M,九産大前,FALSE,5:33:00,5:33:30
2121M,香椎,FALSE,5:36:15,5:36:45
2121M,千早,FALSE,5:38:30,5:39:00
2121M,千早（操）,TRUE,↓,5:41:30
2121M,箱崎,FALSE,5:44:15,5:44:45
2121M,吉塚,FALSE,5:46:30,5:47:00
2121M,博多[7],FALSE,5:50:15,5:52:15
2121M,竹下,FALSE,5:56:00,5:56:30
2121M,笹原,FALSE,5:59:45,6:00:15
2121M,南福岡,FALSE,6:03:00,6:06:00
2121M,春日,FALSE,6:09:15,6:09:45
2121M,大野城,FALSE,6:11:30,6:12:00
2121M,水城,FALSE,6:14:15,6:14:45
2121M,大宰府（信）,TRUE,↓,6:15:15
2121M,都府楼南,FALSE,6:17:30,6:18:00
2121M,二日市,FALSE,6:20:15,6:20:45
2121M,天拝山,FALSE,6:23:00,6:23:30
2121M,原田,FALSE,6:27:15,6:27:45
2121M,けやき台,FALSE,6:30:00,6:30:30
2121M,基山,FALSE,6:32:45,6:33:15
2121M,弥生が丘,FALSE,6:35:30,6:36:00
2121M,田代,FALSE,6:38:45,6:39:15
2121M,鳥栖[4],FALSE,6:41:30,
2325M,福間,FALSE,,6:27:00
2325M,千鳥,FALSE,6:30:15,6:30:45
2325M,古賀,FALSE,6:32:30,6:33:00
2325M,ししぶ,FALSE,6:34:45,6:35:15
2325M,新宮中央,FALSE,6:37:00,6:37:30
2325M,福工大前,FALSE,6:40:15,6:43:15
2325M,九産大前,FALSE,6:47:00,6:47:30
2325M,香椎,FALSE,6:49:45,6:50:15
2325M,千早,FALSE,6:52:00,6:52:30
2325M,千早（操）,TRUE,↓,6:55:00
2325M,箱崎,FALSE,6:56:15,6:56:45
2325M,吉塚,FALSE,6:58:30,6:59:00
2325M,博多[7],FALSE,7:02:15,7:05:15
2325M,竹下,FALSE,7:08:30,7:09:00
2325M,笹原,FALSE,7:11:45,7:12:15
2325M,南福岡,FALSE,7:14:30,7:15:00
2325M,春日,FALSE,7:16:45,7:17:15
2325M,大野城,FALSE,7:19:00,7:19:30
2325M,水城,FALSE,7:21:45,7:22:15
2325M,大宰府（信）,TRUE,↓,7:22:45
2325M,都府楼南,FALSE,7:24:30,7:25:00
2325M,二日市,FALSE,7:27:15,7:31:15
2325M,天拝山,FALSE,7:34:30,7:35:00
2325M,原田,FALSE,7:38:45,7:39:15
2325M,けやき台,FALSE,7:41:30,7:42:00
2325M,基山,FALSE,7:44:15,7:44:45
2325M,弥生が丘,FALSE,7:47:00,7:47:30
2325M,田代,FALSE,7:50:15,7:50:45
2325M,鳥栖[6],FALSE,7:53:00,7:59:00
2325M,肥前旭,FALSE,8:03:15,8:03:45
2325M,久留米[3],FALSE,8:06:00,8:08:00
2325M,荒木,FALSE,8:13:45,8:14:15
2325M,西牟田,FALSE,8:17:30,8:18:00
2325M,羽犬塚,FALSE,8:22:15,8:24:15
2325M,筑後船小屋,FALSE,8:28:30,8:29:00
2325M,瀬高,FALSE,8:32:15,8:32:45
2325M,南瀬高,FALSE,8:35:30,8:36:00
2325M,渡瀬,FALSE,8:39:15,8:39:45
2325M,吉野,FALSE,8:42:30,8:43:00
2325M,銀水,FALSE,8:45:45,8:46:15
2325M,大牟田,FALSE,8:49:30,8:50:00
2325M,荒尾,FALSE,8:54:45,
2125M,福間,FALSE,,6:48:00
2125M,千鳥,FALSE,6:51:15,6:51:45
2125M,古賀,FALSE,6:53:30,6:54:00
2125M,ししぶ,FALSE,6:56:15,6:56:45
2125M,新宮中央,FALSE,6:58:00,6:58:30
2125M,福工大前,FALSE,7:01:15,7:04:15
2125M,九産大前,FALSE,7:07:30,7:08:00
2125M,香椎,FALSE,7:10:15,7:10:45
2125M,千早,FALSE,7:12:30,7:13:00
2125M,千早（操）,TRUE,↓,7:15:30
2125M,箱崎,FALSE,7:17:45,7:18:15
2125M,吉塚,FALSE,7:20:30,7:21:00
2125M,博多[6],FALSE,7:23:15,7:25:15
2125M,竹下,FALSE,7:28:30,7:29:00
2125M,笹原,FALSE,7:31:45,7:32:15
2125M,南福岡,FALSE,7:34:30,
3223M,福間,FALSE,,7:08:00
3223M,千鳥,TRUE,↓,7:09:30
3223M,古賀,FALSE,7:13:45,7:14:15
3223M,ししぶ,TRUE,↓,7:15:00
3223M,新宮中央,TRUE,↓,7:16:30
3223M,福工大前,FALSE,7:19:30,7:20:00
3223M,九産大前,TRUE,↓,7:22:00
3223M,香椎,FALSE,7:25:15,7:25:45
3223M,千早,FALSE,7:27:00,7:31:00
3223M,千早（操）,TRUE,↓,7:33:30
3223M,箱崎,TRUE,↓,7:35:00
3223M,吉塚,FALSE,7:38:15,7:38:45
3223M,博多[7],FALSE,7:42:00,7:46:00
3223M,竹下,TRUE,↓,7:47:30
3223M,笹原,TRUE,↓,7:49:15
3223M,南福岡,FALSE,7:56:45,
2129M,福間,FALSE,,7:28:00
2129M,千鳥,FALSE,7:30:45,7:31:15
2129M,古賀,FALSE,7:33:00,7:33:30
2129M,ししぶ,FALSE,7:35:45,7:36:15
2129M,新宮中央,FALSE,7:37:30,7:38:00
2129M,福工大前,FALSE,7:40:15,7:44:15
2129M,九産大前,FALSE,7:48:00,7:48:30
2129M,香椎,FALSE,7:50:45,7:51:15
2129M,千早,FALSE,7:53:30,7:54:00
2129M,千早（操）,TRUE,↓,7:56:30
2129M,箱崎,FALSE,7:58:45,7:59:15
2129M,吉塚,FALSE,8:01:00,8:01:30
2129M,博多[6],FALSE,8:04:15,8:09:15
2129M,竹下,FALSE,8:13:00,8:17:00
2129M,笹原,FALSE,8:20:15,8:20:45
2129M,南福岡,FALSE,8:23:30,8:24:00
2129M,春日,FALSE,8:25:45,8:26:15
2129M,大野城,FALSE,8:28:00,8:28:30
2129M,水城,FALSE,8:30:45,8:31:15
2129M,大宰府（信）,TRUE,↓,8:31:45
2129M,都府楼南,FALSE,8:33:00,8:33:30
2129M,二日市,FALSE,8:36:45,
2131M,海老津,FALSE,,7:30:00
2131M,教育大前,FALSE,7:36:15,7:36:45
2131M,赤間,FALSE,7:39:00,7:43:00
2131M,東郷,FALSE,7:47:45,7:48:15
2131M,東福間,FALSE,7:51:00,7:51:30
2131M,福間,FALSE,7:54:15,7:54:45
2131M,千鳥,FALSE,7:57:00,7:57:30
2131M,古賀,FALSE,7:59:45,8:00:15
2131M,ししぶ,FALSE,8:01:30,8:02:00
2131M,新宮中央,FALSE,8:04:15,8:04:45
2131M,福工大前,FALSE,8:06:30,8:07:00
2131M,九産大前,FALSE,8:10:15,8:10:45
2131M,香椎,FALSE,8:12:30,8:13:00
2131M,千早,FALSE,8:15:45,8:16:15
2131M,千早（操）,TRUE,↓,8:18:45
2131M,箱崎,FALSE,8:20:00,8:20:30
2131M,吉塚,FALSE,8:22:45,8:23:15
2131M,博多[6],FALSE,8:26:30,8:27:00
2131M,竹下,FALSE,8:31:15,8:31:45
2131M,笹原,FALSE,8:34:00,8:34:30
2131M,南福岡,FALSE,8:37:45,
2133M,海老津,FALSE,,7:50:00
2133M,教育大前,FALSE,7:55:15,7:55:45
2133M,赤間,FALSE,7:57:30,7:58:00
2133M,東郷,FALSE,8:01:45,8:02:15
2133M,東福間,FALSE,8:05:00,8:05:30
2133M,福間,FALSE,8:08:15,8:08:45
2133M,千鳥,FALSE,8:10:30,8:11:00
2133M,古賀,FALSE,8:13:15,8:13:45
2133M,ししぶ,FALSE,8:15:30,8:16:00
2133M,新宮中央,FALSE,8:18:15,8:18:45
2133M,福工大前,FALSE,8:21:00,8:24:00
2133M,九産大前,FALSE,8:28:15,8:28:45
2133M,香椎,FALSE,8:30:30,8:31:00
2133M,千早,FALSE,8:33:15,8:37:15
2133M,千早（操）,TRUE,↓,8:39:45
2133M,箱崎,FALSE,8:41:30,8:42:00
2133M,吉塚,FALSE,8:43:45,8:44:15
2133M,博多[6],FALSE,8:47:00,8:49:00
2133M,竹下,FALSE,8:52:15,8:52:45
2133M,笹原,FALSE,8:55:00,8:55:30
2133M,南福岡,FALSE,8:58:15,9:03:15
2133M,春日,FALSE,9:05:00,9:05:30
2133M,大野城,FALSE,9:07:45,9:08:15
2133M,水城,FALSE,9:10:00,9:10:30
2133M,大宰府（信）,TRUE,↓,9:11:00
2133M,都府楼南,FALSE,9:12:45,9:13:15
2133M,二日市,FALSE,9:15:30,
2135M,福間,FALSE,,8:36:00
2135M,千鳥,FALSE,8:39:15,8:39:45
2135M,古賀,FALSE,8:41:30,8:42:00
2135M,ししぶ,FALSE,8:44:15,8:44:45
2135M,新宮中央,FALSE,8:46:00,8:46:30
2135M,福工大前,FALSE,8:49:15,8:52:15
2135M,九産大前,FALSE,8:56:00,8:56:30
2135M,香椎,FALSE,8:58:45,8:59:15
2135M,千早,FALSE,9:01:30,9:02:00
2135M,千早（操）,TRUE,↓,9:04:30
2135M,箱崎,FALSE,9:06:15,9:06:45
2135M,吉塚,FALSE,9:08:30,9:09:00
2135M,博多[5],FALSE,9:12:45,9:13:15
2135M,竹下,FALSE,9:16:30,9:17:00
2135M,笹原,FALSE,9:19:45,9:20:15
2135M,南福岡,FALSE,9:22:00,9:25:00
2135M,春日,FALSE,9:27:45,9:28:15
2135M,大野城,FALSE,9:30:00,9:30:30
2135M,水城,FALSE,9:32:15,9:32:45
2135M,大宰府（信）,TRUE,↓,9:33:15
2135M,都府楼南,FALSE,9:35:00,9:35:30
2135M,二日市,FALSE,9:37:45,
2329M,福間,FALSE,,9:20:00
2329M,千鳥,FALSE,9:23:15,9:23:45
2329M,古賀,FALSE,9:25:30,9:26:00
2329M,ししぶ,FALSE,9:28:15,9:28:45
2329M,新宮中央,FALSE,9:30:00,9:30:30
2329M,福工大前,FALSE,9:32:45,9:33:15
2329M,九産大前,FALSE,9:36:00,9:36:30
2329M,香椎,FALSE,9:38:45,9:39:15
2329M,千早,FALSE,9:41:00,9:41:30
2329M,千早（操）,TRUE,↓,9:44:00
2329M,箱崎,FALSE,9:45:15,9:45:45
2329M,吉塚,FALSE,9:47:00,9:47:30
2329M,博多[7],FALSE,9:50:15,9:54:15
2329M,竹下,FALSE,9:58:00,9:58:30
2329M,笹原,FALSE,10:01:15,10:01:45
2329M,南福岡,FALSE,10:04:00,10:11:00
2329M,春日,FALSE,10:13:45,10:14:15
2329M,大野城,FALSE,10:16:00,10:16:30
2329M,水城,FALSE,10:18:15,10:18:45
2329M,大宰府（信）,TRUE,↓,10:19:15
2329M,都府楼南,FALSE,10:21:00,10:21:30
2329M,二日市,FALSE,10:23:15,10:26:15
2329M,天拝山,FALSE,10:29:00,10:29:30
2329M,原田,FALSE,10:33:15,10:33:45
2329M,けやき台,FALSE,10:36:00,10:36:30
2329M,基山,FALSE,10:38:15,10:38:45
2329M,弥生が丘,FALSE,10:41:00,10:41:30
2329M,田代,FALSE,10:44:15,10:44:45
2329M,鳥栖[5],FALSE,10:46:00,10:49:00
2329M,肥前旭,FALSE,10:54:15,10:54:45
2329M,久留米[1],FALSE,10:58:30,
2137M,福間,FALSE,,9:39:00
2137M,千鳥,FALSE,9:42:15,9:42:45
2137M,古賀,FALSE,9:44:30,9:45:00
2137M,ししぶ,FALSE,9:46:45,9:47:15
2137M,新宮中央,FALSE,9:49:00,9:49:30
2137M,福工大前,FALSE,9:52:15,9:56:15
2137M,九産大前,FALSE,9:59:00,9:59:30
2137M,香椎,FALSE,10:01:45,10:02:15
2137M,千早,FALSE,10:04:00,10:04:30
2137M,千早（操）,TRUE,↓,10:07:00
2137M,箱崎,FALSE,10:08:15,10:08:45
2137M,吉塚,FALSE,10:10:30,10:11:00
2137M,博多[5],FALSE,10:14:15,10:18:15
2137M,竹下,FALSE,10:22:00,10:22:30
2137M,笹原,FALSE,10:25:15,10:25:45
2137M,南福岡,FALSE,10:28:30,
2331M,福間,FALSE,,10:02:00
2331M,千鳥,FALSE,10:04:45,10:05:15
2331M,古賀,FALSE,10:07:00,10:07:30
2331M,ししぶ,FALSE,10:09:15,10:09:45
2331M,新宮中央,FALSE,10:11:30,10:12:00
2331M,福工大前,FALSE,10:14:15,10:17:15
2331M,九産大前,FALSE,10:20:00,10:20:30
2331M,香椎,FALSE,10:22:45,10:23:15
2331M,千早,FALSE,10:25:00,10:25:30
2331M,千早（操）,TRUE,↓,10:28:00
2331M,箱崎,FALSE,10:29:15,10:29:45
2331M,吉塚,FALSE,10:31:30,10:32:00
2331M,博多[7],FALSE,10:34:15,10:36:15
2331M,竹下,FALSE,10:40:00,10:40:30
2331M,笹原,FALSE,10:43:45,10:44:15
2331M,南福岡,FALSE,10:46:00,10:51:00
2331M,春日,FALSE,10:53:15,10:53:45
2331M,大野城,FALSE,10:55:30,10:56:00
2331M,水城,FALSE,10:58:15,10:58:45
2331M,大宰府（信）,TRUE,↓,10:59:15
2331M,都府楼南,FALSE,11:00:30,11:01:00
2331M,二日市,FALSE,11:03:15,11:07:15
2331M,天拝山,FALSE,11:09:30,11:10:00
2331M,原田,FALSE,11:13:45,11:14:15
2331M,けやき台,FALSE,11:16:00,11:16:30
2331M,基山,FALSE,11:18:45,11:19:15
2331M,弥生が丘,FALSE,11:21:00,11:21:30
2331M,田代,FALSE,11:24:15,11:24:45
2331M,鳥栖[5],FALSE,11:26:30,11:27:00
2331M,肥前旭,FALSE,11:31:45,11:32:15
2331M,久留米[3],FALSE,11:35:30,11:36:00
2331M,荒木,FALSE,11:40:45,
2141M,福間,FALSE,,10:50:00
2141M,千鳥,FALSE,10:52:45,10:53:15
2141M,古賀,FALSE,10:55:00,10:55:30
2141M,ししぶ,FALSE,10:57:15,10:57:45
2141M,新宮中央,FALSE,10:59:30,11:00:00
2141M,福工大前,FALSE,11:02:15,11:10:15
2141M,九産大前,FALSE,11:13:00,11:13:30
2141M,香椎,FALSE,11:16:15,11:16:45
2141M,千早,FALSE,11:18:30,11:19:00
2141M,千早（操）,TRUE,↓,11:21:30
2141M,箱崎,FALSE,11:23:15,11:26:15
2141M,吉塚,FALSE,11:28:30,11:29:00
2141M,博多[6],FALSE,11:32:45,11:33:15
2141M,竹下,FALSE,11:36:00,11:36:30
2141M,笹原,FALSE,11:39:15,11:39:45
2141M,南福岡,FALSE,11:42:00,11:49:00
2141M,春日,FALSE,11:52:15,11:52:45
2141M,大野城,FALSE,11:54:30,11:55:00
2141M,水城,FALSE,11:57:15,11:57:45
2141M,大宰府（信）,TRUE,↓,11:58:15
2141M,都府楼南,FALSE,11:59:30,12:00:00
2141M,二日市,FALSE,12:02:45,
2333M,福間,FALSE,,11:15:00
2333M,千鳥,FALSE,11:18:15,11:18:45
2333M,古賀,FALSE,11:20:30,11:21:00
2333M,ししぶ,FALSE,11:22:45,11:23:15
2333M,新宮中央,FALSE,11:25:00,11:25:30
2333M,福工大前,FALSE,11:27:45,11:28:15
2333M,九産大前,FALSE,11:30:30,11:31:00
2333M,香椎,FALSE,11:33:15,11:33:45
2333M,千早,FALSE,11:35:30,11:36:00
2333M,千早（操）,TRUE,↓,11:38:30
2333M,箱崎,FALSE,11:39:45,11:40:15
2333M,吉塚,FALSE,11:42:00,11:42:30
2333M,博多[7],FALSE,11:45:15,11:47:15
2333M,竹下,FALSE,11:50:30,11:51:00
2333M,笹原,FALSE,11:54:15,11:54:45
2333M,南福岡,FALSE,11:57:00,12:00:00
2333M,春日,FALSE,12:02:45,12:03:15
2333M,大野城,FALSE,12:05:00,12:05:30
2333M,水城,FALSE,12:07:45,12:08:15
2333M,大宰府（信）,TRUE,↓,12:08:45
2333M,都府楼南,FALSE,12:10:00,12:10:30
2333M,二日市,FALSE,12:12:45,12:13:15
2333M,天拝山,FALSE,12:15:00,12:15:30
2333M,原田,FALSE,12:19:15,12:22:15
2333M,けやき台,FALSE,12:25:00,12:25:30
2333M,基山,FALSE,12:27:15,12:35:15
2333M,弥生が丘,FALSE,12:37:30,12:38:00
2333M,田代,FALSE,12:40:45,12:41:15
2333M,鳥栖[5],FALSE,12:43:00,12:43:30
2333M,肥前旭,FALSE,12:47:45,12:48:15
2333M,久留米[1],FALSE,12:51:30,
2145M,福間,FALSE,,12:04:00
2145M,千鳥,FALSE,12:06:45,12:07:15
2145M,古賀,FALSE,12:09:00,12:09:30
2145M,ししぶ,FALSE,12:11:45,12:12:15
2145M,新宮中央,FALSE,12:13:30,12:14:00
2145M,福工大前,FALSE,12:16:15,12:19:15
2145M,九産大前,FALSE,12:23:00,12:23:30
2145M,香椎,FALSE,12:25:45,12:26:15
2145M,千早,FALSE,12:28:00,12:28:30
2145M,千早（操）,TRUE,↓,12:31:00
2145M,箱崎,FALSE,12:33:15,12:33:45
2145M,吉塚,FALSE,12:35:30,12:36:00
2145M,博多[5],FALSE,12:38:15,12:43:15
2145M,竹下,FALSE,12:47:00,12:47:30
2145M,笹原,FALSE,12:50:15,12:50:45
2145M,南福岡,FALSE,12:52:30,12:53:00
2145M,春日,FALSE,12:55:15,12:55:45
2145M,大野城,FALSE,12:57:30,12:58:00
2145M,水城,FALSE,12:59:45,13:00:15
2145M,大宰府（信）,TRUE,↓,13:00:45
2145M,都府楼南,FALSE,13:06:30,13:07:00
2145M,二日市,FALSE,13:09:45,
2335M,福間,FALSE,,12:22:00
2335M,千鳥,FALSE,12:24:45,12:25:15
2335M,古賀,FALSE,12:27:00,12:27:30
2335M,ししぶ,FALSE,12:29:45,12:30:15
2335M,新宮中央,FALSE,12:31:30,12:32:00
2335M,福工大前,FALSE,12:34:15,12:34:45
2335M,九産大前,FALSE,12:37:30,12:38:00
2335M,香椎,FALSE,12:40:15,12:40:45
2335M,千早,FALSE,12:42:00,12:45:00
2335M,千早（操）,TRUE,↓,12:47:30
2335M,箱崎,FALSE,12:49:45,12:50:15
2335M,吉塚,FALSE,12:51:30,12:52:00
2335M,博多[7],FALSE,12:55:15,13:01:15
2335M,竹下,FALSE,13:05:00,13:05:30
2335M,笹原,FALSE,13:08:15,13:08:45
2335M,南福岡,FALSE,13:10:30,13:11:00
2335M,春日,FALSE,13:13:15,13:13:45
2335M,大野城,FALSE,13:15:30,13:16:00
2335M,水城,FALSE,13:17:45,13:18:15
2335M,大宰府（信）,TRUE,↓,13:18:45
2335M,都府楼南,FALSE,13:20:30,13:21:00
2335M,二日市,FALSE,13:22:45,13:23:15
2335M,天拝山,FALSE,13:25:00,13:25:30
2335M,原田,FALSE,13:29:15,13:33:15
2335M,けやき台,FALSE,13:36:00,13:36:30
2335M,基山,FALSE,13:38:15,13:38:45
2335M,弥生が丘,FALSE,13:41:00,13:41:30
2335M,田代,FALSE,13:43:45,13:44:15
2335M,鳥栖[5],FALSE,13:46:30,13:47:00
2335M,肥前旭,FALSE,13:50:45,13:51:15
2335M,久留米[1],FALSE,13:55:30,
2149M,福間,FALSE,,13:03:00
2149M,千鳥,FALSE,13:06:15,13:06:45
2149M,古賀,FALSE,13:08:30,13:09:00
2149M,ししぶ,FALSE,13:11:15,13:11:45
2149M,新宮中央,FALSE,13:13:00,13:13:30
2149M,福工大前,FALSE,13:16:15,13:19:15
2149M,九産大前,FALSE,13:22:30,13:23:00
2149M,香椎,FALSE,13:25:45,13:26:15
2149M,千早,FALSE,13:28:00,13:28:30
2149M,千早（操）,TRUE,↓,13:31:00
2149M,箱崎,FALSE,13:32:45,13:33:15
2149M,吉塚,FALSE,13:35:00,13:35:30
2149M,博多[5],FALSE,13:38:15,13:43:15
2149M,竹下,FALSE,13:47:00,13:47:30
2149M,笹原,FALSE,13:50:15,13:50:45
2149M,南福岡,FALSE,13:52:30,13:53:00
2149M,春日,FALSE,13:55:15,13:55:45
2149M,大野城,FALSE,13:57:30,13:58:00
2149M,水城,FALSE,13:59:45,14:00:15
2149M,大宰府（信）,TRUE,↓,14:00:45
2149M,都府楼南,FALSE,14:06:30,14:07:00
2149M,二日市,FALSE,14:09:45,
2337M,福間,FALSE,,13:21:00
2337M,千鳥,FALSE,13:24:15,13:24:45
2337M,古賀,FALSE,13:26:30,13:27:00
2337M,ししぶ,FALSE,13:28:45,13:29:15
2337M,新宮中央,FALSE,13:31:00,13:31:30
2337M,福工大前,FALSE,13:33:45,13:34:15
2337M,九産大前,FALSE,13:36:30,13:37:00
2337M,香椎,FALSE,13:39:15,13:39:45
2337M,千早,FALSE,13:41:00,13:45:00
2337M,千早（操）,TRUE,↓,13:47:30
2337M,箱崎,FALSE,13:49:15,13:49:45
2337M,吉塚,FALSE,13:51:30,13:52:00
2337M,博多[7],FALSE,13:55:15,14:01:15
2337M,竹下,FALSE,14:05:00,14:05:30
2337M,笹原,FALSE,14:08:15,14:08:45
2337M,南福岡,FALSE,14:10:30,14:11:00
2337M,春日,FALSE,14:13:15,14:13:45
2337M,大野城,FALSE,14:15:30,14:16:00
2337M,水城,FALSE,14:17:45,14:18:15
2337M,大宰府（信）,TRUE,↓,14:18:45
2337M,都府楼南,FALSE,14:20:30,14:21:00
2337M,二日市,FALSE,14:22:45,14:23:15
2337M,天拝山,FALSE,14:25:00,14:25:30
2337M,原田,FALSE,14:29:15,14:29:45
2337M,けやき台,FALSE,14:32:00,14:32:30
2337M,基山,FALSE,14:34:15,14:38:15
2337M,弥生が丘,FALSE,14:41:00,14:41:30
2337M,田代,FALSE,14:43:45,14:44:15
2337M,鳥栖[5],FALSE,14:46:30,14:47:00
2337M,肥前旭,FALSE,14:50:45,14:51:15
2337M,久留米[1],FALSE,14:54:30,
2153M,福間,FALSE,,14:03:00
2153M,千鳥,FALSE,14:06:15,14:06:45
2153M,古賀,FALSE,14:08:30,14:09:00
2153M,ししぶ,FALSE,14:11:15,14:11:45
2153M,新宮中央,FALSE,14:13:00,14:13:30
2153M,福工大前,FALSE,14:16:15,14:19:15
2153M,九産大前,FALSE,14:22:30,14:23:00
2153M,香椎,FALSE,14:25:15,14:25:45
2153M,千早,FALSE,14:27:30,14:28:00
2153M,千早（操）,TRUE,↓,14:30:30
2153M,箱崎,FALSE,14:31:45,14:32:15
2153M,吉塚,FALSE,14:33:30,14:34:00
2153M,博多[7],FALSE,14:37:15,14:41:15
2153M,竹下,FALSE,14:44:30,14:45:00
2153M,笹原,FALSE,14:47:45,14:48:15
2153M,南福岡,FALSE,14:50:30,14:51:00
2153M,春日,FALSE,14:52:45,14:53:15
2153M,大野城,FALSE,14:55:00,14:55:30
2153M,水城,FALSE,14:57:45,14:58:15
2153M,大宰府（信）,TRUE,↓,14:58:45
2153M,都府楼南,FALSE,15:00:00,15:00:30
2153M,二日市,FALSE,15:02:45,
2339M,福間,FALSE,,14:21:00
2339M,千鳥,FALSE,14:24:15,14:24:45
2339M,古賀,FALSE,14:26:30,14:27:00
2339M,ししぶ,FALSE,14:28:45,14:29:15
2339M,新宮中央,FALSE,14:31:00,14:31:30
2339M,福工大前,FALSE,14:33:45,14:34:15
2339M,九産大前,FALSE,14:36:30,14:37:00
2339M,香椎,FALSE,14:39:15,14:39:45
2339M,千早,FALSE,14:41:00,14:45:00
2339M,千早（操）,TRUE,↓,14:47:30
2339M,箱崎,FALSE,14:49:15,14:49:45
2339M,吉塚,FALSE,14:51:30,14:52:00
2339M,博多[7],FALSE,14:55:15,15:01:15
2339M,竹下,FALSE,15:04:30,15:05:00
2339M,笹原,FALSE,15:08:15,15:08:45
2339M,南福岡,FALSE,15:10:30,15:11:00
2339M,春日,FALSE,15:13:15,15:13:45
2339M,大野城,FALSE,15:15:30,15:16:00
2339M,水城,FALSE,15:18:15,15:18:45
2339M,大宰府（信）,TRUE,↓,15:19:15
2339M,都府楼南,FALSE,15:21:00,15:21:30
2339M,二日市,FALSE,15:23:15,15:23:45
2339M,天拝山,FALSE,15:26:00,15:26:30
2339M,原田,FALSE,15:30:15,15:30:45
2339M,けやき台,FALSE,15:32:30,15:33:00
2339M,基山,FALSE,15:35:15,15:35:45
2339M,弥生が丘,FALSE,15:37:30,15:38:00
2339M,田代,FALSE,15:40:45,15:41:15
2339M,鳥栖[6],FALSE,15:43:00,15:43:30
2339M,肥前旭,FALSE,15:47:15,15:47:45
2339M,久留米[1],FALSE,15:51:30,
2157M,福間,FALSE,,15:03:00
2157M,千鳥,FALSE,15:06:15,15:06:45
2157M,古賀,FALSE,15:08:30,15:09:00
2157M,ししぶ,FALSE,15:11:15,15:11:45
2157M,新宮中央,FALSE,15:13:00,15:13:30
2157M,福工大前,FALSE,15:16:15,15:19:15
2157M,九産大前,FALSE,15:22:00,15:22:30
2157M,香椎,FALSE,15:24:45,15:25:15
2157M,千早,FALSE,15:27:00,15:27:30
2157M,千早（操）,TRUE,↓,15:30:00
2157M,箱崎,FALSE,15:31:15,15:31:45
2157M,吉塚,FALSE,15:33:00,15:33:30
2157M,博多[7],FALSE,15:36:45,15:37:15
2157M,竹下,FALSE,15:40:30,15:41:00
2157M,笹原,FALSE,15:43:45,15:44:15
2157M,南福岡,FALSE,15:46:30,15:47:00
2157M,春日,FALSE,15:48:45,15:49:15
2157M,大野城,FALSE,15:51:00,15:51:30
2157M,水城,FALSE,15:53:15,15:53:45
2157M,大宰府（信）,TRUE,↓,15:54:15
2157M,都府楼南,FALSE,15:56:00,15:56:30
2157M,二日市,FALSE,15:58:15,15:58:45
2157M,天拝山,FALSE,16:00:30,16:01:00
2157M,原田,FALSE,16:04:45,16:05:15
2157M,けやき台,FALSE,16:07:00,16:07:30
2157M,基山,FALSE,16:09:45,16:10:15
2157M,弥生が丘,FALSE,16:12:00,16:15:00
2157M,田代,FALSE,16:17:45,16:18:15
2157M,鳥栖[4],FALSE,16:20:30,
2159M,福間,FALSE,,15:25:00
2159M,千鳥,FALSE,15:27:45,15:28:15
2159M,古賀,FALSE,15:30:00,15:30:30
2159M,ししぶ,FALSE,15:32:15,15:32:45
2159M,新宮中央,FALSE,15:34:30,15:35:00
2159M,福工大前,FALSE,15:37:15,15:37:45
2159M,九産大前,FALSE,15:40:00,15:40:30
2159M,香椎,FALSE,15:42:45,15:43:15
2159M,千早,FALSE,15:45:00,15:48:00
2159M,千早（操）,TRUE,↓,15:50:30
2159M,箱崎,FALSE,15:52:15,15:52:45
2159M,吉塚,FALSE,15:54:30,15:55:00
2159M,博多[6],FALSE,15:57:45,15:58:15
2159M,竹下,FALSE,16:01:30,16:02:00
2159M,笹原,FALSE,16:04:45,16:05:15
2159M,南福岡,FALSE,16:07:00,16:12:00
2159M,春日,FALSE,16:14:15,16:14:45
2159M,大野城,FALSE,16:16:30,16:17:00
2159M,水城,FALSE,16:18:45,16:19:15
2159M,大宰府（信）,TRUE,↓,16:19:45
2159M,都府楼南,FALSE,16:21:30,16:22:00
2159M,二日市,FALSE,16:23:45,16:24:15
2159M,天拝山,FALSE,16:26:00,16:26:30
2159M,原田,FALSE,16:30:15,16:33:15
2159M,けやき台,FALSE,16:36:00,16:36:30
2159M,基山,FALSE,16:38:15,16:38:45
2159M,弥生が丘,FALSE,16:41:00,16:41:30
2159M,田代,FALSE,16:44:15,16:44:45
2159M,鳥栖[4],FALSE,16:46:30,
2163M,福間,FALSE,,16:03:00
2163M,千鳥,FALSE,16:05:45,16:06:15
2163M,古賀,FALSE,16:08:00,16:08:30
2163M,ししぶ,FALSE,16:10:45,16:11:15
2163M,新宮中央,FALSE,16:13:00,16:13:30
2163M,福工大前,FALSE,16:15:15,16:19:15
2163M,九産大前,FALSE,16:22:00,16:22:30
2163M,香椎,FALSE,16:24:45,16:25:15
2163M,千早,FALSE,16:27:00,16:27:30
2163M,千早（操）,TRUE,↓,16:30:00
2163M,箱崎,FALSE,16:31:15,16:31:45
2163M,吉塚,FALSE,16:33:00,16:33:30
2163M,博多[7],FALSE,16:36:15,16:38:15
2163M,竹下,FALSE,16:41:30,16:42:00
2163M,笹原,FALSE,16:44:45,16:45:15
2163M,南福岡,FALSE,16:47:30,16:48:00
2163M,春日,FALSE,16:50:15,16:50:45
2163M,大野城,FALSE,16:52:30,16:53:00
2163M,水城,FALSE,16:54:45,16:55:15
2163M,大宰府（信）,TRUE,↓,16:55:45
2163M,都府楼南,FALSE,16:57:30,16:58:00
2163M,二日市,FALSE,17:00:45,
2165M,福間,FALSE,,16:17:00
2165M,千鳥,FALSE,16:20:15,16:20:45
2165M,古賀,FALSE,16:22:30,16:23:00
2165M,ししぶ,FALSE,16:24:45,16:25:15
2165M,新宮中央,FALSE,16:27:00,16:27:30
2165M,福工大前,FALSE,16:29:45,16:30:15
2165M,九産大前,FALSE,16:33:00,16:33:30
2165M,香椎,FALSE,16:35:45,16:36:15
2165M,千早,FALSE,16:38:00,16:38:30
2165M,千早（操）,TRUE,↓,16:41:00
2165M,箱崎,FALSE,16:42:45,16:43:15
2165M,吉塚,FALSE,16:45:30,16:46:00
2165M,博多[7],FALSE,16:48:15,16:55:15
2165M,竹下,FALSE,16:58:00,16:58:30
2165M,笹原,FALSE,17:01:15,17:01:45
2165M,南福岡,FALSE,17:04:00,17:07:00
2165M,春日,FALSE,17:09:45,17:10:15
2165M,大野城,FALSE,17:12:00,17:12:30
2165M,水城,FALSE,17:14:45,17:15:15
2165M,大宰府（信）,TRUE,↓,17:15:45
2165M,都府楼南,FALSE,17:17:30,17:18:00
2165M,二日市,FALSE,17:20:15,17:24:15
2165M,天拝山,FALSE,17:26:30,17:27:00
2165M,原田,FALSE,17:30:15,17:34:15
2165M,けやき台,FALSE,17:37:00,17:37:30
2165M,基山,FALSE,17:39:45,17:40:15
2165M,弥生が丘,FALSE,17:42:30,17:43:00
2165M,田代,FALSE,17:45:45,17:46:15
2165M,鳥栖[4],FALSE,17:48:30,
2167M,福間,FALSE,,16:47:00
2167M,千鳥,FALSE,16:50:15,16:50:45
2167M,古賀,FALSE,16:52:30,16:53:00
2167M,ししぶ,FALSE,16:55:15,16:55:45
2167M,新宮中央,FALSE,16:57:30,16:58:00
2167M,福工大前,FALSE,17:00:15,17:05:15
2167M,九産大前,FALSE,17:08:00,17:08:30
2167M,香椎,FALSE,17:10:45,17:11:15
2167M,千早,FALSE,17:12:30,17:13:00
2167M,千早（操）,TRUE,↓,17:15:30
2167M,箱崎,FALSE,17:16:45,17:17:15
2167M,吉塚,FALSE,17:19:00,17:19:30
2167M,博多[7],FALSE,17:22:15,17:26:15
2167M,竹下,FALSE,17:29:30,17:30:00
2167M,笹原,FALSE,17:32:45,17:33:15
2167M,南福岡,FALSE,17:36:00,17:41:00
2167M,春日,FALSE,17:43:45,17:44:15
2167M,大野城,FALSE,17:46:30,17:47:00
2167M,水城,FALSE,17:49:15,17:49:45
2167M,大宰府（信）,TRUE,↓,17:50:15
2167M,都府楼南,FALSE,17:51:30,17:52:00
2167M,二日市,FALSE,17:54:15,17:54:45
2167M,天拝山,FALSE,17:57:00,17:57:30
2167M,原田,FALSE,18:01:15,18:01:45
2167M,けやき台,FALSE,18:04:00,18:04:30
2167M,基山,FALSE,18:06:45,18:07:15
2167M,弥生が丘,FALSE,18:09:30,18:10:00
2167M,田代,FALSE,18:12:15,18:12:45
2167M,鳥栖[4],FALSE,18:15:30,
2171M,福間,FALSE,,17:37:00
2171M,千鳥,FALSE,17:39:45,17:40:15
2171M,古賀,FALSE,17:42:00,17:42:30
2171M,ししぶ,FALSE,17:44:45,17:45:15
2171M,新宮中央,FALSE,17:46:30,17:47:00
2171M,福工大前,FALSE,17:49:15,17:49:45
2171M,九産大前,FALSE,17:52:30,17:53:00
2171M,香椎,FALSE,17:55:15,17:55:45
2171M,千早,FALSE,17:57:30,17:58:00
2171M,千早（操）,TRUE,↓,18:00:30
2171M,箱崎,FALSE,18:02:15,18:02:45
2171M,吉塚,FALSE,18:04:00,18:04:30
2171M,博多[6],FALSE,18:07:15,18:14:15
2171M,竹下,FALSE,18:17:30,18:18:00
2171M,笹原,FALSE,18:20:45,18:21:15
2171M,南福岡,FALSE,18:23:30,18:24:00
2171M,春日,FALSE,18:26:15,18:26:45
2171M,大野城,FALSE,18:28:30,18:29:00
2171M,水城,FALSE,18:31:15,18:31:45
2171M,大宰府（信）,TRUE,↓,18:32:15
2171M,都府楼南,FALSE,18:34:00,18:34:30
2171M,二日市,FALSE,18:37:15,18:45:15
2171M,天拝山,FALSE,18:48:00,18:48:30
2171M,原田,FALSE,18:52:15,18:55:15
2171M,けやき台,FALSE,18:58:00,18:58:30
2171M,基山,FALSE,19:00:15,19:00:45
2171M,弥生が丘,FALSE,19:03:00,19:03:30
2171M,田代,FALSE,19:06:15,19:06:45
2171M,鳥栖[4],FALSE,19:08:30,
2173M,福間,FALSE,,17:58:00
2173M,千鳥,FALSE,18:00:45,18:01:15
2173M,古賀,FALSE,18:03:00,18:03:30
2173M,ししぶ,FALSE,18:05:15,18:05:45
2173M,新宮中央,FALSE,18:07:30,18:08:00
2173M,福工大前,FALSE,18:10:15,18:10:45
2173M,九産大前,FALSE,18:13:30,18:14:00
2173M,香椎,FALSE,18:16:15,18:16:45
2173M,千早,FALSE,18:18:30,18:19:00
2173M,千早（操）,TRUE,↓,18:21:30
2173M,箱崎,FALSE,18:23:15,18:23:45
2173M,吉塚,FALSE,18:25:30,18:26:00
2173M,博多[6],FALSE,18:28:15,18:33:15
2173M,竹下,FALSE,18:36:30,18:37:00
2173M,笹原,FALSE,18:39:45,18:40:15
2173M,南福岡,FALSE,18:42:00,18:45:00
2173M,春日,FALSE,18:47:45,18:48:15
2173M,大野城,FALSE,18:50:00,18:50:30
2173M,水城,FALSE,18:52:45,18:53:15
2173M,大宰府（信）,TRUE,↓,18:53:45
2173M,都府楼南,FALSE,18:55:00,18:55:30
2173M,二日市,FALSE,18:57:15,19:06:15
2173M,天拝山,FALSE,19:08:00,19:08:30
2173M,原田,FALSE,19:12:15,19:15:15
2173M,けやき台,FALSE,19:18:00,19:18:30
2173M,基山,FALSE,19:20:15,19:20:45
2173M,弥生が丘,FALSE,19:23:00,19:23:30
2173M,田代,FALSE,19:26:15,19:26:45
2173M,鳥栖[4],FALSE,19:29:30,
2347M,福間,FALSE,,18:17:00
2347M,千鳥,FALSE,18:19:15,18:19:45
2347M,古賀,FALSE,18:21:30,18:22:00
2347M,ししぶ,FALSE,18:24:15,18:24:45
2347M,新宮中央,FALSE,18:26:00,18:26:30
2347M,福工大前,FALSE,18:28:45,18:29:15
2347M,九産大前,FALSE,18:32:00,18:32:30
2347M,香椎,FALSE,18:35:15,18:37:15
2347M,千早,FALSE,18:38:30,18:39:00
2347M,千早（操）,TRUE,↓,18:41:30
2347M,箱崎,FALSE,18:43:15,18:43:45
2347M,吉塚,FALSE,18:45:30,18:46:00
2347M,博多[6],FALSE,18:48:15,18:54:15
2347M,竹下,FALSE,18:58:00,18:58:30
2347M,笹原,FALSE,19:01:45,19:02:15
2347M,南福岡,FALSE,19:05:00,19:08:00
2347M,春日,FALSE,19:10:15,19:10:45
2347M,大野城,FALSE,19:12:30,19:13:00
2347M,水城,FALSE,19:15:15,19:15:45
2347M,大宰府（信）,TRUE,↓,19:16:15
2347M,都府楼南,FALSE,19:17:30,19:18:00
2347M,二日市,FALSE,19:20:15,19:28:15
2347M,天拝山,FALSE,19:31:00,19:31:30
2347M,原田,FALSE,19:34:45,19:35:15
2347M,けやき台,FALSE,19:37:30,19:38:00
2347M,基山,FALSE,19:40:15,19:40:45
2347M,弥生が丘,FALSE,19:43:00,19:43:30
2347M,田代,FALSE,19:46:15,19:46:45
2347M,鳥栖[6],FALSE,19:49:30,19:50:00
2347M,肥前旭,FALSE,19:53:45,19:54:15
2347M,久留米[3],FALSE,19:57:00,19:57:30
2347M,荒木,FALSE,20:02:45,
2175M,福間,FALSE,,18:39:00
2175M,千鳥,FALSE,18:42:15,18:42:45
2175M,古賀,FALSE,18:44:30,18:45:00
2175M,ししぶ,FALSE,18:47:15,18:47:45
2175M,新宮中央,FALSE,18:49:00,18:49:30
2175M,福工大前,FALSE,18:51:45,18:52:15
2175M,九産大前,FALSE,18:55:00,18:55:30
2175M,香椎,FALSE,18:57:45,18:58:15
2175M,千早,FALSE,19:00:00,19:00:30
2175M,千早（操）,TRUE,↓,19:03:00
2175M,箱崎,FALSE,19:05:15,19:05:45
2175M,吉塚,FALSE,19:07:30,19:08:00
2175M,博多[6],FALSE,19:11:15,19:15:15
2175M,竹下,FALSE,19:19:00,19:19:30
2175M,笹原,FALSE,19:22:15,19:22:45
2175M,南福岡,FALSE,19:24:30,19:25:00
2175M,春日,FALSE,19:27:45,19:28:15
2175M,大野城,FALSE,19:30:00,19:30:30
2175M,水城,FALSE,19:32:45,19:33:15
2175M,大宰府（信）,TRUE,↓,19:33:45
2175M,都府楼南,FALSE,19:35:30,19:36:00
2175M,二日市,FALSE,19:38:15,19:44:15
2175M,天拝山,FALSE,19:46:30,19:47:00
2175M,原田,FALSE,19:51:15,19:54:15
2175M,けやき台,FALSE,19:56:30,19:57:00
2175M,基山,FALSE,19:59:15,19:59:45
2175M,弥生が丘,FALSE,20:01:30,20:02:00
2175M,田代,FALSE,20:04:45,20:05:15
2175M,鳥栖[6],FALSE,20:07:30,
2177M,福間,FALSE,,18:51:00
2177M,千鳥,FALSE,18:54:15,18:54:45
2177M,古賀,FALSE,18:56:30,18:57:00
2177M,ししぶ,FALSE,18:59:15,18:59:45
2177M,新宮中央,FALSE,19:01:00,19:01:30
2177M,福工大前,FALSE,19:03:45,19:04:15
2177M,九産大前,FALSE,19:07:00,19:07:30
2177M,香椎,FALSE,19:09:45,19:10:15
2177M,千早,FALSE,19:11:30,19:12:00
2177M,千早（操）,TRUE,↓,19:14:30
2177M,箱崎,FALSE,19:15:45,19:16:15
2177M,吉塚,FALSE,19:18:00,19:18:30
2177M,博多[6],FALSE,19:21:15,19:29:15
2177M,竹下,FALSE,19:32:30,19:33:00
2177M,笹原,FALSE,19:36:15,19:36:45
2177M,南福岡,FALSE,19:39:00,19:43:00
2177M,春日,FALSE,19:45:15,19:45:45
2177M,大野城,FALSE,19:47:30,19:48:00
2177M,水城,FALSE,19:49:45,19:50:15
2177M,大宰府（信）,TRUE,↓,19:50:45
2177M,都府楼南,FALSE,19:52:30,19:53:00
2177M,二日市,FALSE,19:55:15,19:59:15
2177M,天拝山,FALSE,20:02:30,20:03:00
2177M,原田,FALSE,20:06:45,20:07:15
2177M,けやき台,FALSE,20:10:00,20:10:30
2177M,基山,FALSE,20:12:45,20:13:15
2177M,弥生が丘,FALSE,20:16:00,20:21:00
2177M,田代,FALSE,20:23:45,20:24:15
2177M,鳥栖[4],FALSE,20:26:30,
2349M,福間,FALSE,,19:16:00
2349M,千鳥,FALSE,19:19:15,19:19:45
2349M,古賀,FALSE,19:21:30,19:22:00
2349M,ししぶ,FALSE,19:23:45,19:24:15
2349M,新宮中央,FALSE,19:26:00,19:26:30
2349M,福工大前,FALSE,19:28:45,19:29:15
2349M,九産大前,FALSE,19:31:30,19:32:00
2349M,香椎,FALSE,19:34:45,19:35:15
2349M,千早,FALSE,19:37:00,19:37:30
2349M,千早（操）,TRUE,↓,19:40:00
2349M,箱崎,FALSE,19:41:45,19:42:15
2349M,吉塚,FALSE,19:43:30,19:44:00
2349M,博多[5],FALSE,19:47:15,19:54:15
2349M,竹下,FALSE,19:57:30,19:58:00
2349M,笹原,FALSE,20:01:15,20:01:45
2349M,南福岡,FALSE,20:04:00,20:07:00
2349M,春日,FALSE,20:09:45,20:10:15
2349M,大野城,FALSE,20:12:00,20:12:30
2349M,水城,FALSE,20:14:45,20:15:15
2349M,大宰府（信）,TRUE,↓,20:15:45
2349M,都府楼南,FALSE,20:17:30,20:18:00
2349M,二日市,FALSE,20:20:15,20:24:15
2349M,天拝山,FALSE,20:26:30,20:27:00
2349M,原田,FALSE,20:30:45,20:31:15
2349M,けやき台,FALSE,20:33:00,20:33:30
2349M,基山,FALSE,20:35:45,20:36:15
2349M,弥生が丘,FALSE,20:38:30,20:39:00
2349M,田代,FALSE,20:41:45,20:42:15
2349M,鳥栖[6],FALSE,20:44:30,20:45:00
2349M,肥前旭,FALSE,20:49:15,20:49:45
2349M,久留米[1],FALSE,20:53:30,
2179M,福間,FALSE,,19:37:00
2179M,千鳥,FALSE,19:40:45,19:41:15
2179M,古賀,FALSE,19:43:30,19:44:00
2179M,ししぶ,FALSE,19:46:15,19:46:45
2179M,新宮中央,FALSE,19:48:30,19:49:00
2179M,福工大前,FALSE,19:51:45,19:52:15
2179M,九産大前,FALSE,19:55:00,19:55:30
2179M,香椎,FALSE,19:58:15,19:58:45
2179M,千早,FALSE,20:00:00,20:00:30
2179M,千早（操）,TRUE,↓,20:03:00
2179M,箱崎,FALSE,20:05:15,20:05:45
2179M,吉塚,FALSE,20:07:00,20:07:30
2179M,博多[5],FALSE,20:10:15,20:12:15
2179M,竹下,FALSE,20:15:30,20:16:00
2179M,笹原,FALSE,20:19:15,20:19:45
2179M,南福岡,FALSE,20:22:30,20:23:00
2179M,春日,FALSE,20:25:15,20:25:45
2179M,大野城,FALSE,20:28:00,20:28:30
2179M,水城,FALSE,20:30:45,20:31:15
2179M,大宰府（信）,TRUE,↓,20:31:45
2179M,都府楼南,FALSE,20:33:30,20:34:00
2179M,二日市,FALSE,20:36:15,20:40:15
2179M,天拝山,FALSE,20:43:30,20:44:00
2179M,原田,FALSE,20:48:15,20:51:15
2179M,けやき台,FALSE,20:54:00,20:54:30
2179M,基山,FALSE,20:56:45,20:57:15
2179M,弥生が丘,FALSE,20:59:30,21:00:00
2179M,田代,FALSE,21:02:45,21:03:15
2179M,鳥栖[6],FALSE,21:05:30,
2181M,海老津,FALSE,,19:34:00
2181M,教育大前,FALSE,19:39:45,19:40:15
2181M,赤間,FALSE,19:42:30,19:43:00
2181M,東郷,FALSE,19:46:45,19:47:15
2181M,東福間,FALSE,19:50:00,19:50:30
2181M,福間,FALSE,19:53:15,19:59:15
2181M,千鳥,FALSE,20:01:30,20:02:00
2181M,古賀,FALSE,20:04:45,20:05:15
2181M,ししぶ,FALSE,20:07:00,20:07:30
2181M,新宮中央,FALSE,20:09:15,20:09:45
2181M,福工大前,FALSE,20:12:00,20:12:30
2181M,九産大前,FALSE,20:15:15,20:15:45
2181M,香椎,FALSE,20:18:00,20:18:30
2181M,千早,FALSE,20:21:15,20:24:15
2181M,千早（操）,TRUE,↓,20:26:45
2181M,箱崎,FALSE,20:28:30,20:29:00
2181M,吉塚,FALSE,20:30:45,20:31:15
2181M,博多[6],FALSE,20:34:30,20:35:00
2181M,竹下,FALSE,20:39:15,20:39:45
2181M,笹原,FALSE,20:42:00,20:42:30
2181M,南福岡,FALSE,20:44:45,20:45:15
2181M,春日,FALSE,20:47:00,20:47:30
2181M,大野城,FALSE,20:49:45,20:50:15
2181M,水城,FALSE,20:51:30,20:52:00
2181M,大宰府（信）,TRUE,↓,20:52:30
2181M,都府楼南,FALSE,20:54:45,20:55:15
2181M,二日市,FALSE,20:57:30,
2183M,福間,FALSE,,20:08:00
2183M,千鳥,FALSE,20:10:45,20:11:15
2183M,古賀,FALSE,20:13:00,20:17:00
2183M,ししぶ,FALSE,20:19:15,20:19:45
2183M,新宮中央,FALSE,20:21:30,20:22:00
2183M,福工大前,FALSE,20:24:15,20:29:15
2183M,九産大前,FALSE,20:32:00,20:32:30
2183M,香椎,FALSE,20:34:45,20:35:15
2183M,千早,FALSE,20:36:30,20:37:00
2183M,千早（操）,TRUE,↓,20:39:30
2183M,箱崎,FALSE,20:40:45,20:41:15
2183M,吉塚,FALSE,20:43:00,20:43:30
2183M,博多[6],FALSE,20:46:45,20:47:15
2183M,竹下,FALSE,20:50:30,20:51:00
2183M,笹原,FALSE,20:53:45,20:54:15
2183M,南福岡,FALSE,20:56:30,20:57:00
2183M,春日,FALSE,20:58:45,20:59:15
2183M,大野城,FALSE,21:01:00,21:01:30
2183M,水城,FALSE,21:03:15,21:03:45
2183M,大宰府（信）,TRUE,↓,21:04:15
2183M,都府楼南,FALSE,21:06:00,21:06:30
2183M,二日市,FALSE,21:08:15,21:08:45
2183M,天拝山,FALSE,21:10:30,21:11:00
2183M,原田,FALSE,21:15:15,21:18:15
2183M,けやき台,FALSE,21:21:00,21:21:30
2183M,基山,FALSE,21:23:15,21:23:45
2183M,弥生が丘,FALSE,21:26:00,21:26:30
2183M,田代,FALSE,21:28:45,21:29:15
2183M,鳥栖[4],FALSE,21:31:30,
2931M,福間,FALSE,,20:30:00
2931M,千鳥,FALSE,20:33:15,20:33:45
2931M,古賀,FALSE,20:36:00,20:38:00
2931M,ししぶ,FALSE,20:40:45,20:41:15
2931M,新宮中央,FALSE,20:43:00,20:43:30
2931M,福工大前,FALSE,20:45:45,20:46:15
2931M,九産大前,FALSE,20:48:30,20:49:00
2931M,香椎,FALSE,20:51:15,20:51:45
2931M,千早,FALSE,20:53:30,20:54:00
2931M,千早（操）,TRUE,↓,20:56:30
2931M,箱崎,FALSE,20:57:45,20:58:15
2931M,吉塚,FALSE,20:59:30,21:00:00
2931M,博多[5],FALSE,21:02:15,21:05:15
2931M,竹下,FALSE,21:08:30,21:09:00
2931M,笹原,FALSE,21:11:45,21:12:15
2931M,南福岡,FALSE,21:14:30,21:15:00
2931M,春日,FALSE,21:17:15,21:17:45
2931M,大野城,FALSE,21:19:30,21:20:00
2931M,水城,FALSE,21:21:45,21:22:15
2931M,大宰府（信）,TRUE,↓,21:22:45
2931M,都府楼南,FALSE,21:24:30,21:25:00
2931M,二日市,FALSE,21:27:15,21:32:15
2931M,天拝山,FALSE,21:35:00,21:35:30
2931M,原田,FALSE,21:39:45,21:40:15
2931M,けやき台,FALSE,21:42:30,21:43:00
2931M,基山,FALSE,21:45:45,21:46:15
2931M,弥生が丘,FALSE,21:49:00,21:53:00
2931M,田代,FALSE,21:56:15,21:56:45
2931M,鳥栖[6],FALSE,21:58:00,22:10:00
2931M,新鳥栖,FALSE,22:14:15,22:14:45
2931M,肥前麓,FALSE,22:16:30,22:17:00
2931M,中原,FALSE,22:20:45,22:21:15
2931M,吉野ヶ里公園,FALSE,22:24:30,22:25:00
2931M,神埼,FALSE,22:27:45,22:28:15
2931M,伊賀屋,FALSE,22:31:30,22:32:00
2931M,佐賀,FALSE,22:36:45,22:37:15
2931M,鍋島,FALSE,22:40:00,22:40:30
2931M,バルーンさが,TRUE,↓,22:41:30
2931M,久保田,FALSE,22:43:45,22:44:15
2931M,牛津,FALSE,22:47:00,22:47:30
2931M,江北[4],FALSE,22:52:45,22:53:15
2931M,大町,FALSE,22:58:00,22:58:30
2931M,北方,FALSE,23:01:15,23:01:45
2931M,高橋,FALSE,23:05:00,23:05:30
2931M,武雄温泉[2],FALSE,23:08:45,23:09:15
2931M,永尾,FALSE,23:14:00,23:14:30
2931M,三間坂,FALSE,23:18:15,23:18:45
2931M,上有田,FALSE,23:23:00,23:23:30
2931M,有田,FALSE,23:26:45,23:27:15
2931M,三河内,FALSE,23:34:30,23:35:00
2931M,早岐,FALSE,23:40:45,
2185M,海老津,FALSE,,20:36:00
2185M,教育大前,FALSE,20:42:15,20:42:45
2185M,赤間,FALSE,20:45:00,20:45:30
2185M,東郷,FALSE,20:49:15,20:49:45
2185M,東福間,FALSE,20:53:00,20:53:30
2185M,福間,FALSE,20:56:45,20:57:15
2185M,千鳥,FALSE,20:59:00,20:59:30
2185M,古賀,FALSE,21:01:45,21:02:15
2185M,ししぶ,FALSE,21:03:30,21:04:00
2185M,新宮中央,FALSE,21:06:15,21:06:45
2185M,福工大前,FALSE,21:08:30,21:09:00
2185M,九産大前,FALSE,21:12:15,21:12:45
2185M,香椎,FALSE,21:14:30,21:15:00
2185M,千早,FALSE,21:17:15,21:17:45
2185M,千早（操）,TRUE,↓,21:20:15
2185M,箱崎,FALSE,21:21:00,21:21:30
2185M,吉塚,FALSE,21:23:15,21:23:45
2185M,博多[6],FALSE,21:26:00,21:28:00
2185M,竹下,FALSE,21:32:15,21:32:45
2185M,笹原,FALSE,21:35:00,21:35:30
2185M,南福岡,FALSE,21:37:15,21:42:15
2185M,春日,FALSE,21:44:30,21:45:00
2185M,大野城,FALSE,21:47:45,21:48:15
2185M,水城,FALSE,21:50:00,21:50:30
2185M,大宰府（信）,TRUE,↓,21:51:00
2185M,都府楼南,FALSE,21:52:45,21:53:15
2185M,二日市,FALSE,21:55:30,
2351M,福間,FALSE,,21:08:00
2351M,千鳥,FALSE,21:11:45,21:12:15
2351M,古賀,FALSE,21:14:00,21:18:00
2351M,ししぶ,FALSE,21:20:45,21:21:15
2351M,新宮中央,FALSE,21:23:00,21:23:30
2351M,福工大前,FALSE,21:25:45,21:26:15
2351M,九産大前,FALSE,21:28:30,21:29:00
2351M,香椎,FALSE,21:31:15,21:31:45
2351M,千早,FALSE,21:33:30,21:34:00
2351M,千早（操）,TRUE,↓,21:36:30
2351M,箱崎,FALSE,21:37:45,21:38:15
2351M,吉塚,FALSE,21:39:30,21:40:00
2351M,博多[6],FALSE,21:43:45,21:44:15
2351M,竹下,FALSE,21:47:00,21:47:30
2351M,笹原,FALSE,21:50:15,21:50:45
2351M,南福岡,FALSE,21:53:00,21:57:00
2351M,春日,FALSE,21:59:45,22:00:15
2351M,大野城,FALSE,22:02:00,22:02:30
2351M,水城,FALSE,22:04:45,22:05:15
2351M,大宰府（信）,TRUE,↓,22:05:45
2351M,都府楼南,FALSE,22:07:00,22:07:30
2351M,二日市,FALSE,22:09:45,22:10:15
2351M,天拝山,FALSE,22:12:00,22:12:30
2351M,原田,FALSE,22:15:45,22:16:15
2351M,けやき台,FALSE,22:18:30,22:19:00
2351M,基山,FALSE,22:21:15,22:21:45
2351M,弥生が丘,FALSE,22:23:30,22:24:00
2351M,田代,FALSE,22:26:45,22:27:15
2351M,鳥栖[6],FALSE,22:29:00,22:38:00
2351M,肥前旭,FALSE,22:41:45,22:42:15
2351M,久留米[3],FALSE,22:45:00,22:45:30
2351M,荒木,FALSE,22:50:15,22:50:45
2351M,西牟田,FALSE,22:53:30,22:54:00
2351M,羽犬塚,FALSE,22:58:45,
2124M,博多[4],FALSE,,6:48:00
2124M,吉塚,FALSE,6:50:45,6:51:15
2124M,箱崎,FALSE,6:52:30,6:53:00
2124M,千早（操）,TRUE,↓,6:55:30
2124M,千早,FALSE,6:56:45,6:57:15
2124M,香椎,FALSE,6:59:00,6:59:30
2124M,九産大前,FALSE,7:02:15,7:02:45
2124M,福工大前,FALSE,7:05:30,7:06:00
2124M,新宮中央,FALSE,7:08:15,7:08:45
2124M,ししぶ,FALSE,7:10:30,7:11:00
2124M,古賀,FALSE,7:12:45,7:13:15
2124M,千鳥,FALSE,7:15:30,7:16:00
2124M,福間,FALSE,7:18:45,
2332M,羽犬塚,FALSE,,6:32:00
2332M,西牟田,FALSE,6:36:45,6:37:15
2332M,荒木,FALSE,6:40:00,6:40:30
2332M,久留米[4],FALSE,6:45:45,6:46:15
2332M,肥前旭,FALSE,6:49:30,6:50:00
2332M,鳥栖[1],FALSE,6:54:15,6:59:15
2332M,田代,FALSE,7:01:30,7:02:00
2332M,弥生が丘,FALSE,7:04:45,7:05:15
2332M,基山,FALSE,7:08:00,7:08:30
2332M,けやき台,FALSE,7:10:45,7:11:15
2332M,原田,FALSE,7:14:00,7:14:30
2332M,天拝山,FALSE,7:18:45,7:19:15
2332M,二日市,FALSE,7:21:30,7:22:00
2332M,都府楼南,FALSE,7:24:15,7:24:45
2332M,大宰府（信）,TRUE,↓,7:25:15
2332M,水城,FALSE,7:27:30,7:28:00
2332M,大野城,FALSE,7:30:45,7:31:15
2332M,春日,FALSE,7:33:00,7:33:30
2332M,南福岡,FALSE,7:36:15,7:39:15
2332M,笹原,FALSE,7:42:30,7:43:00
2332M,竹下,FALSE,7:46:15,7:46:45
2332M,博多[1],FALSE,7:50:00,7:52:00
2332M,吉塚,FALSE,7:55:15,7:55:45
2332M,箱崎,FALSE,7:57:30,7:58:00
2332M,千早（操）,TRUE,↓,8:00:30
2332M,千早,FALSE,8:02:15,8:02:45
2332M,香椎,FALSE,8:04:30,8:05:00
2332M,九産大前,FALSE,8:07:45,8:08:15
2332M,福工大前,FALSE,8:11:00,8:15:00
2332M,新宮中央,FALSE,8:17:45,8:18:15
2332M,ししぶ,FALSE,8:20:00,8:20:30
2332M,古賀,FALSE,8:22:15,8:22:45
2332M,千鳥,FALSE,8:25:00,8:25:30
2332M,福間,FALSE,8:28:45,
2334M,大牟田,FALSE,,6:18:00
2334M,銀水,FALSE,6:22:15,6:22:45
2334M,吉野,FALSE,6:25:00,6:25:30
2334M,渡瀬,FALSE,6:28:45,6:29:15
2334M,南瀬高,FALSE,6:32:30,6:33:00
2334M,瀬高,FALSE,6:36:15,6:36:45
2334M,筑後船小屋,FALSE,6:39:30,6:40:00
2334M,羽犬塚,FALSE,6:44:15,6:44:45
2334M,西牟田,FALSE,6:48:00,6:48:30
2334M,荒木,FALSE,6:52:15,6:52:45
2334M,久留米[4],FALSE,6:57:00,6:57:30
2334M,肥前旭,FALSE,7:01:15,7:01:45
2334M,鳥栖[1],FALSE,7:06:00,7:08:00
2334M,田代,FALSE,7:10:15,7:10:45
2334M,弥生が丘,FALSE,7:13:00,7:13:30
2334M,基山,FALSE,7:16:15,7:16:45
2334M,けやき台,FALSE,7:19:00,7:19:30
2334M,原田,FALSE,7:22:15,7:22:45
2334M,天拝山,FALSE,7:26:00,7:26:30
2334M,二日市,FALSE,7:29:15,7:34:15
2334M,都府楼南,FALSE,7:37:00,7:37:30
2334M,大宰府（信）,TRUE,↓,7:38:00
2334M,水城,FALSE,7:40:15,7:40:45
2334M,大野城,FALSE,7:42:30,7:43:00
2334M,春日,FALSE,7:45:45,7:46:15
2334M,南福岡,FALSE,7:48:00,7:52:00
2334M,笹原,FALSE,7:55:15,7:55:45
2334M,竹下,FALSE,7:58:30,7:59:00
2334M,博多[1],FALSE,8:03:15,8:05:15
2334M,吉塚,FALSE,8:08:30,
2126M,二日市,FALSE,,7:49:00
2126M,都府楼南,FALSE,7:51:15,7:51:45
2126M,大宰府（信）,TRUE,↓,7:52:15
2126M,水城,FALSE,7:54:00,7:54:30
2126M,大野城,FALSE,7:56:45,7:57:15
2126M,春日,FALSE,7:59:00,7:59:30
2126M,南福岡,FALSE,8:01:45,8:02:15
2126M,笹原,FALSE,8:04:30,8:05:00
2126M,竹下,FALSE,8:07:45,8:08:15
2126M,博多[1],FALSE,8:12:00,8:14:00
2126M,吉塚,FALSE,8:16:45,8:17:15
2126M,箱崎,FALSE,8:18:30,8:19:00
2126M,千早（操）,TRUE,↓,8:21:30
2126M,千早,FALSE,8:23:15,8:23:45
2126M,香椎,FALSE,8:25:30,8:26:00
2126M,九産大前,FALSE,8:28:45,8:29:15
2126M,福工大前,FALSE,8:32:00,8:36:00
2126M,新宮中央,FALSE,8:39:15,8:39:45
2126M,ししぶ,FALSE,8:41:00,8:41:30
2126M,古賀,FALSE,8:43:45,8:44:15
2126M,千鳥,FALSE,8:46:00,8:46:30
2126M,福間,FALSE,8:49:45,
2128M,南福岡,FALSE,,8:05:00
2128M,笹原,FALSE,8:08:15,8:08:45
2128M,竹下,FALSE,8:11:00,8:11:30
2128M,博多[3],FALSE,8:15:15,8:17:15
2128M,吉塚,FALSE,8:20:00,8:20:30
2128M,箱崎,FALSE,8:22:15,8:25:15
2128M,千早（操）,TRUE,↓,8:27:45
2128M,千早,FALSE,8:30:00,8:30:30
2128M,香椎,FALSE,8:33:45,8:34:15
2128M,九産大前,FALSE,8:36:00,8:36:30
2128M,福工大前,FALSE,8:40:15,8:40:45
2128M,新宮中央,FALSE,8:42:30,8:43:00
2128M,ししぶ,FALSE,8:45:15,8:45:45
2128M,古賀,FALSE,8:47:00,8:51:00
2128M,千鳥,FALSE,8:53:45,8:54:15
2128M,福間,FALSE,8:56:30,
2826M,佐賀,FALSE,,7:02:00
2826M,伊賀屋,FALSE,7:06:45,7:07:15
2826M,神埼,FALSE,7:11:00,7:11:30
2826M,吉野ヶ里公園,FALSE,7:14:45,7:15:15
2826M,中原,FALSE,7:19:00,7:19:30
2826M,肥前麓,FALSE,7:23:45,7:24:15
2826M,新鳥栖,FALSE,7:26:00,7:26:30
2826M,鳥栖[3],FALSE,7:30:15,7:38:15
2826M,田代,FALSE,7:40:00,7:40:30
2826M,弥生が丘,FALSE,7:43:15,7:43:45
2826M,基山,FALSE,7:46:00,7:46:30
2826M,けやき台,FALSE,7:48:45,7:49:15
2826M,原田,FALSE,7:52:00,7:52:30
2826M,天拝山,FALSE,7:56:15,7:56:45
2826M,二日市,FALSE,7:59:00,7:59:30
2826M,都府楼南,FALSE,8:01:45,8:02:15
2826M,大宰府（信）,TRUE,↓,8:02:45
2826M,水城,FALSE,8:04:30,8:05:00
2826M,大野城,FALSE,8:07:15,8:07:45
2826M,春日,FALSE,8:09:30,8:10:00
2826M,南福岡,FALSE,8:12:15,8:16:15
2826M,笹原,FALSE,8:19:00,8:19:30
2826M,竹下,FALSE,8:22:45,8:23:15
2826M,博多[1],FALSE,8:27:00,8:29:00
2826M,吉塚,FALSE,8:32:45,
2830M,江北[5],FALSE,,7:08:00
2830M,牛津,FALSE,7:13:15,7:13:45
2830M,久保田,FALSE,7:16:00,7:16:30
2830M,バルーンさが,TRUE,↓,7:17:30
2830M,鍋島,FALSE,7:19:45,7:20:15
2830M,佐賀,FALSE,7:23:30,7:24:00
2830M,伊賀屋,FALSE,7:28:45,7:29:15
2830M,神埼,FALSE,7:32:30,7:33:00
2830M,吉野ヶ里公園,FALSE,7:35:45,7:36:15
2830M,中原,FALSE,7:40:00,7:40:30
2830M,肥前麓,FALSE,7:44:15,7:44:45
2830M,新鳥栖,FALSE,7:46:30,7:47:00
2830M,鳥栖[3],FALSE,7:50:15,8:01:15
2830M,田代,FALSE,8:03:30,8:04:00
2830M,弥生が丘,FALSE,8:06:15,8:06:45
2830M,基山,FALSE,8:09:00,8:09:30
2830M,けやき台,FALSE,8:11:45,8:12:15
2830M,原田,FALSE,8:14:00,8:14:30
2830M,天拝山,FALSE,8:18:15,8:18:45
2830M,二日市,FALSE,8:21:00,8:32:00
2830M,都府楼南,FALSE,8:34:45,8:35:15
2830M,大宰府（信）,TRUE,↓,8:35:45
2830M,水城,FALSE,8:37:30,8:38:00
2830M,大野城,FALSE,8:40:15,8:40:45
2830M,春日,FALSE,8:42:30,8:43:00
2830M,南福岡,FALSE,8:45:45,8:46:15
2830M,笹原,FALSE,8:48:00,8:48:30
2830M,竹下,FALSE,8:51:45,8:52:15
2830M,博多[1],FALSE,8:55:00,8:57:00
2830M,吉塚,FALSE,9:00:45,
2132M,二日市,FALSE,,8:41:00
2132M,都府楼南,FALSE,8:44:15,8:44:45
2132M,大宰府（信）,TRUE,↓,8:45:15
2132M,水城,FALSE,8:47:00,8:47:30
2132M,大野城,FALSE,8:49:45,8:50:15
2132M,春日,FALSE,8:51:30,8:52:00
2132M,南福岡,FALSE,8:54:15,8:58:15
2132M,笹原,FALSE,9:00:30,9:01:00
2132M,竹下,FALSE,9:03:45,9:04:15
2132M,博多[2],FALSE,9:07:00,9:16:00
2132M,吉塚,FALSE,9:18:45,9:19:15
2132M,箱崎,FALSE,9:20:30,9:21:00
2132M,千早（操）,TRUE,↓,9:23:30
2132M,千早,FALSE,9:25:15,9:30:15
2132M,香椎,FALSE,9:32:00,9:32:30
2132M,九産大前,FALSE,9:35:15,9:35:45
2132M,福工大前,FALSE,9:38:30,9:39:00
2132M,新宮中央,FALSE,9:41:15,9:41:45
2132M,ししぶ,FALSE,9:43:00,9:43:30
2132M,古賀,FALSE,9:45:15,9:50:15
2132M,千鳥,FALSE,9:53:00,9:53:30
2132M,福間,FALSE,9:56:45,
2136M,二日市,FALSE,,9:32:00
2136M,都府楼南,FALSE,9:34:45,9:35:15
2136M,大宰府（信）,TRUE,↓,9:35:45
2136M,水城,FALSE,9:37:00,9:37:30
2136M,大野城,FALSE,9:39:45,9:40:15
2136M,春日,FALSE,9:41:30,9:42:00
2136M,南福岡,FALSE,9:44:15,9:47:15
2136M,笹原,FALSE,9:49:30,9:50:00
2136M,竹下,FALSE,9:52:45,9:53:15
2136M,博多[2],FALSE,9:56:00,10:02:00
2136M,吉塚,FALSE,10:04:45,10:05:15
2136M,箱崎,FALSE,10:07:00,10:07:30
2136M,千早（操）,TRUE,↓,10:10:00
2136M,千早,FALSE,10:11:15,10:11:45
2136M,香椎,FALSE,10:13:30,10:14:00
2136M,九産大前,FALSE,10:16:15,10:16:45
2136M,福工大前,FALSE,10:19:30,10:20:00
2136M,新宮中央,FALSE,10:22:15,10:22:45
2136M,ししぶ,FALSE,10:24:30,10:25:00
2136M,古賀,FALSE,10:26:45,10:27:15
2136M,千鳥,FALSE,10:29:30,10:30:00
2136M,福間,FALSE,10:32:45,
2340M,久留米[1],FALSE,,9:34:00
2340M,肥前旭,FALSE,9:38:15,9:38:45
2340M,鳥栖[1],FALSE,9:43:30,9:44:00
2340M,田代,FALSE,9:45:45,9:46:15
2340M,弥生が丘,FALSE,9:48:00,9:53:00
2340M,基山,FALSE,9:55:45,9:56:15
2340M,けやき台,FALSE,9:58:00,9:58:30
2340M,原田,FALSE,10:01:15,10:01:45
2340M,天拝山,FALSE,10:05:00,10:05:30
2340M,二日市,FALSE,10:08:15,10:17:15
2340M,都府楼南,FALSE,10:19:30,10:20:00
2340M,大宰府（信）,TRUE,↓,10:20:30
2340M,水城,FALSE,10:22:15,10:22:45
2340M,大野城,FALSE,10:24:30,10:25:00
2340M,春日,FALSE,10:26:45,10:27:15
2340M,南福岡,FALSE,10:29:30,10:30:00
2340M,笹原,FALSE,10:32:15,10:32:45
2340M,竹下,FALSE,10:35:00,10:35:30
2340M,博多[1],FALSE,10:39:45,10:40:15
2340M,吉塚,FALSE,10:42:30,10:43:00
2340M,箱崎,FALSE,10:45:15,10:45:45
2340M,千早（操）,TRUE,↓,10:48:15
2340M,千早,FALSE,10:49:00,10:49:30
2340M,香椎,FALSE,10:51:45,10:52:15
2340M,九産大前,FALSE,10:54:00,10:54:30
2340M,福工大前,FALSE,10:57:45,10:58:15
2340M,新宮中央,FALSE,11:00:00,11:00:30
2340M,ししぶ,FALSE,11:02:45,11:03:15
2340M,古賀,FALSE,11:04:30,11:05:00
2340M,千鳥,FALSE,11:07:45,11:08:15
2340M,福間,FALSE,11:10:30,
2142M,博多[2],FALSE,,11:02:00
2142M,吉塚,FALSE,11:05:15,11:05:45
2142M,箱崎,FALSE,11:07:30,11:08:00
2142M,千早（操）,TRUE,↓,11:10:30
2142M,千早,FALSE,11:11:45,11:12:15
2142M,香椎,FALSE,11:14:00,11:14:30
2142M,九産大前,FALSE,11:16:45,11:17:15
2142M,福工大前,FALSE,11:20:00,11:20:30
2142M,新宮中央,FALSE,11:22:45,11:23:15
2142M,ししぶ,FALSE,11:25:00,11:25:30
2142M,古賀,FALSE,11:27:15,11:27:45
2142M,千鳥,FALSE,11:30:00,11:30:30
2142M,福間,FALSE,11:33:45,
2342M,荒尾,FALSE,,9:46:00
2342M,大牟田,FALSE,9:50:45,9:51:15
2342M,銀水,FALSE,9:54:30,9:55:00
2342M,吉野,FALSE,9:58:15,9:58:45
2342M,渡瀬,FALSE,10:01:30,10:02:00
2342M,南瀬高,FALSE,10:05:45,10:06:15
2342M,瀬高,FALSE,10:09:30,10:10:00
2342M,筑後船小屋,FALSE,10:12:45,10:13:15
2342M,羽犬塚,FALSE,10:17:00,10:17:30
2342M,西牟田,FALSE,10:21:45,10:22:15
2342M,荒木,FALSE,10:25:30,10:26:00
2342M,久留米[4],FALSE,10:31:15,10:33:15
2342M,肥前旭,FALSE,10:36:30,10:37:00
2342M,鳥栖[1],FALSE,10:41:45,10:42:15
2342M,田代,FALSE,10:44:00,10:44:30
2342M,弥生が丘,FALSE,10:47:15,10:47:45
2342M,基山,FALSE,10:50:00,10:50:30
2342M,けやき台,FALSE,10:52:45,10:53:15
2342M,原田,FALSE,10:55:00,10:59:00
2342M,天拝山,FALSE,11:02:45,11:03:15
2342M,二日市,FALSE,11:05:00,11:10:00
2342M,都府楼南,FALSE,11:12:15,11:12:45
2342M,大宰府（信）,TRUE,↓,11:13:15
2342M,水城,FALSE,11:14:30,11:15:00
2342M,大野城,FALSE,11:17:15,11:17:45
2342M,春日,FALSE,11:19:00,11:19:30
2342M,南福岡,FALSE,11:24:15,11:30:15
2342M,笹原,FALSE,11:32:30,11:33:00
2342M,竹下,FALSE,11:35:45,11:36:15
2342M,博多[2],FALSE,11:39:00,11:41:00
2342M,吉塚,FALSE,11:43:45,11:44:15
2342M,箱崎,FALSE,11:46:00,11:46:30
2342M,千早（操）,TRUE,↓,11:49:00
2342M,千早,FALSE,11:50:15,11:50:45
2342M,香椎,FALSE,11:53:00,11:53:30
2342M,九産大前,FALSE,11:56:15,11:56:45
2342M,福工大前,FALSE,11:59:30,12:00:00
2342M,新宮中央,FALSE,12:02:15,12:02:45
2342M,ししぶ,FALSE,12:04:30,12:05:00
2342M,古賀,FALSE,12:07:15,12:11:15
2342M,千鳥,FALSE,12:13:30,12:14:00
2342M,福間,FALSE,12:16:45,
2344M,久留米[1],FALSE,,11:05:00
2344M,肥前旭,FALSE,11:08:45,11:09:15
2344M,鳥栖[1],FALSE,11:13:00,11:13:30
2344M,田代,FALSE,11:15:15,11:15:45
2344M,弥生が丘,FALSE,11:18:00,11:22:00
2344M,基山,FALSE,11:24:15,11:24:45
2344M,けやき台,FALSE,11:26:30,11:27:00
2344M,原田,FALSE,11:29:45,11:30:15
2344M,天拝山,FALSE,11:33:00,11:33:30
2344M,二日市,FALSE,11:36:15,11:36:45
2344M,都府楼南,FALSE,11:38:00,11:38:30
2344M,大宰府（信）,TRUE,↓,11:39:00
2344M,水城,FALSE,11:41:15,11:41:45
2344M,大野城,FALSE,11:43:00,11:43:30
2344M,春日,FALSE,11:45:45,11:46:15
2344M,南福岡,FALSE,11:48:00,11:50:00
2344M,笹原,FALSE,11:53:15,11:53:45
2344M,竹下,FALSE,11:56:30,11:57:00
2344M,博多[1],FALSE,12:01:45,12:02:15
2344M,吉塚,FALSE,12:04:30,12:05:00
2344M,箱崎,FALSE,12:07:15,12:07:45
2344M,千早（操）,TRUE,↓,12:10:15
2344M,千早,FALSE,12:11:00,12:11:30
2344M,香椎,FALSE,12:13:45,12:14:15
2344M,九産大前,FALSE,12:16:00,12:16:30
2344M,福工大前,FALSE,12:19:45,12:20:15
2344M,新宮中央,FALSE,12:22:00,12:22:30
2344M,ししぶ,FALSE,12:24:45,12:25:15
2344M,古賀,FALSE,12:26:30,12:27:00
2344M,千鳥,FALSE,12:29:45,12:30:15
2344M,福間,FALSE,12:32:30,
2148M,二日市,FALSE,,12:16:00
2148M,都府楼南,FALSE,12:18:45,12:19:15
2148M,大宰府（信）,TRUE,↓,12:19:45
2148M,水城,FALSE,12:21:00,12:21:30
2148M,大野城,FALSE,12:23:45,12:24:15
2148M,春日,FALSE,12:25:30,12:26:00
2148M,南福岡,FALSE,12:28:15,12:32:15
2148M,笹原,FALSE,12:35:00,12:35:30
2148M,竹下,FALSE,12:38:15,12:38:45
2148M,博多[1],FALSE,12:42:30,12:43:00
2148M,吉塚,FALSE,12:45:45,12:46:15
2148M,箱崎,FALSE,12:47:30,12:48:00
2148M,千早（操）,TRUE,↓,12:50:30
2148M,千早,FALSE,12:51:45,12:52:15
2148M,香椎,FALSE,12:54:00,12:54:30
2148M,九産大前,FALSE,12:57:15,12:57:45
2148M,福工大前,FALSE,13:00:30,13:01:00
2148M,新宮中央,FALSE,13:03:15,13:03:45
2148M,ししぶ,FALSE,13:05:00,13:05:30
2148M,古賀,FALSE,13:08:15,13:11:15
2148M,千鳥,FALSE,13:13:30,13:14:00
2148M,福間,FALSE,13:16:45,
2346M,荒木,FALSE,,12:01:00
2346M,久留米[4],FALSE,12:06:45,12:07:15
2346M,肥前旭,FALSE,12:10:30,12:11:00
2346M,鳥栖[1],FALSE,12:15:15,12:18:15
2346M,田代,FALSE,12:20:30,12:21:00
2346M,弥生が丘,FALSE,12:23:15,12:23:45
2346M,基山,FALSE,12:26:00,12:26:30
2346M,けやき台,FALSE,12:28:45,12:29:15
2346M,原田,FALSE,12:31:30,12:32:00
2346M,天拝山,FALSE,12:35:15,12:35:45
2346M,二日市,FALSE,12:38:00,12:38:30
2346M,都府楼南,FALSE,12:40:45,12:41:15
2346M,大宰府（信）,TRUE,↓,12:41:45
2346M,水城,FALSE,12:43:00,12:43:30
2346M,大野城,FALSE,12:45:45,12:46:15
2346M,春日,FALSE,12:48:00,12:48:30
2346M,南福岡,FALSE,12:50:45,12:51:15
2346M,笹原,FALSE,12:53:30,12:54:00
2346M,竹下,FALSE,12:56:45,12:57:15
2346M,博多[1],FALSE,13:00:00,13:02:00
2346M,吉塚,FALSE,13:04:45,13:05:15
2346M,箱崎,FALSE,13:07:00,13:07:30
2346M,千早（操）,TRUE,↓,13:10:00
2346M,千早,FALSE,13:11:15,13:11:45
2346M,香椎,FALSE,13:13:30,13:14:00
2346M,九産大前,FALSE,13:16:15,13:16:45
2346M,福工大前,FALSE,13:19:30,13:20:00
2346M,新宮中央,FALSE,13:22:15,13:22:45
2346M,ししぶ,FALSE,13:24:30,13:25:00
2346M,古賀,FALSE,13:26:45,13:27:15
2346M,千鳥,FALSE,13:29:30,13:30:00
2346M,福間,FALSE,13:32:45,
2152M,二日市,FALSE,,13:19:00
2152M,都府楼南,FALSE,13:21:15,13:21:45
2152M,大宰府（信）,TRUE,↓,13:22:15
2152M,水城,FALSE,13:24:00,13:24:30
2152M,大野城,FALSE,13:26:15,13:26:45
2152M,春日,FALSE,13:28:30,13:29:00
2152M,南福岡,FALSE,13:30:45,13:31:15
2152M,笹原,FALSE,13:33:30,13:34:00
2152M,竹下,FALSE,13:36:45,13:37:15
2152M,博多[1],FALSE,13:40:30,13:41:00
2152M,吉塚,FALSE,13:44:15,13:44:45
2152M,箱崎,FALSE,13:46:30,13:47:00
2152M,千早（操）,TRUE,↓,13:49:30
2152M,千早,FALSE,13:50:45,13:51:15
2152M,香椎,FALSE,13:53:30,13:54:00
2152M,九産大前,FALSE,13:56:15,13:56:45
2152M,福工大前,FALSE,13:59:30,14:00:00
2152M,新宮中央,FALSE,14:02:15,14:02:45
2152M,ししぶ,FALSE,14:04:30,14:05:00
2152M,古賀,FALSE,14:07:15,14:11:15
2152M,千鳥,FALSE,14:13:30,14:14:00
2152M,福間,FALSE,14:16:45,
2348M,久留米[1],FALSE,,13:06:00
2348M,肥前旭,FALSE,13:10:15,13:10:45
2348M,鳥栖[1],FALSE,13:15:00,13:15:30
2348M,田代,FALSE,13:17:15,13:17:45
2348M,弥生が丘,FALSE,13:20:00,13:20:30
2348M,基山,FALSE,13:22:45,13:23:15
2348M,けやき台,FALSE,13:25:00,13:25:30
2348M,原田,FALSE,13:28:15,13:28:45
2348M,天拝山,FALSE,13:31:30,13:32:00
2348M,二日市,FALSE,13:34:45,13:35:15
2348M,都府楼南,FALSE,13:36:30,13:37:00
2348M,大宰府（信）,TRUE,↓,13:37:30
2348M,水城,FALSE,13:39:45,13:40:15
2348M,大野城,FALSE,13:41:30,13:42:00
2348M,春日,FALSE,13:44:15,13:44:45
2348M,南福岡,FALSE,13:46:00,13:49:00
2348M,笹原,FALSE,13:52:45,13:53:15
2348M,竹下,FALSE,13:55:30,13:56:00
2348M,博多[1],FALSE,14:00:15,14:02:15
2348M,吉塚,FALSE,14:04:30,14:05:00
2348M,箱崎,FALSE,14:07:15,14:07:45
2348M,千早（操）,TRUE,↓,14:10:15
2348M,千早,FALSE,14:11:00,14:11:30
2348M,香椎,FALSE,14:13:45,14:14:15
2348M,九産大前,FALSE,14:16:00,14:16:30
2348M,福工大前,FALSE,14:19:45,14:20:15
2348M,新宮中央,FALSE,14:22:00,14:22:30
2348M,ししぶ,FALSE,14:24:45,14:25:15
2348M,古賀,FALSE,14:26:30,14:27:00
2348M,千鳥,FALSE,14:29:45,14:30:15
2348M,福間,FALSE,14:32:30,
2156M,二日市,FALSE,,14:19:00
2156M,都府楼南,FALSE,14:21:45,14:22:15
2156M,大宰府（信）,TRUE,↓,14:22:45
2156M,水城,FALSE,14:24:00,14:24:30
2156M,大野城,FALSE,14:26:45,14:27:15
2156M,春日,FALSE,14:28:30,14:29:00
2156M,南福岡,FALSE,14:31:45,14:32:15
2156M,笹原,FALSE,14:34:00,14:34:30
2156M,竹下,FALSE,14:37:15,14:37:45
2156M,博多[1],FALSE,14:41:30,14:42:00
2156M,吉塚,FALSE,14:44:45,14:45:15
2156M,箱崎,FALSE,14:47:00,14:47:30
2156M,千早（操）,TRUE,↓,14:50:00
2156M,千早,FALSE,14:51:15,14:51:45
2156M,香椎,FALSE,14:53:30,14:54:00
2156M,九産大前,FALSE,14:56:45,14:57:15
2156M,福工大前,FALSE,15:00:00,15:00:30
2156M,新宮中央,FALSE,15:02:45,15:03:15
2156M,ししぶ,FALSE,15:04:30,15:05:00
2156M,古賀,FALSE,15:07:15,15:11:15
2156M,千鳥,FALSE,15:13:30,15:14:00
2156M,福間,FALSE,15:16:45,
2350M,久留米[1],FALSE,,14:06:00
2350M,肥前旭,FALSE,14:10:15,14:10:45
2350M,鳥栖[1],FALSE,14:15:00,14:15:30
2350M,田代,FALSE,14:17:15,14:17:45
2350M,弥生が丘,FALSE,14:20:00,14:20:30
2350M,基山,FALSE,14:22:45,14:23:15
2350M,けやき台,FALSE,14:25:00,14:25:30
2350M,原田,FALSE,14:28:15,14:28:45
2350M,天拝山,FALSE,14:31:30,14:32:00
2350M,二日市,FALSE,14:34:45,14:35:15
2350M,都府楼南,FALSE,14:36:30,14:37:00
2350M,大宰府（信）,TRUE,↓,14:37:30
2350M,水城,FALSE,14:39:45,14:40:15
2350M,大野城,FALSE,14:41:30,14:42:00
2350M,春日,FALSE,14:44:15,14:44:45
2350M,南福岡,FALSE,14:46:00,14:49:00
2350M,笹原,FALSE,14:52:45,14:53:15
2350M,竹下,FALSE,14:55:30,14:56:00
2350M,博多[1],FALSE,15:00:15,15:02:15
2350M,吉塚,FALSE,15:04:30,15:05:00
2350M,箱崎,FALSE,15:07:15,15:07:45
2350M,千早（操）,TRUE,↓,15:10:15
2350M,千早,FALSE,15:11:00,15:11:30
2350M,香椎,FALSE,15:13:45,15:14:15
2350M,九産大前,FALSE,15:16:00,15:16:30
2350M,福工大前,FALSE,15:19:45,15:20:15
2350M,新宮中央,FALSE,15:22:00,15:22:30
2350M,ししぶ,FALSE,15:24:45,15:25:15
2350M,古賀,FALSE,15:26:30,15:27:00
2350M,千鳥,FALSE,15:29:45,15:30:15
2350M,福間,FALSE,15:32:30,
2160M,二日市,FALSE,,15:17:00
2160M,都府楼南,FALSE,15:19:45,15:20:15
2160M,大宰府（信）,TRUE,↓,15:20:45
2160M,水城,FALSE,15:22:00,15:22:30
2160M,大野城,FALSE,15:24:45,15:25:15
2160M,春日,FALSE,15:26:30,15:27:00
2160M,南福岡,FALSE,15:29:45,15:30:15
2160M,笹原,FALSE,15:32:00,15:32:30
2160M,竹下,FALSE,15:35:15,15:35:45
2160M,博多[1],FALSE,15:38:00,15:40:00
2160M,吉塚,FALSE,15:42:45,15:43:15
2160M,箱崎,FALSE,15:45:00,15:45:30
2160M,千早（操）,TRUE,↓,15:48:00
2160M,千早,FALSE,15:49:15,15:49:45
2160M,香椎,FALSE,15:51:30,15:52:00
2160M,九産大前,FALSE,15:54:15,15:54:45
2160M,福工大前,FALSE,15:57:30,15:58:00
2160M,新宮中央,FALSE,16:00:15,16:00:45
2160M,ししぶ,FALSE,16:02:30,16:03:00
2160M,古賀,FALSE,16:04:45,16:05:15
2160M,千鳥,FALSE,16:07:30,16:08:00
2160M,福間,FALSE,16:10:45,
2352M,久留米[1],FALSE,,15:06:00
2352M,肥前旭,FALSE,15:10:45,15:11:15
2352M,鳥栖[1],FALSE,15:15:30,15:16:00
2352M,田代,FALSE,15:18:15,15:18:45
2352M,弥生が丘,FALSE,15:20:30,15:21:00
2352M,基山,FALSE,15:23:45,15:24:15
2352M,けやき台,FALSE,15:26:00,15:26:30
2352M,原田,FALSE,15:28:45,15:29:15
2352M,天拝山,FALSE,15:32:30,15:33:00
2352M,二日市,FALSE,15:35:15,15:35:45
2352M,都府楼南,FALSE,15:37:30,15:38:00
2352M,大宰府（信）,TRUE,↓,15:38:30
2352M,水城,FALSE,15:40:15,15:40:45
2352M,大野城,FALSE,15:42:30,15:43:00
2352M,春日,FALSE,15:44:45,15:45:15
2352M,南福岡,FALSE,15:47:00,15:50:00
2352M,笹原,FALSE,15:53:15,15:53:45
2352M,竹下,FALSE,15:56:00,15:56:30
2352M,博多[1],FALSE,16:00:15,16:02:15
2352M,吉塚,FALSE,16:04:30,16:05:00
2352M,箱崎,FALSE,16:07:15,16:07:45
2352M,千早（操）,TRUE,↓,16:10:15
2352M,千早,FALSE,16:11:00,16:11:30
2352M,香椎,FALSE,16:13:45,16:14:15
2352M,九産大前,FALSE,16:16:30,16:17:00
2352M,福工大前,FALSE,16:20:15,16:20:45
2352M,新宮中央,FALSE,16:23:00,16:23:30
2352M,ししぶ,FALSE,16:25:15,16:25:45
2352M,古賀,FALSE,16:27:30,16:28:00
2352M,千鳥,FALSE,16:30:15,16:30:45
2352M,福間,FALSE,16:33:30,
2164M,二日市,FALSE,,16:25:00
2164M,都府楼南,FALSE,16:27:45,16:28:15
2164M,大宰府（信）,TRUE,↓,16:28:45
2164M,水城,FALSE,16:30:00,16:30:30
2164M,大野城,FALSE,16:32:45,16:33:15
2164M,春日,FALSE,16:34:30,16:35:00
2164M,南福岡,FALSE,16:37:45,16:38:15
2164M,笹原,FALSE,16:40:00,16:40:30
2164M,竹下,FALSE,16:43:15,16:43:45
2164M,博多[2],FALSE,16:46:00,16:48:00
2164M,吉塚,FALSE,16:50:45,16:51:15
2164M,箱崎,FALSE,16:52:30,16:53:00
2164M,千早（操）,TRUE,↓,16:55:30
2164M,千早,FALSE,16:56:45,16:57:15
2164M,香椎,FALSE,16:59:00,16:59:30
2164M,九産大前,FALSE,17:02:15,17:02:45
2164M,福工大前,FALSE,17:06:00,17:13:00
2164M,新宮中央,FALSE,17:16:15,17:16:45
2164M,ししぶ,FALSE,17:18:30,17:19:00
2164M,古賀,FALSE,17:21:15,17:24:15
2164M,千鳥,FALSE,17:27:00,17:27:30
2164M,福間,FALSE,17:30:45,
2354M,久留米[1],FALSE,,16:04:00
2354M,肥前旭,FALSE,16:08:15,16:08:45
2354M,鳥栖[1],FALSE,16:12:30,16:13:00
2354M,田代,FALSE,16:15:45,16:16:15
2354M,弥生が丘,FALSE,16:18:30,16:19:00
2354M,基山,FALSE,16:21:15,16:21:45
2354M,けやき台,FALSE,16:23:30,16:24:00
2354M,原田,FALSE,16:26:45,16:27:15
2354M,天拝山,FALSE,16:30:00,16:30:30
2354M,二日市,FALSE,16:33:15,16:33:45
2354M,都府楼南,FALSE,16:35:00,16:35:30
2354M,大宰府（信）,TRUE,↓,16:36:00
2354M,水城,FALSE,16:38:15,16:38:45
2354M,大野城,FALSE,16:40:00,16:40:30
2354M,春日,FALSE,16:42:45,16:43:15
2354M,南福岡,FALSE,16:45:00,16:56:00
2354M,笹原,FALSE,16:58:45,16:59:15
2354M,竹下,FALSE,17:01:30,17:02:00
2354M,博多[2],FALSE,17:05:45,17:06:15
2354M,吉塚,FALSE,17:09:00,17:09:30
2354M,箱崎,FALSE,17:11:45,17:12:15
2354M,千早（操）,TRUE,↓,17:14:45
2354M,千早,FALSE,17:15:30,17:16:00
2354M,香椎,FALSE,17:18:15,17:18:45
2354M,九産大前,FALSE,17:20:30,17:21:00
2354M,福工大前,FALSE,17:24:15,17:32:15
2354M,新宮中央,FALSE,17:35:00,17:35:30
2354M,ししぶ,FALSE,17:37:45,17:38:15
2354M,古賀,FALSE,17:39:30,17:40:00
2354M,千鳥,FALSE,17:42:45,17:43:15
2354M,福間,FALSE,17:45:30,
2168M,二日市,FALSE,,17:16:00
2168M,都府楼南,FALSE,17:18:45,17:19:15
2168M,大宰府（信）,TRUE,↓,17:19:45
2168M,水城,FALSE,17:21:30,17:22:00
2168M,大野城,FALSE,17:24:15,17:24:45
2168M,春日,FALSE,17:26:30,17:27:00
2168M,南福岡,FALSE,17:29:15,17:32:15
2168M,笹原,FALSE,17:35:00,17:35:30
2168M,竹下,FALSE,17:38:45,17:39:15
2168M,博多[4],FALSE,17:43:30,17:44:00
2168M,吉塚,FALSE,17:47:15,17:47:45
2168M,箱崎,FALSE,17:49:00,17:49:30
2168M,千早（操）,TRUE,↓,17:52:00
2168M,千早,FALSE,17:53:15,17:53:45
2168M,香椎,FALSE,17:55:30,17:56:00
2168M,九産大前,FALSE,17:58:45,17:59:15
2168M,福工大前,FALSE,18:02:00,18:10:00
2168M,新宮中央,FALSE,18:12:45,18:13:15
2168M,ししぶ,FALSE,18:15:00,18:15:30
2168M,古賀,FALSE,18:17:15,18:17:45
2168M,千鳥,FALSE,18:20:00,18:20:30
2168M,福間,FALSE,18:23:45,
2170M,南福岡,FALSE,,17:57:00
2170M,笹原,FALSE,18:00:15,18:00:45
2170M,竹下,FALSE,18:03:00,18:03:30
2170M,博多[2],FALSE,18:07:15,18:11:15
2170M,吉塚,FALSE,18:13:30,18:14:00
2170M,箱崎,FALSE,18:16:15,18:16:45
2170M,千早（操）,TRUE,↓,18:19:15
2170M,千早,FALSE,18:20:30,18:21:00
2170M,香椎,FALSE,18:23:15,18:27:15
2170M,九産大前,FALSE,18:29:00,18:29:30
2170M,福工大前,FALSE,18:32:45,18:33:15
2170M,新宮中央,FALSE,18:35:00,18:35:30
2170M,ししぶ,FALSE,18:37:45,18:38:15
2170M,古賀,FALSE,18:39:30,18:40:00
2170M,千鳥,FALSE,18:42:45,18:43:15
2170M,福間,FALSE,18:46:30,
2174M,二日市,FALSE,,18:13:00
2174M,都府楼南,FALSE,18:15:15,18:15:45
2174M,大宰府（信）,TRUE,↓,18:16:15
2174M,水城,FALSE,18:18:00,18:18:30
2174M,大野城,FALSE,18:20:45,18:21:15
2174M,春日,FALSE,18:23:00,18:23:30
2174M,南福岡,FALSE,18:26:15,18:29:15
2174M,笹原,FALSE,18:31:30,18:32:00
2174M,竹下,FALSE,18:35:15,18:35:45
2174M,博多[1],FALSE,18:40:00,18:42:00
2174M,吉塚,FALSE,18:44:45,18:45:15
2174M,箱崎,FALSE,18:47:30,18:48:00
2174M,千早（操）,TRUE,↓,18:50:30
2174M,千早,FALSE,18:52:15,18:52:45
2174M,香椎,FALSE,18:55:00,18:55:30
2174M,九産大前,FALSE,18:58:15,18:58:45
2174M,福工大前,FALSE,19:02:00,19:09:00
2174M,新宮中央,FALSE,19:12:15,19:12:45
2174M,ししぶ,FALSE,19:14:30,19:15:00
2174M,古賀,FALSE,19:17:15,19:17:45
2174M,千鳥,FALSE,19:20:00,19:20:30
2174M,福間,FALSE,19:23:45,
2176M,鳥栖[4],FALSE,,18:02:00
2176M,田代,FALSE,18:04:45,18:05:15
2176M,弥生が丘,FALSE,18:07:00,18:07:30
2176M,基山,FALSE,18:10:15,18:10:45
2176M,けやき台,FALSE,18:12:30,18:13:00
2176M,原田,FALSE,18:15:15,18:20:15
2176M,天拝山,FALSE,18:24:30,18:25:00
2176M,二日市,FALSE,18:27:15,18:42:15
2176M,都府楼南,FALSE,18:44:30,18:45:00
2176M,大宰府（信）,TRUE,↓,18:45:30
2176M,水城,FALSE,18:48:15,18:48:45
2176M,大野城,FALSE,18:50:30,18:51:00
2176M,春日,FALSE,18:53:15,18:53:45
2176M,南福岡,FALSE,18:55:30,18:56:00
2176M,笹原,FALSE,18:58:45,18:59:15
2176M,竹下,FALSE,19:02:00,19:02:30
2176M,博多[1],FALSE,19:06:15,19:11:15
2176M,吉塚,FALSE,19:14:00,19:14:30
2176M,箱崎,FALSE,19:16:45,19:17:15
2176M,千早（操）,TRUE,↓,19:19:45
2176M,千早,FALSE,19:21:00,19:21:30
2176M,香椎,FALSE,19:23:15,19:27:15
2176M,九産大前,FALSE,19:29:30,19:30:00
2176M,福工大前,FALSE,19:33:45,19:34:15
2176M,新宮中央,FALSE,19:36:00,19:36:30
2176M,ししぶ,FALSE,19:38:45,19:39:15
2176M,古賀,FALSE,19:41:00,19:41:30
2176M,千鳥,FALSE,19:43:45,19:44:15
2176M,福間,FALSE,19:47:30,
2866M,江北[3],FALSE,,17:52:00
2866M,牛津,FALSE,17:57:45,17:58:15
2866M,久保田,FALSE,18:01:00,18:07:00
2866M,バルーンさが,TRUE,↓,18:08:00
2866M,鍋島,FALSE,18:11:15,18:11:45
2866M,佐賀,FALSE,18:14:00,18:16:00
2866M,伊賀屋,FALSE,18:20:45,18:21:15
2866M,神埼,FALSE,18:24:30,18:25:00
2866M,吉野ヶ里公園,FALSE,18:28:15,18:28:45
2866M,中原,FALSE,18:32:30,18:33:00
2866M,肥前麓,FALSE,18:37:15,18:37:45
2866M,新鳥栖,FALSE,18:39:30,18:40:00
2866M,鳥栖[3],FALSE,18:43:15,18:46:15
2866M,田代,FALSE,18:48:00,18:48:30
2866M,弥生が丘,FALSE,18:50:45,18:51:15
2866M,基山,FALSE,18:53:00,19:01:00
2866M,けやき台,FALSE,19:04:15,19:04:45
2866M,原田,FALSE,19:06:30,19:07:00
2866M,天拝山,FALSE,19:10:45,19:11:15
2866M,二日市,FALSE,19:13:00,19:17:00
2866M,都府楼南,FALSE,19:19:15,19:19:45
2866M,大宰府（信）,TRUE,↓,19:20:15
2866M,水城,FALSE,19:21:30,19:22:00
2866M,大野城,FALSE,19:24:15,19:24:45
2866M,春日,FALSE,19:26:00,19:26:30
2866M,南福岡,FALSE,19:29:15,19:35:15
2866M,笹原,FALSE,19:37:30,19:38:00
2866M,竹下,FALSE,19:40:45,19:41:15
2866M,博多[1],FALSE,19:44:30,19:45:00
2866M,吉塚,FALSE,19:47:45,19:48:15
2866M,箱崎,FALSE,19:50:00,19:50:30
2866M,千早（操）,TRUE,↓,19:53:00
2866M,千早,FALSE,19:54:15,19:54:45
2866M,香椎,FALSE,19:56:30,19:57:00
2866M,九産大前,FALSE,19:59:45,20:00:15
2866M,福工大前,FALSE,20:03:00,20:10:00
2866M,新宮中央,FALSE,20:13:15,20:13:45
2866M,ししぶ,FALSE,20:15:30,20:16:00
2866M,古賀,FALSE,20:17:45,20:18:15
2866M,千鳥,FALSE,20:20:30,20:21:00
2866M,福間,FALSE,20:23:45,
2178M,鳥栖[4],FALSE,,19:24:00
2178M,田代,FALSE,19:26:15,19:26:45
2178M,弥生が丘,FALSE,19:29:00,19:29:30
2178M,基山,FALSE,19:31:45,19:32:15
2178M,けやき台,FALSE,19:34:00,19:34:30
2178M,原田,FALSE,19:37:15,19:40:15
2178M,天拝山,FALSE,19:44:00,19:44:30
2178M,二日市,FALSE,19:47:15,19:47:45
2178M,都府楼南,FALSE,19:49:30,19:50:00
2178M,大宰府（信）,TRUE,↓,19:50:30
2178M,水城,FALSE,19:52:15,19:52:45
2178M,大野城,FALSE,19:54:30,19:55:00
2178M,春日,FALSE,19:56:45,19:57:15
2178M,南福岡,FALSE,19:59:30,20:00:00
2178M,笹原,FALSE,20:03:15,20:03:45
2178M,竹下,FALSE,20:06:00,20:06:30
2178M,博多[2],FALSE,20:09:15,20:11:15
2178M,吉塚,FALSE,20:13:30,20:14:00
2178M,箱崎,FALSE,20:16:15,20:16:45
2178M,千早（操）,TRUE,↓,20:19:15
2178M,千早,FALSE,20:20:30,20:21:00
2178M,香椎,FALSE,20:23:15,20:28:15
2178M,九産大前,FALSE,20:30:00,20:30:30
2178M,福工大前,FALSE,20:34:15,20:38:15
2178M,新宮中央,FALSE,20:41:00,20:41:30
2178M,ししぶ,FALSE,20:43:15,20:43:45
2178M,古賀,FALSE,20:45:30,20:46:00
2178M,千鳥,FALSE,20:48:15,20:48:45
2178M,福間,FALSE,20:51:30,
2184M,鳥栖[3],FALSE,,22:50:00
2184M,田代,FALSE,22:52:45,22:53:15
2184M,弥生が丘,FALSE,22:56:30,22:57:00
2184M,基山,FALSE,23:00:15,23:00:45
2184M,けやき台,FALSE,23:03:30,23:04:00
2184M,原田,FALSE,23:07:15,23:07:45
2184M,天拝山,FALSE,23:11:30,23:12:00
2184M,二日市,FALSE,23:15:15,23:15:45
2184M,都府楼南,FALSE,23:18:00,23:18:30
2184M,大宰府（信）,TRUE,↓,23:19:00
2184M,水城,FALSE,23:27:45,23:28:15
2184M,大野城,FALSE,23:30:00,23:30:30
2184M,春日,FALSE,23:32:45,23:33:15
2184M,南福岡,FALSE,23:35:00,23:41:00
2184M,笹原,FALSE,23:43:45,23:44:15
2184M,竹下,FALSE,23:47:00,23:47:30
2184M,博多[6],FALSE,23:52:15,0:01:15
2184M,吉塚,FALSE,0:04:00,0:04:30
2184M,箱崎,FALSE,0:06:45,0:07:15
2184M,千早（操）,TRUE,↓,0:09:45
2184M,千早,FALSE,0:11:00,0:11:30
2184M,香椎,FALSE,0:13:45,0:14:15
2184M,九産大前,FALSE,0:16:30,0:17:00
2184M,福工大前,FALSE,0:20:45,0:21:15
2184M,新宮中央,FALSE,0:23:00,0:23:30
2184M,ししぶ,FALSE,0:25:45,0:26:15
2184M,古賀,FALSE,0:28:00,0:28:30
2184M,千鳥,FALSE,0:31:15,0:31:45
2184M,福間,FALSE,0:34:30,
2321M,博多[6],FALSE,,5:13:00
2321M,竹下,FALSE,5:17:45,5:18:15
2321M,笹原,FALSE,5:20:30,5:21:00
2321M,南福岡,FALSE,5:23:15,5:26:15
2321M,春日,FALSE,5:27:30,5:28:00
2321M,大野城,FALSE,5:30:45,5:31:15
2321M,水城,FALSE,5:32:30,5:33:00
2321M,大宰府（信）,TRUE,↓,5:33:30
2321M,都府楼南,FALSE,5:35:45,5:36:15
2321M,二日市,FALSE,5:38:00,5:38:30
2321M,天拝山,FALSE,5:41:15,5:41:45
2321M,原田,FALSE,5:44:30,5:45:00
2321M,けやき台,FALSE,5:47:45,5:48:15
2321M,基山,FALSE,5:50:00,5:50:30
2321M,弥生が丘,FALSE,5:53:15,5:53:45
2321M,田代,FALSE,5:55:30,5:56:00
2321M,鳥栖[6],FALSE,5:58:15,6:02:15
2321M,肥前旭,FALSE,6:05:30,6:06:00
2321M,久留米[3],FALSE,6:09:45,6:10:15
2321M,荒木,FALSE,6:14:00,6:14:30
2321M,西牟田,FALSE,6:17:45,6:18:15
2321M,羽犬塚,FALSE,6:22:00,6:22:30
2321M,筑後船小屋,FALSE,6:25:45,6:26:15
2321M,瀬高,FALSE,6:29:00,6:29:30
2321M,南瀬高,FALSE,6:32:15,6:32:45
2321M,渡瀬,FALSE,6:36:00,6:36:30
2321M,吉野,FALSE,6:39:15,6:39:45
2321M,銀水,FALSE,6:42:30,6:43:00
2321M,大牟田,FALSE,6:46:45,
1321M,博多[4],FALSE,,6:20:00
1321M,竹下,FALSE,6:24:45,6:25:15
1321M,笹原,FALSE,6:28:00,6:28:30
1321M,南福岡,FALSE,6:30:45,6:31:15
1321M,春日,TRUE,↓,6:32:45
1321M,大野城,FALSE,6:34:30,6:35:00
1321M,水城,TRUE,↓,6:36:00
1321M,大宰府（信）,TRUE,↓,6:36:30
1321M,都府楼南,TRUE,↓,6:37:45
1321M,二日市,FALSE,6:39:45,6:40:15
1321M,天拝山,TRUE,↓,6:42:45
1321M,原田,FALSE,6:45:00,6:49:00
1321M,けやき台,TRUE,↓,6:50:30
1321M,基山,FALSE,6:53:15,6:53:45
1321M,弥生が丘,TRUE,↓,6:55:00
1321M,田代,TRUE,↓,6:57:00
1321M,鳥栖[5],FALSE,6:58:00,7:02:00
1321M,肥前旭,TRUE,↓,7:04:45
1321M,久留米[3],FALSE,7:08:45,7:09:15
1321M,荒木,FALSE,7:13:00,7:13:30
1321M,西牟田,TRUE,↓,7:16:30
1321M,羽犬塚,FALSE,7:19:45,7:20:15
1321M,筑後船小屋,FALSE,7:23:30,7:24:00
1321M,瀬高,FALSE,7:27:15,7:27:45
1321M,南瀬高,TRUE,↓,7:30:15
1321M,渡瀬,TRUE,↓,7:32:00
1321M,吉野,TRUE,↓,7:33:30
1321M,銀水,TRUE,↓,7:36:00
1321M,大牟田,FALSE,7:38:30,7:39:00
1321M,荒尾,FALSE,7:43:45,
2829M,博多[6],FALSE,,6:35:00
2829M,竹下,FALSE,6:38:15,6:38:45
2829M,笹原,FALSE,6:41:00,6:41:30
2829M,南福岡,FALSE,6:43:45,6:44:15
2829M,春日,FALSE,6:46:00,6:46:30
2829M,大野城,FALSE,6:48:45,6:49:15
2829M,水城,FALSE,6:51:00,6:51:30
2829M,大宰府（信）,TRUE,↓,6:52:00
2829M,都府楼南,FALSE,6:53:45,6:54:15
2829M,二日市,FALSE,6:56:00,6:56:30
2829M,天拝山,FALSE,6:58:45,6:59:15
2829M,原田,FALSE,7:02:00,7:02:30
2829M,けやき台,FALSE,7:05:15,7:05:45
2829M,基山,FALSE,7:07:00,7:07:30
2829M,弥生が丘,FALSE,7:10:15,7:10:45
2829M,田代,FALSE,7:13:00,7:13:30
2829M,鳥栖[6],FALSE,7:16:15,7:20:15
2829M,新鳥栖,FALSE,7:24:00,7:24:30
2829M,肥前麓,FALSE,7:26:45,7:27:15
2829M,中原,FALSE,7:30:30,7:31:00
2829M,吉野ヶ里公園,FALSE,7:35:15,7:35:45
2829M,神埼,FALSE,7:38:30,7:39:00
2829M,伊賀屋,FALSE,7:43:45,7:44:15
2829M,佐賀,FALSE,7:48:30,7:49:00
2829M,鍋島,FALSE,7:52:45,7:53:15
2829M,バルーンさが,TRUE,↓,7:54:15
2829M,久保田,FALSE,7:56:00,7:56:30
2829M,牛津,FALSE,7:59:45,8:00:15
2829M,江北[3],FALSE,8:05:30,
2323M,博多[6],FALSE,,6:56:00
2323M,竹下,FALSE,6:59:15,6:59:45
2323M,笹原,FALSE,7:01:30,7:02:00
2323M,南福岡,FALSE,7:04:45,7:05:15
2323M,春日,FALSE,7:07:00,7:07:30
2323M,大野城,FALSE,7:09:45,7:10:15
2323M,水城,FALSE,7:11:30,7:12:00
2323M,大宰府（信）,TRUE,↓,7:12:30
2323M,都府楼南,FALSE,7:14:45,7:15:15
2323M,二日市,FALSE,7:16:30,7:17:00
2323M,天拝山,FALSE,7:19:45,7:20:15
2323M,原田,FALSE,7:23:00,7:23:30
2323M,けやき台,FALSE,7:26:15,7:26:45
2323M,基山,FALSE,7:28:30,7:29:00
2323M,弥生が丘,FALSE,7:31:15,7:31:45
2323M,田代,FALSE,7:34:00,7:34:30
2323M,鳥栖[6],FALSE,7:37:45,7:38:15
2323M,肥前旭,FALSE,7:41:30,7:42:00
2323M,久留米[3],FALSE,7:46:15,7:48:15
2323M,荒木,FALSE,7:52:00,7:52:30
2323M,西牟田,FALSE,7:55:45,7:56:15
2323M,羽犬塚,FALSE,7:59:30,8:00:00
2323M,筑後船小屋,FALSE,8:03:15,8:03:45
2323M,瀬高,FALSE,8:06:00,8:06:30
2323M,南瀬高,FALSE,8:09:45,8:10:15
2323M,渡瀬,FALSE,8:13:30,8:14:00
2323M,吉野,FALSE,8:16:45,8:17:15
2323M,銀水,FALSE,8:19:30,8:20:00
2323M,大牟田,FALSE,8:24:45,
2123M,博多[6],FALSE,,7:20:00
2123M,竹下,FALSE,7:23:15,7:23:45
2123M,笹原,FALSE,7:26:00,7:26:30
2123M,南福岡,FALSE,7:29:45,7:30:15
2123M,春日,FALSE,7:31:30,7:32:00
2123M,大野城,FALSE,7:34:45,7:35:15
2123M,水城,FALSE,7:37:00,7:37:30
2123M,大宰府（信）,TRUE,↓,7:38:00
2123M,都府楼南,FALSE,7:40:15,7:40:45
2123M,二日市,FALSE,7:42:30,
2127M,博多[7],FALSE,,7:33:00
2127M,竹下,FALSE,7:36:45,7:37:15
2127M,笹原,FALSE,7:40:00,7:40:30
2127M,南福岡,FALSE,7:42:45,7:43:15
2127M,春日,FALSE,7:45:00,7:45:30
2127M,大野城,FALSE,7:47:45,7:48:15
2127M,水城,FALSE,7:50:00,7:50:30
2127M,大宰府（信）,TRUE,↓,7:51:00
2127M,都府楼南,FALSE,7:53:15,7:53:45
2127M,二日市,FALSE,7:55:00,7:55:30
2127M,天拝山,FALSE,7:57:45,7:58:15
2127M,原田,FALSE,8:02:00,8:05:00
2127M,けやき台,FALSE,8:08:15,8:08:45
2127M,基山,FALSE,8:10:30,8:11:00
2127M,弥生が丘,FALSE,8:14:15,8:17:15
2127M,田代,FALSE,8:20:30,8:21:00
2127M,鳥栖[4],FALSE,8:23:45,
1325M,博多[5],FALSE,,12:02:00
1325M,竹下,TRUE,↓,12:03:30
1325M,笹原,TRUE,↓,12:05:15
1325M,南福岡,FALSE,12:08:15,12:12:15
1325M,春日,TRUE,↓,12:13:45
1325M,大野城,FALSE,12:15:30,12:16:00
1325M,水城,TRUE,↓,12:17:00
1325M,大宰府（信）,TRUE,↓,12:17:30
1325M,都府楼南,TRUE,↓,12:18:45
1325M,二日市,FALSE,12:21:15,12:21:45
1325M,天拝山,TRUE,↓,12:24:15
1325M,原田,FALSE,12:25:30,12:26:00
1325M,けやき台,TRUE,↓,12:27:30
1325M,基山,FALSE,12:29:45,12:30:15
1325M,弥生が丘,TRUE,↓,12:31:30
1325M,田代,TRUE,↓,12:33:30
1325M,鳥栖[5],FALSE,12:35:30,12:36:00
1325M,肥前旭,TRUE,↓,12:38:45
1325M,久留米[3],FALSE,12:42:15,12:42:45
1325M,荒木,FALSE,12:46:30,12:47:00
1325M,西牟田,TRUE,↓,12:50:00
1325M,羽犬塚,FALSE,12:53:45,
1327M,博多[6],FALSE,,15:49:00
1327M,竹下,TRUE,↓,15:50:30
1327M,笹原,TRUE,↓,15:52:15
1327M,南福岡,FALSE,15:55:45,15:56:15
1327M,春日,TRUE,↓,15:57:45
1327M,大野城,FALSE,15:59:00,15:59:30
1327M,水城,TRUE,↓,16:00:30
1327M,大宰府（信）,TRUE,↓,16:01:00
1327M,都府楼南,TRUE,↓,16:02:15
1327M,二日市,FALSE,16:04:15,16:08:15
1327M,天拝山,TRUE,↓,16:10:45
1327M,原田,FALSE,16:12:30,16:13:00
1327M,けやき台,TRUE,↓,16:14:30
1327M,基山,FALSE,16:17:15,16:17:45
1327M,弥生が丘,TRUE,↓,16:19:00
1327M,田代,TRUE,↓,16:21:00
1327M,鳥栖[6],FALSE,16:23:00,16:23:30
1327M,肥前旭,TRUE,↓,16:26:15
1327M,久留米[3],FALSE,16:29:45,16:30:15
1327M,荒木,FALSE,16:34:00,16:34:30
1327M,西牟田,TRUE,↓,16:37:30
1327M,羽犬塚,FALSE,16:40:45,
2341M,博多[5],FALSE,,16:10:00
2341M,竹下,FALSE,16:13:45,16:14:15
2341M,笹原,FALSE,16:16:30,16:17:00
2341M,南福岡,FALSE,16:19:15,16:23:15
2341M,春日,FALSE,16:25:00,16:25:30
2341M,大野城,FALSE,16:27:45,16:28:15
2341M,水城,FALSE,16:30:00,16:30:30
2341M,大宰府（信）,TRUE,↓,16:31:00
2341M,都府楼南,FALSE,16:32:45,16:33:15
2341M,二日市,FALSE,16:35:00,16:35:30
2341M,天拝山,FALSE,16:37:45,16:38:15
2341M,原田,FALSE,16:41:30,16:42:00
2341M,けやき台,FALSE,16:44:15,16:44:45
2341M,基山,FALSE,16:46:30,16:47:00
2341M,弥生が丘,FALSE,16:49:15,16:49:45
2341M,田代,FALSE,16:52:00,16:52:30
2341M,鳥栖[6],FALSE,16:54:45,16:55:15
2341M,肥前旭,FALSE,16:58:30,16:59:00
2341M,久留米[1],FALSE,17:02:45,
1329M,博多[5],FALSE,,16:45:00
1329M,竹下,TRUE,↓,16:46:30
1329M,笹原,TRUE,↓,16:48:15
1329M,南福岡,FALSE,16:52:45,16:53:15
1329M,春日,TRUE,↓,16:54:45
1329M,大野城,FALSE,16:56:30,16:57:00
1329M,水城,TRUE,↓,16:58:00
1329M,大宰府（信）,TRUE,↓,16:58:30
1329M,都府楼南,TRUE,↓,16:59:45
1329M,二日市,FALSE,17:02:15,17:02:45
1329M,天拝山,TRUE,↓,17:05:15
1329M,原田,FALSE,17:06:30,17:07:00
1329M,けやき台,TRUE,↓,17:08:30
1329M,基山,FALSE,17:10:45,17:11:15
1329M,弥生が丘,TRUE,↓,17:12:30
1329M,田代,TRUE,↓,17:14:30
1329M,鳥栖[4],FALSE,17:16:30,
2169M,吉塚,FALSE,,17:34:00
2169M,博多[6],FALSE,17:37:15,17:39:15
2169M,竹下,FALSE,17:42:30,17:43:00
2169M,笹原,FALSE,17:46:15,17:46:45
2169M,南福岡,FALSE,17:49:30,17:50:00
2169M,春日,FALSE,17:52:15,17:52:45
2169M,大野城,FALSE,17:54:30,17:55:00
2169M,水城,FALSE,17:57:15,17:57:45
2169M,大宰府（信）,TRUE,↓,17:58:15
2169M,都府楼南,FALSE,18:00:30,18:01:00
2169M,二日市,FALSE,18:03:45,
2925M,吉塚,FALSE,,17:49:00
2925M,博多[6],FALSE,17:52:15,17:54:15
2925M,竹下,FALSE,17:57:30,17:58:00
2925M,笹原,FALSE,18:01:15,18:01:45
2925M,南福岡,FALSE,18:04:00,18:12:00
2925M,春日,FALSE,18:15:15,18:15:45
2925M,大野城,FALSE,18:17:30,18:18:00
2925M,水城,FALSE,18:19:45,18:20:15
2925M,大宰府（信）,TRUE,↓,18:20:45
2925M,都府楼南,FALSE,18:22:30,18:23:00
2925M,二日市,FALSE,18:25:15,18:29:15
2925M,天拝山,FALSE,18:31:30,18:32:00
2925M,原田,FALSE,18:35:15,18:35:45
2925M,けやき台,FALSE,18:38:00,18:38:30
2925M,基山,FALSE,18:40:15,18:40:45
2925M,弥生が丘,FALSE,18:43:00,18:43:30
2925M,田代,FALSE,18:45:45,18:46:15
2925M,鳥栖[6],FALSE,18:48:00,19:11:00
2925M,新鳥栖,FALSE,19:15:15,19:15:45
2925M,肥前麓,FALSE,19:17:30,19:18:00
2925M,中原,FALSE,19:22:15,19:22:45
2925M,吉野ヶ里公園,FALSE,19:26:00,19:26:30
2925M,神埼,FALSE,19:29:15,19:33:15
2925M,伊賀屋,FALSE,19:37:30,19:38:00
2925M,佐賀,FALSE,19:41:45,19:42:15
2925M,鍋島,FALSE,19:45:00,19:45:30
2925M,バルーンさが,TRUE,↓,19:46:30
2925M,久保田,FALSE,19:48:45,19:49:15
2925M,牛津,FALSE,19:51:30,19:52:00
2925M,江北[5],FALSE,19:56:15,20:14:15
2925M,大町,FALSE,20:20:00,20:20:30
2925M,北方,FALSE,20:23:45,20:24:15
2925M,高橋,FALSE,20:28:00,20:28:30
2925M,武雄温泉[2],FALSE,20:32:45,20:33:15
2925M,永尾,FALSE,20:38:00,20:38:30
2925M,三間坂,FALSE,20:42:15,20:50:15
2925M,上有田,FALSE,20:55:00,20:55:30
2925M,有田,FALSE,20:58:45,20:59:15
2925M,三河内,FALSE,21:16:30,21:17:00
2925M,早岐,FALSE,21:22:45,
1331M,博多[5],FALSE,,21:49:00
1331M,竹下,TRUE,↓,21:50:30
1331M,笹原,TRUE,↓,21:52:15
1331M,南福岡,FALSE,21:55:45,21:56:15
1331M,春日,TRUE,↓,21:57:45
1331M,大野城,FALSE,21:58:30,21:59:00
1331M,水城,TRUE,↓,22:00:00
1331M,大宰府（信）,TRUE,↓,22:00:30
1331M,都府楼南,TRUE,↓,22:01:45
1331M,二日市,FALSE,22:04:45,22:05:15
1331M,天拝山,TRUE,↓,22:07:45
1331M,原田,FALSE,22:09:30,22:10:00
1331M,けやき台,TRUE,↓,22:11:30
1331M,基山,FALSE,22:14:15,22:14:45
1331M,弥生が丘,TRUE,↓,22:16:00
1331M,田代,TRUE,↓,22:18:00
1331M,鳥栖[4],FALSE,22:20:30,
1620H,博多[8],FALSE,,6:25:00
1620H,吉塚,FALSE,6:28:15,6:28:45
1620H,柚須,FALSE,6:31:30,6:32:00
1620H,原町,FALSE,6:34:45,6:35:15
1620H,長者原,FALSE,6:36:30,6:37:00
1620H,門松,FALSE,6:40:15,6:40:45
1620H,篠栗,FALSE,6:43:30,6:44:00
1620H,筑前山手,FALSE,6:47:45,6:48:15
1620H,城戸南蔵院前,FALSE,6:50:30,6:51:00
1620H,九郎原,FALSE,6:55:45,6:56:15
1620H,筑前大分,FALSE,6:58:30,6:59:00
1620H,桂川,FALSE,7:02:45,7:03:15
1620H,天道,FALSE,7:07:00,7:07:30
1620H,飯塚,FALSE,7:11:15,7:11:45
1620H,新飯塚,FALSE,7:14:30,7:15:00
1620H,浦田,FALSE,7:17:15,7:17:45
1620H,鯰田,FALSE,7:19:30,7:20:00
1620H,小竹,FALSE,7:23:45,7:24:15
1620H,勝野,FALSE,7:28:00,7:28:30
1620H,直方,FALSE,7:32:15,7:36:15
1620H,新入,FALSE,7:38:30,7:39:00
1620H,筑前植木,FALSE,7:41:15,7:41:45
1620H,鞍手,FALSE,7:44:00,7:44:30
1620H,筑前垣生,FALSE,7:47:15,7:47:45
1620H,中間,FALSE,7:50:00,7:50:30
1620H,東水巻,FALSE,7:52:45,7:53:15
1620H,折尾[2],FALSE,7:57:00,8:01:00
1620H,陣原,FALSE,8:04:45,8:05:15
1620H,黒崎,FALSE,8:08:00,8:15:00
1620H,八幡,FALSE,8:18:45,8:19:15
1620H,スペースワールド,FALSE,8:21:00,8:26:00
1620H,枝光,FALSE,8:28:15,8:28:45
1620H,戸畑,FALSE,8:30:30,8:31:00
1620H,九州工大前,FALSE,8:33:45,8:34:15
1620H,西小倉[5],FALSE,8:37:00,8:37:30
1620H,小倉[8],FALSE,8:39:45,
2322M,久留米[4],FALSE,,5:23:00
2322M,肥前旭,FALSE,5:26:15,5:26:45
2322M,鳥栖[2],FALSE,5:30:30,5:31:00
2322M,田代,FALSE,5:33:15,5:33:45
2322M,弥生が丘,FALSE,5:36:00,5:36:30
2322M,基山,FALSE,5:38:45,5:39:15
2322M,けやき台,FALSE,5:41:30,5:42:00
2322M,原田,FALSE,5:44:45,5:45:15
2322M,天拝山,FALSE,5:48:30,5:49:00
2322M,二日市,FALSE,5:51:45,5:52:15
2322M,都府楼南,FALSE,5:54:00,5:54:30
2322M,大宰府（信）,TRUE,↓,5:55:00
2322M,水城,FALSE,5:57:15,5:57:45
2322M,大野城,FALSE,5:59:30,6:00:00
2322M,春日,FALSE,6:02:15,6:02:45
2322M,南福岡,FALSE,6:04:30,6:05:00
2322M,笹原,FALSE,6:07:45,6:08:15
2322M,竹下,FALSE,6:10:30,6:11:00
2322M,博多[4],FALSE,6:14:45,
2324M,荒木,FALSE,,5:48:00
2324M,久留米[4],FALSE,5:52:45,5:53:15
2324M,肥前旭,FALSE,5:56:30,5:57:00
2324M,鳥栖[1],FALSE,6:01:15,6:03:15
2324M,田代,FALSE,6:04:30,6:05:00
2324M,弥生が丘,FALSE,6:07:45,6:08:15
2324M,基山,FALSE,6:10:00,6:10:30
2324M,けやき台,FALSE,6:12:45,6:13:15
2324M,原田,FALSE,6:15:30,6:16:00
2324M,天拝山,FALSE,6:19:15,6:19:45
2324M,二日市,FALSE,6:22:00,6:22:30
2324M,都府楼南,FALSE,6:24:45,6:25:15
2324M,大宰府（信）,TRUE,↓,6:25:45
2324M,水城,FALSE,6:27:00,6:27:30
2324M,大野城,FALSE,6:29:45,6:30:15
2324M,春日,FALSE,6:32:00,6:32:30
2324M,南福岡,FALSE,6:34:45,6:35:15
2324M,笹原,FALSE,6:37:30,6:38:00
2324M,竹下,FALSE,6:41:15,6:41:45
2324M,博多[3],FALSE,6:45:30,
2328M,久留米[5],FALSE,,6:15:00
2328M,肥前旭,FALSE,6:19:15,6:19:45
2328M,鳥栖[1],FALSE,6:23:00,6:26:00
2328M,田代,FALSE,6:28:15,6:28:45
2328M,弥生が丘,FALSE,6:31:00,6:31:30
2328M,基山,FALSE,6:33:45,6:34:15
2328M,けやき台,FALSE,6:36:00,6:36:30
2328M,原田,FALSE,6:39:15,6:39:45
2328M,天拝山,FALSE,6:42:30,6:43:00
2328M,二日市,FALSE,6:45:45,6:46:15
2328M,都府楼南,FALSE,6:47:30,6:48:00
2328M,大宰府（信）,TRUE,↓,6:48:30
2328M,水城,FALSE,6:50:45,6:51:15
2328M,大野城,FALSE,6:52:30,6:53:00
2328M,春日,FALSE,6:55:15,6:55:45
2328M,南福岡,FALSE,6:58:00,7:01:00
2328M,笹原,FALSE,7:03:45,7:04:15
2328M,竹下,FALSE,7:06:30,7:07:00
2328M,博多[6],FALSE,7:11:45,
1220M,荒尾,FALSE,,5:43:00
1220M,大牟田,FALSE,5:47:15,5:47:45
1220M,銀水,FALSE,5:50:30,5:51:00
1220M,吉野,FALSE,5:53:45,5:54:15
1220M,渡瀬,FALSE,5:56:30,5:57:00
1220M,南瀬高,FALSE,6:00:45,6:01:15
1220M,瀬高,FALSE,6:03:30,6:04:00
1220M,筑後船小屋,FALSE,6:06:45,6:07:15
1220M,羽犬塚,FALSE,6:10:30,6:11:00
1220M,西牟田,FALSE,6:14:45,6:15:15
1220M,荒木,FALSE,6:18:00,6:18:30
1220M,久留米[4],FALSE,6:23:15,6:23:45
1220M,肥前旭,FALSE,6:27:00,6:27:30
1220M,鳥栖[1],FALSE,6:31:15,6:33:15
1220M,田代,TRUE,↓,6:35:15
1220M,弥生が丘,TRUE,↓,6:36:30
1220M,基山,FALSE,6:39:30,6:40:00
1220M,けやき台,TRUE,↓,6:41:30
1220M,原田,FALSE,6:43:45,6:44:15
1220M,天拝山,TRUE,↓,6:46:45
1220M,二日市,FALSE,6:50:00,6:50:30
1220M,都府楼南,TRUE,↓,6:51:45
1220M,大宰府（信）,TRUE,↓,6:52:15
1220M,水城,TRUE,↓,6:53:15
1220M,大野城,FALSE,7:01:15,7:01:45
1220M,春日,TRUE,↓,7:03:15
1220M,南福岡,FALSE,7:05:30,7:06:00
1220M,笹原,FALSE,7:08:15,7:08:45
1220M,竹下,FALSE,7:11:30,7:12:00
1220M,博多[7],FALSE,7:15:45,
1820M,江北[3],FALSE,,6:13:00
1820M,牛津,FALSE,6:18:45,6:19:15
1820M,久保田,FALSE,6:21:30,6:22:00
1820M,バルーンさが,TRUE,↓,6:23:00
1820M,鍋島,FALSE,6:25:15,6:25:45
1820M,佐賀,FALSE,6:28:30,6:29:00
1820M,伊賀屋,FALSE,6:32:45,6:33:15
1820M,神埼,FALSE,6:36:30,6:37:00
1820M,吉野ヶ里公園,FALSE,6:39:45,6:40:15
1820M,中原,FALSE,6:44:00,6:44:30
1820M,肥前麓,FALSE,6:48:15,6:48:45
1820M,新鳥栖,FALSE,6:50:30,6:51:00
1820M,鳥栖[2],FALSE,6:54:15,6:56:15
1820M,田代,TRUE,↓,6:58:15
1820M,弥生が丘,TRUE,↓,6:59:30
1820M,基山,FALSE,7:01:00,7:01:30
1820M,けやき台,TRUE,↓,7:03:00
1820M,原田,FALSE,7:05:45,7:06:15
1820M,天拝山,TRUE,↓,7:08:45
1820M,二日市,FALSE,7:10:30,7:11:00
1820M,都府楼南,TRUE,↓,7:12:15
1820M,大宰府（信）,TRUE,↓,7:12:45
1820M,水城,TRUE,↓,7:13:45
1820M,大野城,FALSE,7:16:45,7:17:15
1820M,春日,TRUE,↓,7:18:45
1820M,南福岡,FALSE,7:19:30,7:20:00
1820M,笹原,FALSE,7:22:45,7:23:15
1820M,竹下,FALSE,7:25:30,7:26:00
1820M,博多[1],FALSE,7:29:45,
2336M,大牟田,FALSE,,7:36:00
2336M,銀水,FALSE,7:39:45,7:40:15
2336M,吉野,FALSE,7:43:00,7:43:30
2336M,渡瀬,FALSE,7:46:45,7:47:15
2336M,南瀬高,FALSE,7:50:30,7:51:00
2336M,瀬高,FALSE,7:54:15,7:54:45
2336M,筑後船小屋,FALSE,7:57:30,7:58:00
2336M,羽犬塚,FALSE,8:01:45,8:02:15
2336M,西牟田,FALSE,8:06:00,8:06:30
2336M,荒木,FALSE,8:10:15,8:10:45
2336M,久留米[4],FALSE,8:15:00,8:15:30
2336M,肥前旭,FALSE,8:19:15,8:19:45
2336M,鳥栖[1],FALSE,8:24:30,8:25:00
2336M,田代,FALSE,8:27:15,8:27:45
2336M,弥生が丘,FALSE,8:30:00,8:30:30
2336M,基山,FALSE,8:33:15,8:33:45
2336M,けやき台,FALSE,8:36:00,8:36:30
2336M,原田,FALSE,8:39:45,8:40:15
2336M,天拝山,FALSE,8:43:30,8:44:00
2336M,二日市,FALSE,8:47:15,8:51:15
2336M,都府楼南,FALSE,8:53:30,8:54:00
2336M,大宰府（信）,TRUE,↓,8:54:30
2336M,水城,FALSE,8:56:45,8:57:15
2336M,大野城,FALSE,8:59:00,8:59:30
2336M,春日,FALSE,9:01:45,9:02:15
2336M,南福岡,FALSE,9:04:30,9:05:00
2336M,笹原,FALSE,9:07:15,9:07:45
2336M,竹下,FALSE,9:10:30,9:11:00
2336M,博多[1],FALSE,9:15:45,
2338M,荒尾,FALSE,,7:51:00
2338M,大牟田,FALSE,7:55:45,7:56:15
2338M,銀水,FALSE,7:59:00,7:59:30
2338M,吉野,FALSE,8:02:15,8:02:45
2338M,渡瀬,FALSE,8:05:00,8:05:30
2338M,南瀬高,FALSE,8:09:15,8:09:45
2338M,瀬高,FALSE,8:12:00,8:12:30
2338M,筑後船小屋,FALSE,8:15:15,8:15:45
2338M,羽犬塚,FALSE,8:19:30,8:20:00
2338M,西牟田,FALSE,8:23:45,8:24:15
2338M,荒木,FALSE,8:27:00,8:27:30
2338M,久留米[4],FALSE,8:32:15,8:32:45
2338M,肥前旭,FALSE,8:36:00,8:36:30
2338M,鳥栖[1],FALSE,8:41:15,8:45:15
2338M,田代,FALSE,8:46:30,8:47:00
2338M,弥生が丘,FALSE,8:49:45,8:50:15
2338M,基山,FALSE,8:53:00,8:58:00
2338M,けやき台,FALSE,9:00:45,9:01:15
2338M,原田,FALSE,9:03:30,9:04:00
2338M,天拝山,FALSE,9:07:45,9:08:15
2338M,二日市,FALSE,9:10:00,9:14:00
2338M,都府楼南,FALSE,9:16:45,9:17:15
2338M,大宰府（信）,TRUE,↓,9:17:45
2338M,水城,FALSE,9:19:00,9:19:30
2338M,大野城,FALSE,9:21:45,9:22:15
2338M,春日,FALSE,9:23:30,9:24:00
2338M,南福岡,FALSE,9:26:45,9:27:15
2338M,笹原,FALSE,9:29:00,9:29:30
2338M,竹下,FALSE,9:32:15,9:32:45
2338M,博多[1],FALSE,9:35:30,
2140M,鳥栖[4],FALSE,,10:13:00
2140M,田代,FALSE,10:15:45,10:16:15
2140M,弥生が丘,FALSE,10:18:00,10:18:30
2140M,基山,FALSE,10:21:15,10:21:45
2140M,けやき台,FALSE,10:23:30,10:24:00
2140M,原田,FALSE,10:26:15,10:29:15
2140M,天拝山,FALSE,10:33:00,10:33:30
2140M,二日市,FALSE,10:36:15,10:40:15
2140M,都府楼南,FALSE,10:42:00,10:42:30
2140M,大宰府（信）,TRUE,↓,10:43:00
2140M,水城,FALSE,10:45:15,10:45:45
2140M,大野城,FALSE,10:47:00,10:47:30
2140M,春日,FALSE,10:49:45,10:50:15
2140M,南福岡,FALSE,10:51:30,10:52:00
2140M,笹原,FALSE,10:54:45,10:55:15
2140M,竹下,FALSE,10:57:30,10:58:00
2140M,博多[1],FALSE,11:01:45,
1222M,荒木,FALSE,,11:21:00
1222M,久留米[4],FALSE,11:25:45,11:26:15
1222M,肥前旭,FALSE,11:29:30,11:30:00
1222M,鳥栖[1],FALSE,11:34:15,11:34:45
1222M,田代,FALSE,11:36:30,11:37:00
1222M,弥生が丘,FALSE,11:39:15,11:39:45
1222M,基山,FALSE,11:42:00,11:42:30
1222M,けやき台,FALSE,11:44:45,11:45:15
1222M,原田,FALSE,11:47:00,11:47:30
1222M,天拝山,FALSE,11:51:15,11:51:45
1222M,二日市,FALSE,11:53:30,11:54:00
1222M,都府楼南,TRUE,↓,11:55:15
1222M,大宰府（信）,TRUE,↓,11:55:45
1222M,水城,TRUE,↓,11:56:45
1222M,大野城,FALSE,11:58:45,11:59:15
1222M,春日,TRUE,↓,12:00:45
1222M,南福岡,FALSE,12:02:30,12:03:00
1222M,笹原,TRUE,↓,12:04:45
1222M,竹下,TRUE,↓,12:06:15
1222M,博多[1],FALSE,12:09:45,
2362M,羽犬塚,FALSE,,19:41:00
2362M,西牟田,FALSE,19:45:15,19:45:45
2362M,荒木,FALSE,19:48:30,19:49:00
2362M,久留米[4],FALSE,19:53:45,19:54:15
2362M,肥前旭,FALSE,19:57:00,19:57:30
2362M,鳥栖[1],FALSE,20:01:45,20:02:15
2362M,田代,FALSE,20:04:00,20:04:30
2362M,弥生が丘,FALSE,20:07:15,20:07:45
2362M,基山,FALSE,20:09:30,20:10:00
2362M,けやき台,FALSE,20:12:45,20:13:15
2362M,原田,FALSE,20:15:00,20:21:00
2362M,天拝山,FALSE,20:25:45,20:26:15
2362M,二日市,FALSE,20:29:00,20:36:00
2362M,都府楼南,FALSE,20:38:15,20:38:45
2362M,大宰府（信）,TRUE,↓,20:39:15
2362M,水城,FALSE,20:41:00,20:41:30
2362M,大野城,FALSE,20:43:45,20:44:15
2362M,春日,FALSE,20:46:00,20:46:30
2362M,南福岡,FALSE,20:49:15,20:52:15
2362M,笹原,FALSE,20:55:00,20:55:30
2362M,竹下,FALSE,20:58:15,20:58:45
2362M,博多[4],FALSE,21:01:30,
2368M,荒木,FALSE,,21:53:00
2368M,久留米[4],FALSE,21:58:15,21:58:45
2368M,肥前旭,FALSE,22:02:00,22:02:30
2368M,鳥栖[1],FALSE,22:06:15,22:21:15
2368M,田代,FALSE,22:22:30,22:23:00
2368M,弥生が丘,FALSE,22:25:45,22:26:15
2368M,基山,FALSE,22:28:00,22:32:00
2368M,けやき台,FALSE,22:34:45,22:35:15
2368M,原田,FALSE,22:37:30,22:38:00
2368M,天拝山,FALSE,22:41:15,22:41:45
2368M,二日市,FALSE,22:44:00,22:48:00
2368M,都府楼南,FALSE,22:50:45,22:51:15
2368M,大宰府（信）,TRUE,↓,22:51:45
2368M,水城,FALSE,22:53:30,22:54:00
2368M,大野城,FALSE,22:56:15,22:56:45
2368M,春日,FALSE,22:58:30,22:59:00
2368M,南福岡,FALSE,23:01:15,23:03:15
2368M,笹原,FALSE,23:06:00,23:06:30
2368M,竹下,FALSE,23:09:15,23:09:45
2368M,博多[6],FALSE,23:14:30,
5364M,八代,FALSE,,21:09:00
5364M,新八代,FALSE,21:13:15,21:13:45
5364M,千丁,FALSE,21:15:30,21:16:00
5364M,有佐,FALSE,21:19:45,21:20:15
5364M,小川,FALSE,21:24:00,21:24:30
5364M,松橋,FALSE,21:29:15,21:29:45
5364M,宇土,FALSE,21:34:00,21:34:30
5364M,富合,FALSE,21:37:45,21:38:15
5364M,川尻,FALSE,21:41:00,21:41:30
5364M,西熊本,FALSE,21:43:45,21:44:15
5364M,熊本[4],FALSE,21:49:00,21:51:00
5364M,上熊本,FALSE,21:55:15,21:55:45
5364M,崇城大学前,FALSE,21:57:30,21:58:00
5364M,西里,FALSE,22:01:15,22:01:45
5364M,植木,FALSE,22:05:00,22:05:30
5364M,田原坂,FALSE,22:09:45,22:10:15
5364M,木葉,FALSE,22:13:30,22:14:00
5364M,肥後伊倉,FALSE,22:17:45,22:18:15
5364M,玉名,FALSE,22:21:00,22:21:30
5364M,大野下,FALSE,22:25:15,22:25:45
5364M,長洲,FALSE,22:29:30,22:30:00
5364M,南荒尾,FALSE,22:33:45,22:34:15
5364M,荒尾,FALSE,22:37:00,22:37:30
5364M,大牟田,FALSE,22:42:15,22:42:45
5364M,銀水,FALSE,22:46:00,22:46:30
5364M,吉野,FALSE,22:49:15,22:49:45
5364M,渡瀬,FALSE,22:52:30,22:53:00
5364M,南瀬高,FALSE,22:56:15,22:56:45
5364M,瀬高,FALSE,22:59:30,23:00:00
5364M,筑後船小屋,FALSE,23:02:45,23:03:15
5364M,羽犬塚,FALSE,23:06:30,23:07:00
5364M,西牟田,FALSE,23:11:15,23:11:45
5364M,荒木,FALSE,23:14:30,23:15:00
5364M,久留米[4],FALSE,23:19:45,23:20:15
5364M,肥前旭,FALSE,23:23:30,23:24:00
5364M,鳥栖[2],FALSE,23:31:45,
2186M,鳥栖[2],FALSE,,23:38:00
2186M,田代,FALSE,23:40:15,23:40:45
2186M,弥生が丘,FALSE,23:42:30,23:43:00
2186M,基山,FALSE,23:45:15,23:45:45
2186M,けやき台,FALSE,23:47:30,23:48:00
2186M,原田,FALSE,23:50:15,23:50:45
2186M,天拝山,FALSE,23:54:00,23:54:30
2186M,二日市,FALSE,23:56:45,23:57:15
2186M,都府楼南,FALSE,23:59:00,23:59:30
2186M,大宰府（信）,TRUE,↓,0:00:00
2186M,水城,FALSE,0:02:45,0:03:15
2186M,大野城,FALSE,0:05:00,0:05:30
2186M,春日,FALSE,0:07:45,0:08:15
2186M,南福岡,FALSE,0:10:30,0:11:00
2186M,笹原,FALSE,0:13:45,0:14:15
2186M,竹下,FALSE,0:17:00,0:17:30
2186M,博多[7],FALSE,0:22:45,
4822M,江北[2],FALSE,,22:44:00
4822M,牛津,FALSE,22:49:15,22:49:45
4822M,久保田,FALSE,22:52:00,22:52:30
4822M,バルーンさが,TRUE,↓,22:53:30
4822M,鍋島,FALSE,22:55:45,22:56:15
4822M,佐賀,FALSE,22:58:30,22:59:00
4822M,伊賀屋,FALSE,23:02:45,23:03:15
4822M,神埼,FALSE,23:07:00,23:10:00
4822M,吉野ヶ里公園,FALSE,23:13:45,23:14:15
4822M,中原,FALSE,23:17:30,23:18:00
4822M,肥前麓,FALSE,23:21:45,23:22:15
4822M,新鳥栖,FALSE,23:24:00,23:24:30
4822M,鳥栖[2],FALSE,23:28:15,23:38:15
4822M,田代,FALSE,23:40:00,23:40:30
4822M,弥生が丘,FALSE,23:42:45,23:43:15
4822M,基山,FALSE,23:45:00,23:45:30
4822M,けやき台,FALSE,23:47:45,23:48:15
4822M,原田,FALSE,23:50:00,23:50:30
4822M,天拝山,FALSE,23:54:15,23:54:45
4822M,二日市,FALSE,23:56:30,23:57:00
4822M,都府楼南,FALSE,23:59:15,23:59:45
4822M,大宰府（信）,TRUE,↓,0:00:15
4822M,水城,FALSE,0:02:30,0:03:00
4822M,大野城,FALSE,0:05:15,0:05:45
4822M,春日,FALSE,0:07:30,0:08:00
4822M,南福岡,FALSE,0:10:45,0:11:15
4822M,笹原,FALSE,0:13:30,0:14:00
4822M,竹下,FALSE,0:17:15,0:17:45
4822M,博多[7],FALSE,0:22:30,
325M,鳥栖[6],FALSE,,6:45:00
325M,肥前旭,FALSE,6:48:45,6:49:15
325M,久留米[3],FALSE,6:53:00,6:53:30
325M,荒木,FALSE,6:57:45,6:58:15
325M,西牟田,FALSE,7:01:00,7:01:30
325M,羽犬塚,FALSE,7:05:45,7:06:15
325M,筑後船小屋,FALSE,7:09:30,7:10:00
325M,瀬高,FALSE,7:13:15,7:13:45
325M,南瀬高,FALSE,7:16:30,7:17:00
325M,渡瀬,FALSE,7:20:45,7:21:15
325M,吉野,FALSE,7:24:00,7:24:30
325M,銀水,FALSE,7:27:15,7:27:45
325M,大牟田,FALSE,7:31:30,
5329M,鳥栖[3],FALSE,,7:24:00
5329M,肥前旭,FALSE,7:28:45,7:29:15
5329M,久留米[3],FALSE,7:32:00,7:32:30
5329M,荒木,FALSE,7:36:45,7:37:15
5329M,西牟田,FALSE,7:40:00,7:40:30
5329M,羽犬塚,FALSE,7:44:15,7:44:45
5329M,筑後船小屋,FALSE,7:48:00,7:48:30
5329M,瀬高,FALSE,7:51:15,7:51:45
5329M,南瀬高,FALSE,7:54:00,7:54:30
5329M,渡瀬,FALSE,7:58:15,7:58:45
5329M,吉野,FALSE,8:01:00,8:01:30
5329M,銀水,FALSE,8:04:45,8:05:15
5329M,大牟田,FALSE,8:08:00,8:10:00
5329M,荒尾,FALSE,8:14:45,8:15:15
5329M,南荒尾,FALSE,8:18:00,8:18:30
5329M,長洲,FALSE,8:23:15,8:23:45
5329M,大野下,FALSE,8:27:30,8:28:00
5329M,玉名,FALSE,8:32:15,8:32:45
5329M,肥後伊倉,FALSE,8:36:30,8:37:00
5329M,木葉,FALSE,8:40:45,8:41:15
5329M,田原坂,FALSE,8:44:30,8:45:00
5329M,植木,FALSE,8:49:15,8:49:45
5329M,西里,FALSE,8:53:00,8:53:30
5329M,崇城大学前,FALSE,8:56:45,8:57:15
5329M,上熊本,FALSE,8:59:30,9:00:00
5329M,熊本[3],FALSE,9:04:15,9:06:15
5329M,西熊本,FALSE,9:11:00,9:11:30
5329M,川尻,FALSE,9:14:45,9:15:15
5329M,富合,FALSE,9:18:30,9:19:00
5329M,宇土,FALSE,9:22:15,9:22:45
5329M,松橋,FALSE,9:26:00,9:26:30
5329M,小川,FALSE,9:31:45,9:32:15
5329M,有佐,FALSE,9:36:00,9:36:30
5329M,千丁,FALSE,9:40:15,9:40:45
5329M,新八代,FALSE,9:42:30,9:43:00
5329M,八代,FALSE,9:46:45,
331M,鳥栖[6],FALSE,,8:31:00
331M,肥前旭,FALSE,8:35:15,8:35:45
331M,久留米[1],FALSE,8:39:00,8:39:30
331M,荒木,FALSE,8:44:15,8:44:45
331M,西牟田,FALSE,8:47:30,8:48:00
331M,羽犬塚,FALSE,8:51:45,8:52:15
331M,筑後船小屋,FALSE,8:55:30,8:56:00
331M,瀬高,FALSE,8:58:45,8:59:15
331M,南瀬高,FALSE,9:01:30,9:02:00
331M,渡瀬,FALSE,9:05:45,9:06:15
331M,吉野,FALSE,9:08:30,9:09:00
331M,銀水,FALSE,9:12:15,9:12:45
331M,大牟田,FALSE,9:15:30,9:16:00
331M,荒尾,FALSE,9:20:45,
333M,鳥栖[4],FALSE,,9:05:00
333M,肥前旭,FALSE,9:08:45,9:09:15
333M,久留米[3],FALSE,9:12:30,9:13:00
333M,荒木,FALSE,9:17:15,9:17:45
333M,西牟田,FALSE,9:20:30,9:21:00
333M,羽犬塚,FALSE,9:24:45,9:25:15
333M,筑後船小屋,FALSE,9:28:00,9:28:30
333M,瀬高,FALSE,9:31:15,9:31:45
333M,南瀬高,FALSE,9:34:30,9:35:00
333M,渡瀬,FALSE,9:38:15,9:38:45
333M,吉野,FALSE,9:41:30,9:42:00
333M,銀水,FALSE,9:44:45,9:45:15
333M,大牟田,FALSE,9:48:30,9:49:00
333M,荒尾,FALSE,9:53:45,
4321M,鳥栖[2],FALSE,,9:31:00
4321M,肥前旭,TRUE,↓,9:33:45
4321M,久留米[3],FALSE,9:38:45,9:39:15
4321M,荒木,FALSE,9:43:00,9:43:30
4321M,西牟田,TRUE,↓,9:46:30
4321M,羽犬塚,FALSE,9:49:15,9:49:45
4321M,筑後船小屋,FALSE,9:53:00,9:53:30
4321M,瀬高,FALSE,9:56:15,9:56:45
4321M,南瀬高,TRUE,↓,9:59:15
4321M,渡瀬,TRUE,↓,10:01:00
4321M,吉野,TRUE,↓,10:02:30
4321M,銀水,TRUE,↓,10:05:00
4321M,大牟田,FALSE,10:07:00,10:09:00
4321M,荒尾,FALSE,10:13:15,10:13:45
4321M,南荒尾,FALSE,10:16:30,10:17:00
4321M,長洲,FALSE,10:21:15,10:21:45
4321M,大野下,FALSE,10:25:00,10:25:30
4321M,玉名,FALSE,10:29:45,10:30:15
4321M,肥後伊倉,FALSE,10:33:30,10:34:00
4321M,木葉,FALSE,10:37:45,10:38:15
4321M,田原坂,FALSE,10:41:30,10:42:00
4321M,植木,FALSE,10:45:45,10:46:15
4321M,西里,FALSE,10:49:30,10:50:00
4321M,崇城大学前,FALSE,10:53:15,10:53:45
4321M,上熊本,FALSE,10:55:30,10:56:00
4321M,熊本[3],FALSE,11:00:45,
335M,鳥栖[5],FALSE,,10:06:00
335M,肥前旭,FALSE,10:10:15,10:10:45
335M,久留米[3],FALSE,10:14:00,10:14:30
335M,荒木,FALSE,10:18:45,10:19:15
335M,西牟田,FALSE,10:22:00,10:22:30
335M,羽犬塚,FALSE,10:26:15,10:26:45
335M,筑後船小屋,FALSE,10:29:30,10:30:00
335M,瀬高,FALSE,10:32:45,10:33:15
335M,南瀬高,FALSE,10:36:00,10:36:30
335M,渡瀬,FALSE,10:39:45,10:40:15
335M,吉野,FALSE,10:43:00,10:43:30
335M,銀水,FALSE,10:46:15,10:46:45
335M,大牟田,FALSE,10:50:30,
1323M,鳥栖[3],FALSE,,10:33:00
1323M,肥前旭,TRUE,↓,10:35:45
1323M,久留米[3],FALSE,10:39:15,10:39:45
1323M,荒木,FALSE,10:43:30,10:44:00
1323M,西牟田,TRUE,↓,10:47:00
1323M,羽犬塚,FALSE,10:49:45,10:50:15
1323M,筑後船小屋,FALSE,10:53:30,10:54:00
1323M,瀬高,FALSE,10:56:45,10:57:15
1323M,南瀬高,TRUE,↓,10:59:45
1323M,渡瀬,TRUE,↓,11:01:30
1323M,吉野,TRUE,↓,11:03:00
1323M,銀水,TRUE,↓,11:05:30
1323M,大牟田,FALSE,11:07:30,11:08:00
1323M,荒尾,FALSE,11:12:45,
339M,鳥栖[6],FALSE,,11:10:00
339M,肥前旭,FALSE,11:14:15,11:14:45
339M,久留米[3],FALSE,11:18:00,11:18:30
339M,荒木,FALSE,11:22:45,11:23:15
339M,西牟田,FALSE,11:26:00,11:26:30
339M,羽犬塚,FALSE,11:30:15,11:30:45
339M,筑後船小屋,FALSE,11:33:30,11:34:00
339M,瀬高,FALSE,11:36:45,11:37:15
339M,南瀬高,FALSE,11:40:00,11:40:30
339M,渡瀬,FALSE,11:43:45,11:44:15
339M,吉野,FALSE,11:47:00,11:47:30
339M,銀水,FALSE,11:50:15,11:50:45
339M,大牟田,FALSE,11:53:30,11:54:00
339M,荒尾,FALSE,11:58:45,
341M,鳥栖[3],FALSE,,11:42:00
341M,肥前旭,FALSE,11:46:45,11:47:15
341M,久留米[3],FALSE,11:50:30,11:51:00
341M,荒木,FALSE,11:55:15,11:55:45
341M,西牟田,FALSE,11:58:30,11:59:00
341M,羽犬塚,FALSE,12:02:45,12:03:15
341M,筑後船小屋,FALSE,12:06:00,12:06:30
341M,瀬高,FALSE,12:09:15,12:09:45
341M,南瀬高,FALSE,12:12:30,12:13:00
341M,渡瀬,FALSE,12:16:15,12:16:45
341M,吉野,FALSE,12:19:30,12:20:00
341M,銀水,FALSE,12:22:45,12:23:15
341M,大牟田,FALSE,12:26:30,12:27:00
341M,荒尾,FALSE,12:31:45,
343M,鳥栖[2],FALSE,,12:09:00
343M,肥前旭,FALSE,12:13:15,12:13:45
343M,久留米[3],FALSE,12:17:00,12:17:30
343M,荒木,FALSE,12:21:45,12:22:15
343M,西牟田,FALSE,12:25:00,12:25:30
343M,羽犬塚,FALSE,12:29:15,12:29:45
343M,筑後船小屋,FALSE,12:32:30,12:33:00
343M,瀬高,FALSE,12:35:45,12:36:15
343M,南瀬高,FALSE,12:39:00,12:39:30
343M,渡瀬,FALSE,12:42:45,12:43:15
343M,吉野,FALSE,12:46:00,12:46:30
343M,銀水,FALSE,12:49:15,12:49:45
343M,大牟田,FALSE,12:52:30,12:53:00
343M,荒尾,FALSE,12:58:45,
345M,鳥栖[3],FALSE,,12:31:00
345M,肥前旭,FALSE,12:35:15,12:35:45
345M,久留米[3],FALSE,12:38:30,12:39:00
345M,荒木,FALSE,12:44:15,12:50:15
345M,西牟田,FALSE,12:54:00,12:54:30
345M,羽犬塚,FALSE,12:58:15,12:58:45
345M,筑後船小屋,FALSE,13:02:00,13:02:30
345M,瀬高,FALSE,13:05:15,13:05:45
345M,南瀬高,FALSE,13:08:30,13:09:00
345M,渡瀬,FALSE,13:12:15,13:12:45
345M,吉野,FALSE,13:15:30,13:16:00
345M,銀水,FALSE,13:18:45,13:19:15
345M,大牟田,FALSE,13:22:30,13:23:00
345M,荒尾,FALSE,13:27:45,
347M,鳥栖[2],FALSE,,13:09:00
347M,肥前旭,FALSE,13:13:45,13:14:15
347M,久留米[3],FALSE,13:17:30,13:18:00
347M,荒木,FALSE,13:22:15,13:22:45
347M,西牟田,FALSE,13:25:30,13:26:00
347M,羽犬塚,FALSE,13:29:45,13:30:15
347M,筑後船小屋,FALSE,13:33:30,13:34:00
347M,瀬高,FALSE,13:36:45,13:37:15
347M,南瀬高,FALSE,13:39:30,13:40:00
347M,渡瀬,FALSE,13:43:45,13:44:15
347M,吉野,FALSE,13:46:30,13:47:00
347M,銀水,FALSE,13:50:15,13:50:45
347M,大牟田,FALSE,13:53:30,13:54:00
347M,荒尾,FALSE,13:58:45,
349M,鳥栖[2],FALSE,,13:36:00
349M,肥前旭,FALSE,13:40:15,13:40:45
349M,久留米[3],FALSE,13:44:00,13:47:00
349M,荒木,FALSE,13:51:45,13:52:15
349M,西牟田,FALSE,13:55:00,13:55:30
349M,羽犬塚,FALSE,13:59:15,13:59:45
349M,筑後船小屋,FALSE,14:03:00,14:03:30
349M,瀬高,FALSE,14:06:15,14:06:45
349M,南瀬高,FALSE,14:09:00,14:09:30
349M,渡瀬,FALSE,14:13:15,14:13:45
349M,吉野,FALSE,14:16:00,14:16:30
349M,銀水,FALSE,14:19:45,14:20:15
349M,大牟田,FALSE,14:23:30,14:24:00
349M,荒尾,FALSE,14:28:45,
351M,鳥栖[2],FALSE,,14:10:00
351M,肥前旭,FALSE,14:14:15,14:14:45
351M,久留米[3],FALSE,14:18:00,14:18:30
351M,荒木,FALSE,14:22:45,14:23:15
351M,西牟田,FALSE,14:26:00,14:26:30
351M,羽犬塚,FALSE,14:30:15,14:30:45
351M,筑後船小屋,FALSE,14:33:30,14:34:00
351M,瀬高,FALSE,14:36:45,14:37:15
351M,南瀬高,FALSE,14:40:00,14:40:30
351M,渡瀬,FALSE,14:43:45,14:44:15
351M,吉野,FALSE,14:47:00,14:47:30
351M,銀水,FALSE,14:50:15,14:50:45
351M,大牟田,FALSE,14:53:30,14:54:00
351M,荒尾,FALSE,14:58:45,
355M,鳥栖[2],FALSE,,14:39:00
355M,肥前旭,FALSE,14:43:45,14:44:15
355M,久留米[3],FALSE,14:48:00,14:57:00
355M,荒木,FALSE,15:01:45,15:02:15
355M,西牟田,FALSE,15:05:00,15:05:30
355M,羽犬塚,FALSE,15:09:15,15:09:45
355M,筑後船小屋,FALSE,15:12:30,15:13:00
355M,瀬高,FALSE,15:15:45,15:16:15
355M,南瀬高,FALSE,15:19:00,15:19:30
355M,渡瀬,FALSE,15:22:45,15:23:15
355M,吉野,FALSE,15:26:00,15:26:30
355M,銀水,FALSE,15:29:15,15:29:45
355M,大牟田,FALSE,15:33:30,
5355M,鳥栖[2],FALSE,,15:10:00
5355M,肥前旭,FALSE,15:14:15,15:14:45
5355M,久留米[3],FALSE,15:17:30,15:18:00
5355M,荒木,FALSE,15:22:15,15:22:45
5355M,西牟田,FALSE,15:25:30,15:26:00
5355M,羽犬塚,FALSE,15:29:45,15:30:15
5355M,筑後船小屋,FALSE,15:33:30,15:34:00
5355M,瀬高,FALSE,15:36:45,15:37:15
5355M,南瀬高,FALSE,15:39:30,15:40:00
5355M,渡瀬,FALSE,15:43:45,15:44:15
5355M,吉野,FALSE,15:46:30,15:47:00
5355M,銀水,FALSE,15:49:45,15:50:15
5355M,大牟田,FALSE,15:53:30,15:54:00
5355M,荒尾,FALSE,15:57:45,15:58:15
5355M,南荒尾,FALSE,16:01:00,16:01:30
5355M,長洲,FALSE,16:05:45,16:06:15
5355M,大野下,FALSE,16:09:30,16:10:00
5355M,玉名,FALSE,16:14:15,16:14:45
5355M,肥後伊倉,FALSE,16:18:00,16:18:30
5355M,木葉,FALSE,16:22:15,16:22:45
5355M,田原坂,FALSE,16:25:30,16:26:00
5355M,植木,FALSE,16:30:15,16:30:45
5355M,西里,FALSE,16:34:00,16:34:30
5355M,崇城大学前,FALSE,16:37:45,16:38:15
5355M,上熊本,FALSE,16:40:30,16:41:00
5355M,熊本[3],FALSE,16:45:15,16:47:15
5355M,西熊本,FALSE,16:51:00,16:51:30
5355M,川尻,FALSE,16:53:45,16:54:15
5355M,富合,FALSE,16:57:00,16:57:30
5355M,宇土,FALSE,17:00:15,17:00:45
5355M,松橋,FALSE,17:04:30,17:05:00
5355M,小川,FALSE,17:09:45,17:10:15
5355M,有佐,FALSE,17:14:00,17:14:30
5355M,千丁,FALSE,17:18:15,17:18:45
5355M,新八代,FALSE,17:21:00,17:21:30
5355M,八代,FALSE,17:25:45,
357M,鳥栖[3],FALSE,,15:34:00
357M,肥前旭,FALSE,15:38:15,15:38:45
357M,久留米[3],FALSE,15:42:00,15:42:30
357M,荒木,FALSE,15:47:15,15:47:45
357M,西牟田,FALSE,15:50:30,15:51:00
357M,羽犬塚,FALSE,15:54:45,15:55:15
357M,筑後船小屋,FALSE,15:58:30,15:59:00
357M,瀬高,FALSE,16:01:45,16:02:15
357M,南瀬高,FALSE,16:05:00,16:05:30
357M,渡瀬,FALSE,16:08:45,16:09:15
357M,吉野,FALSE,16:12:00,16:12:30
357M,銀水,FALSE,16:15:45,16:16:15
357M,大牟田,FALSE,16:19:30,
359M,鳥栖[3],FALSE,,16:02:00
359M,肥前旭,FALSE,16:06:15,16:06:45
359M,久留米[3],FALSE,16:09:30,16:10:00
359M,荒木,FALSE,16:14:45,16:15:15
359M,西牟田,FALSE,16:18:00,16:18:30
359M,羽犬塚,FALSE,16:22:15,16:22:45
359M,筑後船小屋,FALSE,16:25:30,16:26:00
359M,瀬高,FALSE,16:28:45,16:29:15
359M,南瀬高,FALSE,16:32:00,16:32:30
359M,渡瀬,FALSE,16:35:45,16:36:15
359M,吉野,FALSE,16:39:00,16:39:30
359M,銀水,FALSE,16:42:15,16:42:45
359M,大牟田,FALSE,16:46:30,
5361M,鳥栖[2],FALSE,,16:36:00
5361M,肥前旭,FALSE,16:40:15,16:40:45
5361M,久留米[3],FALSE,16:44:00,16:44:30
5361M,荒木,FALSE,16:49:15,16:49:45
5361M,西牟田,FALSE,16:53:00,16:53:30
5361M,羽犬塚,FALSE,16:57:15,16:57:45
5361M,筑後船小屋,FALSE,17:01:00,17:01:30
5361M,瀬高,FALSE,17:04:15,17:04:45
5361M,南瀬高,FALSE,17:07:30,17:08:00
5361M,渡瀬,FALSE,17:11:45,17:12:15
5361M,吉野,FALSE,17:14:30,17:15:00
5361M,銀水,FALSE,17:18:15,17:18:45
5361M,大牟田,FALSE,17:21:00,17:23:00
5361M,荒尾,FALSE,17:27:45,17:28:15
5361M,南荒尾,FALSE,17:31:00,17:31:30
5361M,長洲,FALSE,17:35:45,17:36:15
5361M,大野下,FALSE,17:39:30,17:40:00
5361M,玉名,FALSE,17:44:15,17:44:45
5361M,肥後伊倉,FALSE,17:48:30,17:49:00
5361M,木葉,FALSE,17:52:45,17:53:15
5361M,田原坂,FALSE,17:56:30,17:57:00
5361M,植木,FALSE,18:01:15,18:01:45
5361M,西里,FALSE,18:06:00,18:06:30
5361M,崇城大学前,FALSE,18:10:15,18:10:45
5361M,上熊本,FALSE,18:13:00,18:13:30
5361M,熊本[3],FALSE,18:17:15,18:23:15
5361M,西熊本,FALSE,18:27:00,18:27:30
5361M,川尻,FALSE,18:29:45,18:30:15
5361M,富合,FALSE,18:33:30,18:34:00
5361M,宇土,FALSE,18:36:15,18:36:45
5361M,松橋,FALSE,18:40:30,18:41:00
5361M,小川,FALSE,18:45:45,18:46:15
5361M,有佐,FALSE,18:50:00,18:50:30
5361M,千丁,FALSE,18:54:15,18:54:45
5361M,新八代,FALSE,18:57:00,18:57:30
5361M,八代,FALSE,19:01:45,
363M,鳥栖[2],FALSE,,17:06:00
363M,肥前旭,FALSE,17:09:45,17:10:15
363M,久留米[3],FALSE,17:13:30,17:14:00
363M,荒木,FALSE,17:18:15,17:18:45
363M,西牟田,FALSE,17:21:30,17:22:00
363M,羽犬塚,FALSE,17:26:15,17:26:45
363M,筑後船小屋,FALSE,17:30:00,17:30:30
363M,瀬高,FALSE,17:33:15,17:33:45
363M,南瀬高,FALSE,17:36:30,17:37:00
363M,渡瀬,FALSE,17:40:45,17:41:15
363M,吉野,FALSE,17:44:00,17:44:30
363M,銀水,FALSE,17:47:45,17:48:15
363M,大牟田,FALSE,17:52:30,
367M,鳥栖[6],FALSE,,17:41:00
367M,肥前旭,FALSE,17:45:15,17:45:45
367M,久留米[3],FALSE,17:49:00,17:49:30
367M,荒木,FALSE,17:53:45,17:54:15
367M,西牟田,FALSE,17:57:00,17:57:30
367M,羽犬塚,FALSE,18:01:15,18:01:45
367M,筑後船小屋,FALSE,18:04:30,18:05:00
367M,瀬高,FALSE,18:07:45,18:08:15
367M,南瀬高,FALSE,18:11:00,18:11:30
367M,渡瀬,FALSE,18:14:45,18:15:15
367M,吉野,FALSE,18:18:00,18:18:30
367M,銀水,FALSE,18:21:15,18:21:45
367M,大牟田,FALSE,18:25:30,
371M,鳥栖[3],FALSE,,18:03:00
371M,肥前旭,FALSE,18:07:15,18:07:45
371M,久留米[3],FALSE,18:11:30,18:12:00
371M,荒木,FALSE,18:16:15,18:23:15
371M,西牟田,FALSE,18:26:00,18:26:30
371M,羽犬塚,FALSE,18:30:15,18:30:45
371M,筑後船小屋,FALSE,18:34:00,18:34:30
371M,瀬高,FALSE,18:37:15,18:37:45
371M,南瀬高,FALSE,18:40:00,18:40:30
371M,渡瀬,FALSE,18:44:15,18:44:45
371M,吉野,FALSE,18:47:00,18:47:30
371M,銀水,FALSE,18:50:45,18:51:15
371M,大牟田,FALSE,18:54:30,
375M,鳥栖[2],FALSE,,19:05:00
375M,肥前旭,FALSE,19:09:15,19:09:45
375M,久留米[3],FALSE,19:12:30,19:13:00
375M,荒木,FALSE,19:17:15,19:17:45
375M,西牟田,FALSE,19:20:30,19:21:00
375M,羽犬塚,FALSE,19:24:45,19:25:15
375M,筑後船小屋,FALSE,19:28:30,19:29:00
375M,瀬高,FALSE,19:31:45,19:32:15
375M,南瀬高,FALSE,19:34:30,19:35:00
375M,渡瀬,FALSE,19:38:45,19:39:15
375M,吉野,FALSE,19:41:30,19:42:00
375M,銀水,FALSE,19:45:15,19:45:45
375M,大牟田,FALSE,19:49:30,
379M,鳥栖[2],FALSE,,19:29:00
379M,肥前旭,FALSE,19:33:15,19:33:45
379M,久留米[3],FALSE,19:37:00,19:45:00
379M,荒木,FALSE,19:49:15,19:49:45
379M,西牟田,FALSE,19:52:30,19:53:00
379M,羽犬塚,FALSE,19:56:45,19:57:15
379M,筑後船小屋,FALSE,20:00:30,20:01:00
379M,瀬高,FALSE,20:03:45,20:04:15
379M,南瀬高,FALSE,20:06:30,20:07:00
379M,渡瀬,FALSE,20:10:45,20:11:15
379M,吉野,FALSE,20:13:30,20:14:00
379M,銀水,FALSE,20:17:15,20:17:45
379M,大牟田,FALSE,20:20:30,20:21:00
379M,荒尾,FALSE,20:25:45,
5365M,鳥栖[2],FALSE,,20:16:00
5365M,肥前旭,FALSE,20:19:45,20:20:15
5365M,久留米[3],FALSE,20:23:30,20:24:00
5365M,荒木,FALSE,20:28:45,20:29:15
5365M,西牟田,FALSE,20:32:30,20:33:00
5365M,羽犬塚,FALSE,20:36:45,20:37:15
5365M,筑後船小屋,FALSE,20:40:30,20:41:00
5365M,瀬高,FALSE,20:44:15,20:44:45
5365M,南瀬高,FALSE,20:47:00,20:47:30
5365M,渡瀬,FALSE,20:51:15,20:51:45
5365M,吉野,FALSE,20:54:00,20:54:30
5365M,銀水,FALSE,20:57:45,20:58:15
5365M,大牟田,FALSE,21:01:30,21:02:00
5365M,荒尾,FALSE,21:06:45,21:07:15
5365M,南荒尾,FALSE,21:10:00,21:10:30
5365M,長洲,FALSE,21:14:45,21:15:15
5365M,大野下,FALSE,21:19:00,21:19:30
5365M,玉名,FALSE,21:23:45,21:24:15
5365M,肥後伊倉,FALSE,21:28:00,21:28:30
5365M,木葉,FALSE,21:32:15,21:32:45
5365M,田原坂,FALSE,21:36:00,21:36:30
5365M,植木,FALSE,21:40:45,21:41:15
5365M,西里,FALSE,21:44:30,21:45:00
5365M,崇城大学前,FALSE,21:48:15,21:48:45
5365M,上熊本,FALSE,21:50:30,21:51:00
5365M,熊本[3],FALSE,21:54:15,22:00:15
5365M,西熊本,FALSE,22:03:30,22:04:00
5365M,川尻,FALSE,22:06:15,22:06:45
5365M,富合,FALSE,22:10:00,22:10:30
5365M,宇土,FALSE,22:12:45,22:13:15
5365M,松橋,FALSE,22:17:00,22:17:30
5365M,小川,FALSE,22:22:15,22:22:45
5365M,有佐,FALSE,22:26:30,22:27:00
5365M,千丁,FALSE,22:30:45,22:31:15
5365M,新八代,FALSE,22:33:30,22:34:00
5365M,八代,FALSE,22:37:45,
5369M,鳥栖[3],FALSE,,21:16:00
5369M,肥前旭,FALSE,21:20:45,21:21:15
5369M,久留米[3],FALSE,21:25:00,21:25:30
5369M,荒木,FALSE,21:29:45,21:30:15
5369M,西牟田,FALSE,21:33:00,21:33:30
5369M,羽犬塚,FALSE,21:37:15,21:37:45
5369M,筑後船小屋,FALSE,21:40:30,21:41:00
5369M,瀬高,FALSE,21:43:45,21:44:15
5369M,南瀬高,FALSE,21:47:00,21:47:30
5369M,渡瀬,FALSE,21:51:15,21:51:45
5369M,吉野,FALSE,21:54:00,21:54:30
5369M,銀水,FALSE,21:57:45,21:58:15
5369M,大牟田,FALSE,22:01:30,22:02:00
5369M,荒尾,FALSE,22:05:45,22:06:15
5369M,南荒尾,FALSE,22:09:30,22:10:00
5369M,長洲,FALSE,22:14:15,22:14:45
5369M,大野下,FALSE,22:18:00,22:18:30
5369M,玉名,FALSE,22:22:45,22:23:15
5369M,肥後伊倉,FALSE,22:26:30,22:27:00
5369M,木葉,FALSE,22:30:45,22:31:15
5369M,田原坂,FALSE,22:34:30,22:35:00
5369M,植木,FALSE,22:38:45,22:39:15
5369M,西里,FALSE,22:42:30,22:43:00
5369M,崇城大学前,FALSE,22:46:15,22:46:45
5369M,上熊本,FALSE,22:49:00,22:49:30
5369M,熊本[3],FALSE,22:53:15,23:16:15
5369M,西熊本,FALSE,23:20:30,23:21:00
5369M,川尻,FALSE,23:23:15,23:23:45
5369M,富合,FALSE,23:26:30,23:27:00
5369M,宇土,FALSE,23:29:45,23:30:15
5369M,松橋,FALSE,23:33:30,23:34:00
5369M,小川,FALSE,23:39:15,23:39:45
5369M,有佐,FALSE,23:43:30,23:44:00
5369M,千丁,FALSE,23:47:45,23:48:15
5369M,新八代,FALSE,23:50:00,23:50:30
5369M,八代,FALSE,23:54:45,
385M,鳥栖[3],FALSE,,21:52:00
385M,肥前旭,FALSE,21:55:45,21:56:15
385M,久留米[3],FALSE,21:59:30,22:00:00
385M,荒木,FALSE,22:04:15,22:04:45
385M,西牟田,FALSE,22:07:30,22:08:00
385M,羽犬塚,FALSE,22:11:45,22:12:15
385M,筑後船小屋,FALSE,22:15:00,22:15:30
385M,瀬高,FALSE,22:18:15,22:18:45
385M,南瀬高,FALSE,22:21:30,22:22:00
385M,渡瀬,FALSE,22:25:15,22:25:45
385M,吉野,FALSE,22:28:30,22:29:00
385M,銀水,FALSE,22:31:45,22:32:15
385M,大牟田,FALSE,22:35:00,22:41:00
385M,荒尾,FALSE,22:45:15,22:45:45
385M,南荒尾,FALSE,22:48:30,22:49:00
385M,長洲,FALSE,22:52:45,22:53:15
385M,大野下,FALSE,22:57:00,22:57:30
385M,玉名,FALSE,23:01:15,23:01:45
385M,肥後伊倉,FALSE,23:05:30,23:06:00
385M,木葉,FALSE,23:09:45,23:10:15
385M,田原坂,FALSE,23:13:30,23:14:00
385M,植木,FALSE,23:18:15,23:18:45
385M,西里,FALSE,23:22:00,23:22:30
385M,崇城大学前,FALSE,23:25:45,23:26:15
385M,上熊本,FALSE,23:28:00,23:28:30
385M,熊本[4],FALSE,23:32:45,
387M,鳥栖[3],FALSE,,22:22:00
387M,肥前旭,FALSE,22:26:15,22:26:45
387M,久留米[3],FALSE,22:30:00,22:30:30
387M,荒木,FALSE,22:34:45,22:35:15
387M,西牟田,FALSE,22:38:00,22:38:30
387M,羽犬塚,FALSE,22:42:15,22:42:45
387M,筑後船小屋,FALSE,22:45:30,22:46:00
387M,瀬高,FALSE,22:48:45,22:49:15
387M,南瀬高,FALSE,22:52:00,22:52:30
387M,渡瀬,FALSE,22:55:45,22:56:15
387M,吉野,FALSE,22:59:00,22:59:30
387M,銀水,FALSE,23:02:15,23:02:45
387M,大牟田,FALSE,23:05:30,
322M,大牟田,FALSE,,6:32:00
322M,銀水,FALSE,6:36:15,6:36:45
322M,吉野,FALSE,6:39:00,6:39:30
322M,渡瀬,FALSE,6:42:45,6:43:15
322M,南瀬高,FALSE,6:46:00,6:46:30
322M,瀬高,FALSE,6:49:45,6:50:15
322M,筑後船小屋,FALSE,6:52:30,6:53:00
322M,羽犬塚,FALSE,6:56:45,6:57:15
322M,西牟田,FALSE,7:00:30,7:01:00
322M,荒木,FALSE,7:04:15,7:04:45
322M,久留米[4],FALSE,7:08:30,7:09:00
322M,肥前旭,FALSE,7:12:45,7:13:15
322M,鳥栖[3],FALSE,7:17:30,
5324M,八代,FALSE,,6:44:00
5324M,新八代,FALSE,6:48:45,6:49:15
5324M,千丁,FALSE,6:51:00,6:51:30
5324M,有佐,FALSE,6:55:15,6:55:45
5324M,小川,FALSE,6:59:30,7:00:00
5324M,松橋,FALSE,7:05:15,7:05:45
5324M,宇土,FALSE,7:10:00,7:10:30
5324M,富合,FALSE,7:14:15,7:14:45
5324M,川尻,FALSE,7:18:00,7:18:30
5324M,西熊本,FALSE,7:21:15,7:21:45
5324M,熊本[6],FALSE,7:26:00,7:29:00
5324M,上熊本,FALSE,7:33:15,7:33:45
5324M,崇城大学前,FALSE,7:36:00,7:36:30
5324M,西里,FALSE,7:39:45,7:40:15
5324M,植木,FALSE,7:43:30,7:44:00
5324M,田原坂,FALSE,7:48:15,7:48:45
5324M,木葉,FALSE,7:52:00,7:52:30
5324M,肥後伊倉,FALSE,7:56:15,7:56:45
5324M,玉名,FALSE,7:59:30,8:00:00
5324M,大野下,FALSE,8:03:45,8:04:15
5324M,長洲,FALSE,8:08:00,8:08:30
5324M,南荒尾,FALSE,8:12:15,8:12:45
5324M,荒尾,FALSE,8:16:00,8:16:30
5324M,大牟田,FALSE,8:20:45,8:21:15
5324M,銀水,FALSE,8:24:00,8:24:30
5324M,吉野,FALSE,8:27:15,8:27:45
5324M,渡瀬,FALSE,8:30:00,8:30:30
5324M,南瀬高,FALSE,8:34:15,8:34:45
5324M,瀬高,FALSE,8:37:00,8:37:30
5324M,筑後船小屋,FALSE,8:40:15,8:40:45
5324M,羽犬塚,FALSE,8:44:00,8:44:30
5324M,西牟田,FALSE,8:48:15,8:48:45
5324M,荒木,FALSE,8:51:30,8:52:00
5324M,久留米[4],FALSE,8:56:45,8:57:15
5324M,肥前旭,FALSE,9:01:00,9:01:30
5324M,鳥栖[2],FALSE,9:06:45,
330M,大牟田,FALSE,,8:53:00
330M,銀水,FALSE,8:56:45,8:57:15
330M,吉野,FALSE,8:59:30,9:00:00
330M,渡瀬,FALSE,9:02:45,9:03:15
330M,南瀬高,FALSE,9:06:30,9:07:00
330M,瀬高,FALSE,9:09:45,9:10:15
330M,筑後船小屋,FALSE,9:12:30,9:13:00
330M,羽犬塚,FALSE,9:16:45,9:17:15
330M,西牟田,FALSE,9:21:00,9:21:30
330M,荒木,FALSE,9:24:45,9:25:15
330M,久留米[4],FALSE,9:29:30,9:30:00
330M,肥前旭,FALSE,9:33:45,9:34:15
330M,鳥栖[2],FALSE,9:38:30,
332M,熊本[4],FALSE,,8:30:00
332M,上熊本,FALSE,8:33:45,8:34:15
332M,崇城大学前,FALSE,8:36:00,8:36:30
332M,西里,FALSE,8:39:45,8:40:15
332M,植木,FALSE,8:43:30,8:44:00
332M,田原坂,FALSE,8:48:15,8:48:45
332M,木葉,FALSE,8:52:00,8:52:30
332M,肥後伊倉,FALSE,8:56:15,8:56:45
332M,玉名,FALSE,8:59:30,9:00:00
332M,大野下,FALSE,9:03:45,9:04:15
332M,長洲,FALSE,9:08:00,9:08:30
332M,南荒尾,FALSE,9:12:15,9:12:45
332M,荒尾,FALSE,9:15:30,9:16:00
332M,大牟田,FALSE,9:20:15,9:20:45
332M,銀水,FALSE,9:23:30,9:24:00
332M,吉野,FALSE,9:26:45,9:27:15
332M,渡瀬,FALSE,9:30:00,9:30:30
332M,南瀬高,FALSE,9:33:45,9:34:15
332M,瀬高,FALSE,9:37:00,9:37:30
332M,筑後船小屋,FALSE,9:40:15,9:40:45
332M,羽犬塚,FALSE,9:44:30,9:45:00
332M,西牟田,FALSE,9:49:45,9:50:15
332M,荒木,FALSE,9:53:00,9:53:30
332M,久留米[4],FALSE,9:58:45,9:59:15
332M,肥前旭,FALSE,10:02:30,10:03:00
332M,鳥栖[2],FALSE,10:07:45,
5332M,八代,FALSE,,9:09:00
5332M,新八代,FALSE,9:12:45,9:13:15
5332M,千丁,FALSE,9:15:00,9:15:30
5332M,有佐,FALSE,9:19:15,9:19:45
5332M,小川,FALSE,9:23:30,9:24:00
5332M,松橋,FALSE,9:29:15,9:29:45
5332M,宇土,FALSE,9:34:00,9:34:30
5332M,富合,FALSE,9:37:45,9:38:15
5332M,川尻,FALSE,9:41:00,9:41:30
5332M,西熊本,FALSE,9:43:45,9:44:15
5332M,熊本[6],FALSE,9:48:00,9:53:00
5332M,上熊本,FALSE,9:56:45,9:57:15
5332M,崇城大学前,FALSE,9:59:00,9:59:30
5332M,西里,FALSE,10:02:45,10:03:15
5332M,植木,FALSE,10:06:30,10:07:00
5332M,田原坂,FALSE,10:11:15,10:11:45
5332M,木葉,FALSE,10:15:00,10:15:30
5332M,肥後伊倉,FALSE,10:19:15,10:19:45
5332M,玉名,FALSE,10:22:30,10:23:00
5332M,大野下,FALSE,10:26:45,10:27:15
5332M,長洲,FALSE,10:31:00,10:31:30
5332M,南荒尾,FALSE,10:35:15,10:35:45
5332M,荒尾,FALSE,10:38:30,10:39:00
5332M,大牟田,FALSE,10:43:15,10:43:45
5332M,銀水,FALSE,10:46:30,10:47:00
5332M,吉野,FALSE,10:49:45,10:50:15
5332M,渡瀬,FALSE,10:53:00,10:53:30
5332M,南瀬高,FALSE,10:56:45,10:57:15
5332M,瀬高,FALSE,11:00:00,11:00:30
5332M,筑後船小屋,FALSE,11:03:15,11:03:45
5332M,羽犬塚,FALSE,11:07:00,11:07:30
5332M,西牟田,FALSE,11:11:15,11:11:45
5332M,荒木,FALSE,11:14:30,11:15:00
5332M,久留米[4],FALSE,11:19:15,11:19:45
5332M,肥前旭,FALSE,11:23:00,11:23:30
5332M,鳥栖[3],FALSE,11:27:45,
336M,大牟田,FALSE,,11:08:00
336M,銀水,FALSE,11:12:15,11:12:45
336M,吉野,FALSE,11:15:00,11:15:30
336M,渡瀬,FALSE,11:18:45,11:19:15
336M,南瀬高,FALSE,11:22:00,11:22:30
336M,瀬高,FALSE,11:25:45,11:26:15
336M,筑後船小屋,FALSE,11:28:30,11:29:00
336M,羽犬塚,FALSE,11:32:45,11:33:15
336M,西牟田,FALSE,11:36:30,11:37:00
336M,荒木,FALSE,11:40:15,11:40:45
336M,久留米[4],FALSE,11:45:30,11:46:00
336M,肥前旭,FALSE,11:49:45,11:50:15
336M,鳥栖[2],FALSE,11:54:30,
338M,荒尾,FALSE,,11:37:00
338M,大牟田,FALSE,11:41:15,11:41:45
338M,銀水,FALSE,11:44:30,11:45:00
338M,吉野,FALSE,11:47:45,11:48:15
338M,渡瀬,FALSE,11:51:00,11:51:30
338M,南瀬高,FALSE,11:54:45,11:55:15
338M,瀬高,FALSE,11:58:00,11:58:30
338M,筑後船小屋,FALSE,12:01:15,12:01:45
338M,羽犬塚,FALSE,12:05:00,12:05:30
338M,西牟田,FALSE,12:09:15,12:09:45
338M,荒木,FALSE,12:12:30,12:13:00
338M,久留米[4],FALSE,12:17:15,12:17:45
338M,肥前旭,FALSE,12:21:30,12:22:00
338M,鳥栖[3],FALSE,12:26:45,
340M,荒尾,FALSE,,12:06:00
340M,大牟田,FALSE,12:10:45,12:11:15
340M,銀水,FALSE,12:14:00,12:14:30
340M,吉野,FALSE,12:17:15,12:17:45
340M,渡瀬,FALSE,12:20:30,12:21:00
340M,南瀬高,FALSE,12:24:15,12:24:45
340M,瀬高,FALSE,12:27:30,12:28:00
340M,筑後船小屋,FALSE,12:30:45,12:31:15
340M,羽犬塚,FALSE,12:34:30,12:35:00
340M,西牟田,FALSE,12:39:15,12:39:45
340M,荒木,FALSE,12:42:30,12:43:00
340M,久留米[4],FALSE,12:48:15,12:48:45
340M,肥前旭,FALSE,12:51:30,12:52:00
340M,鳥栖[2],FALSE,12:56:45,
344M,荒尾,FALSE,,12:35:00
344M,大牟田,FALSE,12:40:15,12:40:45
344M,銀水,FALSE,12:43:30,12:44:00
344M,吉野,FALSE,12:46:45,12:47:15
344M,渡瀬,FALSE,12:49:30,12:50:00
344M,南瀬高,FALSE,12:53:45,12:54:15
344M,瀬高,FALSE,12:56:30,12:57:00
344M,筑後船小屋,FALSE,12:59:45,13:00:15
344M,羽犬塚,FALSE,13:03:30,13:04:00
344M,西牟田,FALSE,13:07:45,13:08:15
344M,荒木,FALSE,13:11:00,13:11:30
344M,久留米[4],FALSE,13:16:15,13:16:45
344M,肥前旭,FALSE,13:19:30,13:20:00
344M,鳥栖[2],FALSE,13:24:45,
346M,荒尾,FALSE,,13:02:00
346M,大牟田,FALSE,13:06:45,13:07:15
346M,銀水,FALSE,13:10:00,13:10:30
346M,吉野,FALSE,13:13:15,13:13:45
346M,渡瀬,FALSE,13:16:30,13:17:00
346M,南瀬高,FALSE,13:20:15,13:20:45
346M,瀬高,FALSE,13:23:30,13:24:00
346M,筑後船小屋,FALSE,13:26:45,13:27:15
346M,羽犬塚,FALSE,13:30:30,13:31:00
346M,西牟田,FALSE,13:34:45,13:35:15
346M,荒木,FALSE,13:38:00,13:38:30
346M,久留米[4],FALSE,13:42:45,13:43:15
346M,肥前旭,FALSE,13:46:30,13:47:00
346M,鳥栖[2],FALSE,13:51:45,
348M,荒尾,FALSE,,13:38:00
348M,大牟田,FALSE,13:42:45,13:43:15
348M,銀水,FALSE,13:46:30,13:47:00
348M,吉野,FALSE,13:49:45,13:50:15
348M,渡瀬,FALSE,13:52:30,13:53:00
348M,南瀬高,FALSE,13:56:45,13:57:15
348M,瀬高,FALSE,13:59:30,14:00:00
348M,筑後船小屋,FALSE,14:02:45,14:03:15
348M,羽犬塚,FALSE,14:06:30,14:07:00
348M,西牟田,FALSE,14:10:45,14:11:15
348M,荒木,FALSE,14:14:30,14:15:00
348M,久留米[4],FALSE,14:19:45,14:20:15
348M,肥前旭,FALSE,14:23:00,14:23:30
348M,鳥栖[2],FALSE,14:27:45,
350M,荒尾,FALSE,,14:04:00
350M,大牟田,FALSE,14:09:15,14:09:45
350M,銀水,FALSE,14:12:30,14:13:00
350M,吉野,FALSE,14:15:45,14:16:15
350M,渡瀬,FALSE,14:18:30,14:19:00
350M,南瀬高,FALSE,14:22:45,14:23:15
350M,瀬高,FALSE,14:25:30,14:26:00
350M,筑後船小屋,FALSE,14:28:45,14:29:15
350M,羽犬塚,FALSE,14:32:30,14:33:00
350M,西牟田,FALSE,14:36:45,14:37:15
350M,荒木,FALSE,14:40:00,14:40:30
350M,久留米[4],FALSE,14:45:15,14:45:45
350M,肥前旭,FALSE,14:48:30,14:49:00
350M,鳥栖[2],FALSE,14:53:45,
352M,荒尾,FALSE,,14:38:00
352M,大牟田,FALSE,14:42:45,14:43:15
352M,銀水,FALSE,14:46:00,14:46:30
352M,吉野,FALSE,14:49:15,14:49:45
352M,渡瀬,FALSE,14:52:30,14:53:00
352M,南瀬高,FALSE,14:56:15,14:56:45
352M,瀬高,FALSE,14:59:30,15:00:00
352M,筑後船小屋,FALSE,15:02:45,15:03:15
352M,羽犬塚,FALSE,15:06:30,15:07:00
352M,西牟田,FALSE,15:10:45,15:11:15
352M,荒木,FALSE,15:14:00,15:14:30
352M,久留米[4],FALSE,15:18:45,15:19:15
352M,肥前旭,FALSE,15:22:30,15:23:00
352M,鳥栖[3],FALSE,15:27:45,
354M,荒尾,FALSE,,15:06:00
354M,大牟田,FALSE,15:10:45,15:11:15
354M,銀水,FALSE,15:14:30,15:15:00
354M,吉野,FALSE,15:17:45,15:18:15
354M,渡瀬,FALSE,15:20:30,15:21:00
354M,南瀬高,FALSE,15:24:45,15:25:15
354M,瀬高,FALSE,15:27:30,15:28:00
354M,筑後船小屋,FALSE,15:30:45,15:31:15
354M,羽犬塚,FALSE,15:34:30,15:35:00
354M,西牟田,FALSE,15:38:45,15:39:15
354M,荒木,FALSE,15:42:00,15:42:30
354M,久留米[4],FALSE,15:47:15,15:47:45
354M,肥前旭,FALSE,15:51:00,15:51:30
354M,鳥栖[3],FALSE,15:55:45,
5350M,八代,FALSE,,13:58:00
5350M,新八代,FALSE,14:02:45,14:03:15
5350M,千丁,FALSE,14:05:00,14:05:30
5350M,有佐,FALSE,14:09:15,14:09:45
5350M,小川,FALSE,14:13:30,14:14:00
5350M,松橋,FALSE,14:19:15,14:19:45
5350M,宇土,FALSE,14:24:00,14:24:30
5350M,富合,FALSE,14:27:45,14:28:15
5350M,川尻,FALSE,14:31:00,14:31:30
5350M,西熊本,FALSE,14:33:45,14:34:15
5350M,熊本[6],FALSE,14:37:00,14:46:00
5350M,上熊本,FALSE,14:49:45,14:50:15
5350M,崇城大学前,FALSE,14:52:00,14:52:30
5350M,西里,FALSE,14:55:45,14:56:15
5350M,植木,FALSE,14:59:30,15:00:00
5350M,田原坂,FALSE,15:04:15,15:04:45
5350M,木葉,FALSE,15:07:30,15:08:00
5350M,肥後伊倉,FALSE,15:11:45,15:12:15
5350M,玉名,FALSE,15:15:30,15:16:00
5350M,大野下,FALSE,15:19:45,15:20:15
5350M,長洲,FALSE,15:23:30,15:24:00
5350M,南荒尾,FALSE,15:28:15,15:28:45
5350M,荒尾,FALSE,15:31:30,15:32:00
5350M,大牟田,FALSE,15:36:15,15:36:45
5350M,銀水,FALSE,15:40:00,15:40:30
5350M,吉野,FALSE,15:43:15,15:43:45
5350M,渡瀬,FALSE,15:46:30,15:47:00
5350M,南瀬高,FALSE,15:50:15,15:50:45
5350M,瀬高,FALSE,15:53:30,15:54:00
5350M,筑後船小屋,FALSE,15:56:45,15:57:15
5350M,羽犬塚,FALSE,16:00:30,16:01:00
5350M,西牟田,FALSE,16:05:15,16:05:45
5350M,荒木,FALSE,16:08:30,16:09:00
5350M,久留米[4],FALSE,16:13:45,16:14:15
5350M,肥前旭,FALSE,16:17:30,16:18:00
5350M,鳥栖[2],FALSE,16:22:45,
356M,熊本[6],FALSE,,15:23:00
356M,上熊本,FALSE,15:27:15,15:27:45
356M,崇城大学前,FALSE,15:29:30,15:30:00
356M,西里,FALSE,15:33:15,15:33:45
356M,植木,FALSE,15:37:00,15:37:30
356M,田原坂,FALSE,15:41:45,15:42:15
356M,木葉,FALSE,15:45:30,15:46:00
356M,肥後伊倉,FALSE,15:49:45,15:50:15
356M,玉名,FALSE,15:53:00,15:53:30
356M,大野下,FALSE,15:57:15,15:57:45
356M,長洲,FALSE,16:01:30,16:02:00
356M,南荒尾,FALSE,16:05:45,16:06:15
356M,荒尾,FALSE,16:09:00,16:09:30
356M,大牟田,FALSE,16:13:45,16:14:15
356M,銀水,FALSE,16:17:30,16:18:00
356M,吉野,FALSE,16:20:45,16:21:15
356M,渡瀬,FALSE,16:23:30,16:24:00
356M,南瀬高,FALSE,16:27:45,16:28:15
356M,瀬高,FALSE,16:30:30,16:31:00
356M,筑後船小屋,FALSE,16:33:45,16:34:15
356M,羽犬塚,FALSE,16:37:30,16:38:00
356M,西牟田,FALSE,16:41:45,16:42:15
356M,荒木,FALSE,16:45:00,16:45:30
356M,久留米[5],FALSE,16:50:45,16:51:15
356M,肥前旭,FALSE,16:54:30,16:55:00
356M,鳥栖[2],FALSE,16:59:45,
360M,大牟田,FALSE,,17:14:00
360M,銀水,FALSE,17:17:45,17:18:15
360M,吉野,FALSE,17:20:30,17:21:00
360M,渡瀬,FALSE,17:23:45,17:24:15
360M,南瀬高,FALSE,17:27:30,17:28:00
360M,瀬高,FALSE,17:30:45,17:31:15
360M,筑後船小屋,FALSE,17:33:30,17:34:00
360M,羽犬塚,FALSE,17:37:45,17:38:15
360M,西牟田,FALSE,17:41:30,17:42:00
360M,荒木,FALSE,17:45:15,17:45:45
360M,久留米[4],FALSE,17:50:00,17:50:30
360M,肥前旭,FALSE,17:53:45,17:54:15
360M,鳥栖[3],FALSE,17:58:30,
362M,大牟田,FALSE,,17:58:00
362M,銀水,FALSE,18:02:15,18:02:45
362M,吉野,FALSE,18:05:00,18:05:30
362M,渡瀬,FALSE,18:08:15,18:08:45
362M,南瀬高,FALSE,18:12:00,18:12:30
362M,瀬高,FALSE,18:15:15,18:15:45
362M,筑後船小屋,FALSE,18:18:00,18:18:30
362M,羽犬塚,FALSE,18:22:15,18:22:45
362M,西牟田,FALSE,18:26:00,18:26:30
362M,荒木,FALSE,18:29:45,18:30:15
362M,久留米[4],FALSE,18:34:30,18:35:00
362M,肥前旭,FALSE,18:38:45,18:39:15
362M,鳥栖[2],FALSE,18:43:30,
364M,大牟田,FALSE,,18:29:00
364M,銀水,FALSE,18:33:15,18:33:45
364M,吉野,FALSE,18:36:00,18:36:30
364M,渡瀬,FALSE,18:39:15,18:39:45
364M,南瀬高,FALSE,18:43:00,18:43:30
364M,瀬高,FALSE,18:46:15,18:46:45
364M,筑後船小屋,FALSE,18:49:00,18:49:30
364M,羽犬塚,FALSE,18:53:15,18:53:45
364M,西牟田,FALSE,18:57:00,18:57:30
364M,荒木,FALSE,19:00:45,19:01:15
364M,久留米[4],FALSE,19:05:30,19:06:00
364M,肥前旭,FALSE,19:09:15,19:09:45
364M,鳥栖[2],FALSE,19:13:30,
368M,大牟田,FALSE,,19:02:00
368M,銀水,FALSE,19:06:15,19:06:45
368M,吉野,FALSE,19:09:00,19:09:30
368M,渡瀬,FALSE,19:12:15,19:12:45
368M,南瀬高,FALSE,19:16:00,19:16:30
368M,瀬高,FALSE,19:19:15,19:19:45
368M,筑後船小屋,FALSE,19:22:30,19:23:00
368M,羽犬塚,FALSE,19:26:45,19:27:15
368M,西牟田,FALSE,19:31:00,19:31:30
368M,荒木,FALSE,19:35:15,19:35:45
368M,久留米[4],FALSE,19:40:00,19:42:00
368M,肥前旭,FALSE,19:45:45,19:46:15
368M,鳥栖[2],FALSE,19:49:30,
374M,大牟田,FALSE,,20:18:00
374M,銀水,FALSE,20:21:45,20:22:15
374M,吉野,FALSE,20:24:30,20:25:00
374M,渡瀬,FALSE,20:28:15,20:28:45
374M,南瀬高,FALSE,20:31:30,20:32:00
374M,瀬高,FALSE,20:35:15,20:35:45
374M,筑後船小屋,FALSE,20:38:00,20:38:30
374M,羽犬塚,FALSE,20:42:15,20:42:45
374M,西牟田,FALSE,20:46:00,20:46:30
374M,荒木,FALSE,20:49:45,20:50:15
374M,久留米[4],FALSE,20:54:00,20:54:30
374M,肥前旭,FALSE,20:58:15,20:58:45
374M,鳥栖[3],FALSE,21:02:30,
376M,荒尾,FALSE,,20:46:00
376M,大牟田,FALSE,20:50:15,20:58:15
376M,銀水,FALSE,21:02:00,21:02:30
376M,吉野,FALSE,21:05:15,21:05:45
376M,渡瀬,FALSE,21:08:00,21:08:30
376M,南瀬高,FALSE,21:12:15,21:12:45
376M,瀬高,FALSE,21:15:00,21:15:30
376M,筑後船小屋,FALSE,21:18:15,21:18:45
376M,羽犬塚,FALSE,21:22:00,21:22:30
376M,西牟田,FALSE,21:26:15,21:26:45
376M,荒木,FALSE,21:29:30,21:30:00
376M,久留米[4],FALSE,21:34:45,21:35:15
376M,肥前旭,FALSE,21:38:00,21:38:30
376M,鳥栖[3],FALSE,21:42:45,
378M,熊本[6],FALSE,,20:43:00
378M,上熊本,FALSE,20:47:15,20:47:45
378M,崇城大学前,FALSE,20:49:30,20:50:00
378M,西里,FALSE,20:53:15,20:53:45
378M,植木,FALSE,20:57:00,20:57:30
378M,田原坂,FALSE,21:01:45,21:02:15
378M,木葉,FALSE,21:05:00,21:05:30
378M,肥後伊倉,FALSE,21:09:15,21:09:45
378M,玉名,FALSE,21:13:00,21:13:30
378M,大野下,FALSE,21:17:15,21:17:45
378M,長洲,FALSE,21:21:30,21:22:00
378M,南荒尾,FALSE,21:25:45,21:26:15
378M,荒尾,FALSE,21:29:00,21:29:30
378M,大牟田,FALSE,21:33:45,21:34:15
378M,銀水,FALSE,21:37:00,21:37:30
378M,吉野,FALSE,21:40:15,21:40:45
378M,渡瀬,FALSE,21:43:30,21:44:00
378M,南瀬高,FALSE,21:47:15,21:47:45
378M,瀬高,FALSE,21:50:30,21:51:00
378M,筑後船小屋,FALSE,21:53:45,21:54:15
378M,羽犬塚,FALSE,21:57:30,21:58:00
378M,西牟田,FALSE,22:01:45,22:02:15
378M,荒木,FALSE,22:05:00,22:05:30
378M,久留米[4],FALSE,22:10:15,22:10:45
378M,肥前旭,FALSE,22:13:30,22:14:00
378M,鳥栖[3],FALSE,22:18:45,
4320M,八代,FALSE,,8:02:00
4320M,新八代,FALSE,8:05:45,8:06:15
4320M,千丁,FALSE,8:08:00,8:08:30
4320M,有佐,FALSE,8:12:15,8:12:45
4320M,小川,FALSE,8:17:00,8:17:30
4320M,松橋,FALSE,8:22:15,8:22:45
4320M,宇土,FALSE,8:27:00,8:27:30
4320M,富合,FALSE,8:31:15,8:31:45
4320M,川尻,FALSE,8:34:30,8:35:00
4320M,西熊本,FALSE,8:37:45,8:38:15
4320M,熊本[6],FALSE,8:42:00,8:45:00
4320M,上熊本,FALSE,8:49:15,8:49:45
4320M,崇城大学前,FALSE,8:51:30,8:52:00
4320M,西里,FALSE,8:55:15,8:55:45
4320M,植木,FALSE,8:59:00,8:59:30
4320M,田原坂,FALSE,9:03:45,9:04:15
4320M,木葉,FALSE,9:07:30,9:08:00
4320M,肥後伊倉,FALSE,9:11:45,9:12:15
4320M,玉名,FALSE,9:15:00,9:15:30
4320M,大野下,FALSE,9:19:15,9:19:45
4320M,長洲,FALSE,9:23:30,9:24:00
4320M,南荒尾,FALSE,9:27:45,9:28:15
4320M,荒尾,FALSE,9:31:30,9:32:00
4320M,大牟田,FALSE,9:36:45,9:37:15
4320M,銀水,TRUE,↓,9:39:45
4320M,吉野,TRUE,↓,9:41:15
4320M,渡瀬,TRUE,↓,9:43:00
4320M,南瀬高,TRUE,↓,9:45:30
4320M,瀬高,FALSE,9:47:30,9:48:00
4320M,筑後船小屋,FALSE,9:50:45,9:51:15
4320M,羽犬塚,FALSE,9:54:30,9:55:00
4320M,西牟田,TRUE,↓,9:58:00
4320M,荒木,FALSE,10:00:45,10:01:15
4320M,久留米[4],FALSE,10:05:30,10:06:00
4320M,肥前旭,TRUE,↓,10:08:45
4320M,鳥栖[3],FALSE,10:12:45,
8004D前,別府,FALSE,,
8004D前,東別府,TRUE,↓,
8004D前,西大分,TRUE,↓,
8004D前,大分,FALSE,,
8004D前,古国府,TRUE,↓,
8004D前,南大分,TRUE,↓,
8004D前,賀来,TRUE,↓,
8004D前,豊後国分,TRUE,↓,
8004D前,向之原,FALSE,,
8004D前,鬼瀬,TRUE,↓,
8004D前,小野屋,TRUE,↓,
8004D前,天神山,TRUE,↓,
8004D前,庄内,TRUE,↓,
8004D前,湯平,TRUE,↓,
8004D前,南由布,TRUE,↓,
8004D前,由布院,FALSE,,
8004D前,野矢,TRUE,↓,
8004D前,豊後中村,TRUE,↓,
8004D前,引治,TRUE,↓,
8004D前,恵良,TRUE,↓,
8004D前,豊後森,FALSE,,
8004D前,北山田,TRUE,↓,
8004D前,杉河内,TRUE,↓,
8004D前,天ヶ瀬,FALSE,,
8004D前,豊後中川,TRUE,↓,
8004D前,豊後三芳,TRUE,↓,
8004D前,日田,FALSE,,
8004D後,日田,FALSE,,
8004D後,光岡,TRUE,↓,
8004D後,夜明,TRUE,↓,
8004D後,筑後大石,TRUE,↓,
8004D後,うきは,TRUE,↓,
8004D後,筑後吉井,TRUE,↓,
8004D後,田主丸,TRUE,↓,
8004D後,筑後草野,TRUE,↓,
8004D後,善導寺,TRUE,↓,
8004D後,御井,TRUE,↓,
8004D後,久留米大学前,TRUE,↓,
8004D後,南久留米,TRUE,↓,
8004D後,久留米高校前,TRUE,↓,
8004D後,久留米,FALSE,,
8004D後,肥前旭,TRUE,↓,
8004D後,鳥栖,FALSE,,
8004D後,田代,TRUE,↓,
8004D後,弥生が丘,TRUE,↓,
8004D後,基山,TRUE,↓,
8004D後,けやき台,TRUE,↓,
8004D後,原田,TRUE,↓,
8004D後,天拝山,TRUE,↓,
8004D後,二日市,TRUE,↓,
8004D後,都府楼南,TRUE,↓,
8004D後,水城,TRUE,↓,
8004D後,大野城,TRUE,↓,
8004D後,春日,TRUE,↓,
8004D後,南福岡,TRUE,↓,
8004D後,笹原,TRUE,↓,
8004D後,竹下,TRUE,↓,
8004D後,博多,FALSE,,
2800M,鳥栖,FALSE,,
2800M,新鳥栖,FALSE,,
2800M,肥前麓,FALSE,,
2800M,中原,FALSE,,
2800M,吉野ヶ里公園,FALSE,,
2800M,神埼,FALSE,,
2800M,伊賀屋,FALSE,,
2801M,佐賀,FALSE,,
2802M,佐賀,FALSE,,
2802M,伊賀屋,FALSE,,
2802M,神埼,FALSE,,
2802M,吉野ヶ里公園,FALSE,,
2802M,中原,FALSE,,
2802M,肥前麓,FALSE,,
2802M,新鳥栖,FALSE,,
2802M,鳥栖,FALSE,,
